{"gradients/out.bias": {"_type": "histogram", "values": [1.0, 0.0, 0.0, 0.0, 0.0, 0.0, 0.0, 0.0, 0.0, 0.0, 0.0, 0.0, 0.0, 0.0, 0.0, 0.0, 0.0, 0.0, 0.0, 0.0, 0.0, 0.0, 0.0, 0.0, 0.0, 0.0, 0.0, 0.0, 1.0, 1.0, 0.0, 0.0, 2.0, 3.0, 1.0, 0.0, 0.0, 0.0, 0.0, 0.0, 0.0, 0.0, 0.0, 0.0, 0.0, 0.0, 0.0, 0.0, 0.0, 0.0, 0.0, 0.0, 0.0, 0.0, 0.0, 0.0, 0.0, 0.0, 0.0, 0.0, 0.0, 0.0, 0.0, 1.0], "bins": [-0.005105708725750446, -0.004946455825120211, -0.004787203390151262, -0.004627950489521027, -0.004468698054552078, -0.004309445153921843, -0.004150192718952894, -0.0039909398183226585, -0.0038316871505230665, -0.0036724344827234745, -0.0035131818149238825, -0.0033539291471242905, -0.003194676246494055, -0.0030354238115251064, -0.0028761709108948708, -0.0027169182430952787, -0.0025576655752956867, -0.0023984129074960947, -0.0022391602396965027, -0.0020799075718969107, -0.0019206547876819968, -0.0017614021198824048, -0.001602149335667491, -0.001442896667867899, -0.001283644000068307, -0.001124391332268715, -0.000965138606261462, -0.000805885880254209, -0.000646633212454617, -0.000487380544655025, -0.0003281278186477721, -0.00016887509264051914, -9.622890502214432e-06, 0.00014962980640120804, 0.0003088825033046305, 0.000468135200208053, 0.0006273878971114755, 0.0007866405649110675, 0.0009458932909183204, 0.0011051460169255733, 0.0012643986847251654, 0.0014236513525247574, 0.0015829040203243494, 0.0017421568045392632, 0.0019014094723388553, 0.0020606620237231255, 0.002219914924353361, 0.002379167592152953, 0.002538420259952545, 0.002697672927752137, 0.002856925595551729, 0.0030161782633513212, 0.0031754309311509132, 0.003334683831781149, 0.003493936499580741, 0.003653189167380333, 0.003812441835179925, 0.003971694502979517, 0.004130947403609753, 0.004290199838578701, 0.004449452739208937, 0.004608705174177885, 0.004767958074808121, 0.004927210509777069, 0.005086463410407305]}, "gradients/out.weight": {"_type": "histogram", "values": [1.0, 0.0, 0.0, 0.0, 1.0, 0.0, 1.0, 3.0, 1.0, 5.0, 1.0, 3.0, 6.0, 3.0, 4.0, 3.0, 7.0, 8.0, 9.0, 8.0, 8.0, 8.0, 18.0, 15.0, 21.0, 25.0, 22.0, 44.0, 86.0, 111.0, 280.0, 1423.0, 12816.0, 331.0, 104.0, 60.0, 48.0, 34.0, 20.0, 25.0, 17.0, 16.0, 8.0, 9.0, 10.0, 7.0, 10.0, 7.0, 4.0, 4.0, 2.0, 4.0, 5.0, 2.0, 3.0, 3.0, 2.0, 2.0, 0.0, 0.0, 1.0, 0.0, 0.0, 1.0], "bins": [-0.04162588715553284, -0.04033057019114494, -0.03903525322675705, -0.037739939987659454, -0.03644462302327156, -0.03514930605888367, -0.03385398909449577, -0.03255867213010788, -0.031263358891010284, -0.02996804192662239, -0.028672726824879646, -0.027377409860491753, -0.026082094758749008, -0.024786777794361115, -0.02349146082997322, -0.022196143865585327, -0.020900826901197433, -0.01960550993680954, -0.018310194835066795, -0.0170148778706789, -0.015719562768936157, -0.014424245804548264, -0.01312892884016037, -0.01183361280709505, -0.010538296774029732, -0.009242980740964413, -0.007947664707899094, -0.0066523477435112, -0.005357031710445881, -0.004061715677380562, -0.0027663991786539555, -0.001471082679927349, -0.00017576664686203003, 0.0011195496190339327, 0.0024148658849298954, 0.003710182150825858, 0.005005498416721821, 0.00630081444978714, 0.007596130948513746, 0.008891447447240353, 0.010186763480305672, 0.01148207951337099, 0.01277739554643631, 0.014072712510824203, 0.015368028543889523, 0.01666334457695484, 0.017958661541342735, 0.01925397664308548, 0.020549293607473373, 0.021844610571861267, 0.02313992567360401, 0.024435242637991905, 0.02573055773973465, 0.027025874704122543, 0.028321191668510437, 0.02961650863289833, 0.030911823734641075, 0.03220713883638382, 0.03350245580077171, 0.03479777276515961, 0.0360930897295475, 0.037388406693935394, 0.03868371993303299, 0.03997903689742088, 0.04127435386180878]}, "gradients/conv2.0.weight": {"_type": "histogram", "values": [2.0, 0.0, 0.0, 0.0, 0.0, 3.0, 1.0, 0.0, 2.0, 2.0, 2.0, 3.0, 5.0, 5.0, 2.0, 5.0, 6.0, 4.0, 14.0, 10.0, 21.0, 25.0, 29.0, 32.0, 48.0, 55.0, 72.0, 93.0, 132.0, 155.0, 257.0, 343.0, 388.0, 599.0, 811.0, 1094.0, 1770.0, 3416.0, 906.0, 617.0, 406.0, 335.0, 243.0, 174.0, 152.0, 118.0, 110.0, 71.0, 55.0, 39.0, 38.0, 23.0, 23.0, 17.0, 12.0, 10.0, 11.0, 13.0, 5.0, 6.0, 5.0, 2.0, 1.0, 2.0], "bins": [-0.016312552616000175, -0.015874313190579414, -0.015436071902513504, -0.014997832477092743, -0.014559592120349407, -0.014121351763606071, -0.013683111406862736, -0.0132448710501194, -0.012806630693376064, -0.012368390336632729, -0.011930149979889393, -0.011491909623146057, -0.011053670197725296, -0.01061542984098196, -0.010177189484238625, -0.009738949127495289, -0.009300708770751953, -0.008862468414008617, -0.008424228057265282, -0.00798598863184452, -0.0075477478094398975, -0.007109507918357849, -0.006671267561614513, -0.006233027204871178, -0.0057947877794504166, -0.005356547422707081, -0.004918307531625032, -0.004480067174881697, -0.004041826818138361, -0.003603586694225669, -0.003165346570312977, -0.002727106213569641, -0.0022888658568263054, -0.0018506256164982915, -0.0014123853761702776, -0.0009741452522575855, -0.0005359050119295716, -9.766477160155773e-05, 0.00034057535231113434, 0.0007788157090544701, 0.0012170560657978058, 0.0016552963061258197, 0.0020935365464538336, 0.0025317766703665257, 0.0029700170271098614, 0.0034082571510225534, 0.0038464972749352455, 0.004284737631678581, 0.00472297752276063, 0.005161217879503965, 0.005599457770586014, 0.0060376981273293495, 0.006475938484072685, 0.006914178840816021, 0.007352418731898069, 0.007790659088641405, 0.008228898979723454, 0.00866713933646679, 0.009105379693210125, 0.00954362004995346, 0.009981859475374222, 0.010420099832117558, 0.010858340188860893, 0.011296580545604229, 0.011734820902347565]}, "gradients/conv2.0.bias": {"_type": "histogram", "values": [1.0, 0.0, 0.0, 0.0, 1.0, 0.0, 0.0, 1.0, 0.0, 0.0, 1.0, 1.0, 1.0, 0.0, 0.0, 0.0, 0.0, 0.0, 0.0, 0.0, 1.0, 1.0, 1.0, 1.0, 0.0, 1.0, 2.0, 0.0, 2.0, 0.0, 0.0, 3.0, 1.0, 1.0, 0.0, 0.0, 0.0, 1.0, 0.0, 0.0, 0.0, 0.0, 0.0, 1.0, 0.0, 1.0, 0.0, 0.0, 1.0, 1.0, 1.0, 1.0, 2.0, 0.0, 0.0, 0.0, 1.0, 0.0, 0.0, 0.0, 0.0, 0.0, 1.0, 1.0], "bins": [-0.004096378106623888, -0.0039826747961342335, -0.0038689710199832916, -0.003755267709493637, -0.003641564166173339, -0.0035278606228530407, -0.0034141570795327425, -0.0033004535362124443, -0.0031867502257227898, -0.0030730466824024916, -0.0029593431390821934, -0.002845639828592539, -0.0027319362852722406, -0.0026182327419519424, -0.0025045291986316442, -0.002390825655311346, -0.0022771223448216915, -0.0021634188015013933, -0.002049715258181095, -0.0019360118312761188, -0.0018223084043711424, -0.0017086048610508442, -0.001594901317730546, -0.0014811978908255696, -0.0013674942310899496, -0.0012537906877696514, -0.001140087260864675, -0.0010263837175443769, -0.0009126802906394005, -0.0007989767473191023, -0.000685273262206465, -0.0005715697770938277, -0.00045786635018885136, -0.0003441628650762141, -0.00023045936541166157, -0.00011675586574710906, -3.052380634471774e-06, 0.00011065113358199596, 0.00022435461869463325, 0.0003380581038072705, 0.0004517615307122469, 0.0005654650158248842, 0.0006791685009375215, 0.0007928720442578197, 0.000906575471162796, 0.0010202790144830942, 0.0011339825578033924, 0.0012476859847083688, 0.001361389528028667, 0.0014750930713489652, 0.0015887964982539415, 0.0017025000415742397, 0.001816203468479216, 0.0019299070117995143, 0.0020436104387044907, 0.002157313982024789, 0.002271017525345087, 0.0023847210686653852, 0.0024984246119856834, 0.002612127922475338, 0.002725831465795636, 0.0028395350091159344, 0.0029532385524362326, 0.0030669420957565308, 0.0031806454062461853]}, "gradients/conv1.0.weight": {"_type": "histogram", "values": [1.0, 0.0, 0.0, 0.0, 0.0, 1.0, 1.0, 0.0, 0.0, 1.0, 1.0, 1.0, 0.0, 1.0, 2.0, 0.0, 2.0, 2.0, 1.0, 1.0, 1.0, 2.0, 3.0, 0.0, 2.0, 3.0, 2.0, 3.0, 5.0, 1.0, 6.0, 3.0, 12.0, 13.0, 11.0, 14.0, 17.0, 12.0, 20.0, 24.0, 57.0, 21.0, 14.0, 11.0, 15.0, 21.0, 15.0, 14.0, 9.0, 15.0, 9.0, 5.0, 2.0, 6.0, 3.0, 4.0, 1.0, 1.0, 4.0, 1.0, 0.0, 1.0, 0.0, 2.0],