{"gradients/out.bias": {"_type": "histogram", "values": [1.0, 0.0, 0.0, 0.0, 0.0, 0.0, 0.0, 0.0, 0.0, 0.0, 0.0, 0.0, 0.0, 0.0, 0.0, 0.0, 0.0, 0.0, 0.0, 0.0, 0.0, 0.0, 0.0, 0.0, 0.0, 0.0, 0.0, 0.0, 0.0, 0.0, 0.0, 0.0, 0.0, 1.0, 0.0, 0.0, 0.0, 0.0, 0.0, 0.0, 2.0, 0.0, 0.0, 1.0, 1.0, 0.0, 0.0, 0.0, 0.0, 0.0, 0.0, 1.0, 0.0, 0.0, 0.0, 1.0, 0.0, 0.0, 0.0, 0.0, 0.0, 0.0, 1.0, 1.0], "bins": [-0.011039834469556808, -0.010787179693579674, -0.010534523986279964, -0.010281868278980255, -0.01002921350300312, -0.009776558727025986, -0.009523903019726276, -0.009271247312426567, -0.009018592536449432, -0.008765937760472298, -0.008513282053172588, -0.008260626345872879, -0.008007971569895744, -0.007755316328257322, -0.0075026610866189, -0.007250005844980478, -0.006997350603342056, -0.006744695361703634, -0.006492040120065212, -0.00623938487842679, -0.005986729636788368, -0.005734074395149946, -0.005481419153511524, -0.005228763911873102, -0.00497610867023468, -0.004723453428596258, -0.004470798186957836, -0.004218142945319414, -0.003965487703680992, -0.00371283246204257, -0.003460177220404148, -0.003207521978765726, -0.0029548658058047295, -0.0027022105641663074, -0.0024495553225278854, -0.0021969000808894634, -0.0019442448392510414, -0.0016915895976126194, -0.0014389343559741974, -0.0011862791143357754, -0.0009336238726973534, -0.0006809686310589314, -0.00042831338942050934, -0.00017565814778208733, 7.699709385633469e-05, 0.0003296523354947567, 0.0005823075771331787, 0.0008349628187716007, 0.0010876180604100227, 0.0013402733020484447, 0.0015929285436868668, 0.0018455837853252888, 0.002098239026963711, 0.002350894268602133, 0.002603549510240555, 0.002856204751878977, 0.003108859993517399, 0.003361515235155821, 0.003614170476794243, 0.003866825718432665, 0.004119480960071087, 0.004372136201709509, 0.004624791443347931, 0.004877446684986353, 0.005130101926624775]}, "gradients/out.weight": {"_type": "histogram", "values": [1.0, 0.0, 0.0, 0.0, 0.0, 0.0, 0.0, 2.0, 1.0, 3.0, 1.0, 2.0, 5.0, 8.0, 4.0, 0.0, 3.0, 1.0, 11.0, 5.0, 6.0, 6.0, 11.0, 11.0, 11.0, 14.0, 27.0, 24.0, 15.0, 15.0, 31.0, 32.0, 42.0, 47.0, 60.0, 70.0, 98.0, 149.0, 206.0, 451.0, 1461.0, 10400.0, 847.0, 533.0, 315.0, 217.0, 171.0, 116.0, 74.0, 35.0, 36.0, 18.0, 20.0, 18.0, 14.0, 6.0, 13.0, 4.0, 3.0, 0.0, 3.0, 1.0, 1.0, 1.0], "bins": [-0.08188074827194214, -0.07989521324634552, -0.0779096707701683, -0.07592413574457169, -0.07393860071897507, -0.07195306569337845, -0.06996752321720123, -0.06798198819160461, -0.065996453166008, -0.06401091814041138, -0.06202537938952446, -0.06003984063863754, -0.058054305613040924, -0.05606876686215401, -0.05408322811126709, -0.05209769308567047, -0.050112154334783554, -0.04812661558389664, -0.04614108055830002, -0.0441555418074131, -0.04217000678181648, -0.040184468030929565, -0.03819893300533295, -0.03621339425444603, -0.03422785550355911, -0.032242316752672195, -0.030256781727075577, -0.02827124297618866, -0.02628570795059204, -0.024300169199705124, -0.022314632311463356, -0.020329095423221588, -0.01834356039762497, -0.0163580235093832, -0.014372486621141434, -0.012386948801577091, -0.010401411913335323, -0.008415875025093555, -0.006430337205529213, -0.004444800317287445, -0.0024592652916908264, -0.0004737281706184149, 0.0015118089504539967, 0.003497346304357052, 0.00548288319259882, 0.007468420080840588, 0.00945395790040493, 0.011439494788646698, 0.013425033539533615, 0.015410570427775383, 0.01739610731601715, 0.019381646066904068, 0.021367181092500687, 0.023352719843387604, 0.02533825673162937, 0.02732379361987114, 0.029309330508112907, 0.031294867396354675, 0.03328040614724159, 0.03526594117283821, 0.03725147992372513, 0.03923701494932175, 0.041222553700208664, 0.04320809245109558, 0.0451936274766922]}, "gradients/conv2.0.weight": {"_type": "histogram", "values": [2.0, 0.0, 1.0, 0.0, 0.0, 0.0, 1.0, 0.0, 0.0, 0.0, 1.0, 1.0, 3.0, 2.0, 1.0, 5.0, 7.0, 9.0, 10.0, 6.0, 15.0, 14.0, 22.0, 22.0, 35.0, 62.0, 81.0, 109.0, 193.0, 234.0, 352.0, 535.0, 900.0, 1757.0, 4299.0, 1373.0, 811.0, 521.0, 368.0, 284.0, 220.0, 138.0, 120.0, 77.0, 42.0, 38.0, 30.0, 28.0, 17.0, 12.0, 8.0, 12.0, 5.0, 5.0, 5.0, 1.0, 1.0, 0.0, 1.0, 2.0, 1.0, 0.0, 0.0, 1.0], "bins": [-0.03400783613324165, -0.033017415553331375, -0.0320269912481308, -0.03103656880557537, -0.030046146363019943, -0.029055725783109665, -0.028065303340554237, -0.02707488089799881, -0.026084458455443382, -0.025094036012887955, -0.024103613570332527, -0.0231131911277771, -0.02212277054786682, -0.021132346242666245, -0.020141925662755966, -0.01915150322020054, -0.01816108077764511, -0.017170658335089684, -0.016180235892534256, -0.015189814381301403, -0.014199391938745975, -0.013208969496190548, -0.012218547984957695, -0.011228125542402267, -0.01023770309984684, -0.009247280657291412, -0.008256858214735985, -0.007266436703503132, -0.006276014260947704, -0.005285591818392277, -0.0042951698414981365, -0.0033047478646039963, -0.002314329147338867, -0.0013239069376140833, -0.0003334847278892994, 0.0006569374818354845, 0.0016473596915602684, 0.002637782134115696, 0.003628204111009836, 0.0046186260879039764, 0.005609048530459404, 0.0065994709730148315, 0.007589892949908972, 0.008580314926803112, 0.00957073736935854, 0.010561159811913967, 0.01155158132314682, 0.012542003765702248, 0.013532426208257675, 0.014522848650813103, 0.01551327109336853, 0.016503693535923958, 0.017494115978479385, 0.018484536558389664, 0.01947495900094509, 0.02046538144350052, 0.021455803886055946, 0.022446226328611374, 0.0234366487711668, 0.02442707121372223, 0.025417491793632507, 0.026407916098833084, 0.027398336678743362, 0.02838875912129879, 0.029379181563854218]}, "gradients/conv2.0.bias": {"_type": "histogram", "values": [2.0, 0.0, 0.0, 0.0, 2.0, 1.0, 1.0, 1.0, 0.0, 0.0, 0.0, 0.0, 0.0, 1.0, 0.0, 0.0, 0.0, 1.0, 1.0, 0.0, 1.0, 1.0, 0.0, 2.0, 0.0, 1.0, 1.0, 0.0, 0.0, 0.0, 0.0, 0.0, 0.0, 0.0, 0.0, 2.0, 1.0, 2.0, 1.0, 1.0, 0.0, 1.0, 1.0, 0.0, 0.0, 0.0, 0.0, 1.0, 0.0, 1.0, 0.0, 0.0, 0.0, 0.0, 0.0, 0.0, 1.0, 0.0, 1.0, 0.0, 1.0, 0.0, 1.0, 1.0], "bins": [-0.004009588155895472, -0.0038545625284314156, -0.0036995369009673595, -0.0035445112735033035, -0.0033894856460392475, -0.0032344600185751915, -0.0030794343911111355, -0.0029244087636470795, -0.0027693831361830235, -0.0026143575087189674, -0.0024593318812549114, -0.0023043062537908554, -0.0021492806263267994, -0.0019942549988627434, -0.0018392293713986874, -0.0016842037439346313, -0.0015291781164705753, -0.0013741524890065193, -0.0012191268615424633, -0.0010641012340784073, -0.0009090756066143513, -0.0007540499791502953, -0.0005990243516862392, -0.00044399872422218323, -0.0002889730967581272, -0.0001339474692940712, 2.1078158169984818e-05, 0.00017610378563404083, 0.00033112941309809685, 0.00048615504056215286, 0.0006411806680262089, 0.0007962062954902649, 0.0009512323886156082, 0.0011062580160796642, 0.0012612836435437202, 0.0014163092710077763, 0.0015713348984718323, 0.0017263605259358883, 0.0018813861533999443, 0.0020364117808640003, 0.0021914374083280563, 0.0023464630357921124, 0.0025014886632561684, 0.0026565142907202244, 0.0028115399181842804, 0.0029665655456483364, 0.0031215911731123924, 0.0032766168005764484, 0.0034316424280405045, 0.0035866680555045605, 0.0037416936829686165, 0.0038967193104326725, 0.0040517449378967285, 0.0042067705653607845, 0.0043617961928248405, 0.0045168218202888966, 0.004671847447752953, 0.004826873075217009, 0.004981898702681065, 0.005136924330145121, 0.005291949957609177, 0.005446975585073233, 0.005602001212537289, 0.005757026840001345, 0.005912052467465401]}, "gradients/conv1.0.weight": {"_type": "histogram", "values": [1.0, 1.0, 0.0, 0.0, 0.0, 0.0, 5.0, 0.0, 4.0, 2.0, 1.0, 1.0, 0.0, 0.0, 3.0, 5.0, 4.0, 5.0, 7.0, 6.0, 5.0, 6.0, 9.0, 8.0, 10.0, 5.0, 10.0, 5.0, 8.0, 14.0, 8.0, 10.0, 9.0, 8.0, 18.0, 55.0, 18.0, 8.0, 9.0, 11.0, 12.0, 13.0, 12.0, 18.0, 10.0, 5.0, 9.0, 9.0, 7.0, 4.0, 6.0, 2.0, 5.0, 2.0, 2.0, 0.0, 1.0, 1.0, 0.0, 2.0, 0.0, 0.0, 0.0, 1.0],