{"gradients/out.bias": {"_type": "histogram", "values": [1.0, 0.0, 0.0, 0.0, 0.0, 0.0, 0.0, 0.0, 0.0, 0.0, 0.0, 0.0, 0.0, 0.0, 0.0, 0.0, 0.0, 0.0, 0.0, 0.0, 0.0, 0.0, 0.0, 0.0, 0.0, 0.0, 0.0, 0.0, 0.0, 0.0, 0.0, 0.0, 0.0, 0.0, 0.0, 0.0, 0.0, 1.0, 0.0, 1.0, 1.0, 2.0, 1.0, 0.0, 1.0, 0.0, 0.0, 0.0, 0.0, 0.0, 0.0, 0.0, 0.0, 0.0, 0.0, 0.0, 0.0, 0.0, 1.0, 0.0, 0.0, 0.0, 0.0, 1.0], "bins": [-0.034693680703639984, -0.033845532685518265, -0.032997384667396545, -0.032149236649274826, -0.03130108863115311, -0.030452940613031387, -0.029604792594909668, -0.02875664457678795, -0.02790849655866623, -0.02706034854054451, -0.02621220052242279, -0.02536405250430107, -0.024515904486179352, -0.023667756468057632, -0.022819608449935913, -0.021971460431814194, -0.021123312413692474, -0.020275164395570755, -0.019427016377449036, -0.018578868359327316, -0.017730720341205597, -0.016882572323083878, -0.016034424304962158, -0.015186276286840439, -0.01433812826871872, -0.013489980250597, -0.01264183223247528, -0.011793684214353561, -0.010945536196231842, -0.010097388178110123, -0.009249240159988403, -0.008401092141866684, -0.007552944123744965, -0.006704796105623245, -0.005856648087501526, -0.0050085000693798065, -0.004160352051258087, -0.003312204033136368, -0.0024640560150146484, -0.001615907996892929, -0.0007677599787712097, 8.038803935050964e-05, 0.000928536057472229, 0.0017766840755939484, 0.0026248320937156677, 0.003472980111837387, 0.0043211281299591064, 0.005169276148080826, 0.006017424166202545, 0.0068655721843242645, 0.007713720202445984, 0.008561868220567703, 0.009410016238689423, 0.010258164256811142, 0.011106312274932861, 0.01195446029305458, 0.0128026083111763, 0.01365075632929802, 0.014498904347419739, 0.015347052365541458, 0.016195200383663177, 0.017043348401784897, 0.017891496419906616, 0.018739644438028336, 0.019587792456150055]}, "gradients/out.weight": {"_type": "histogram", "values": [2.0, 2.0, 0.0, 0.0, 0.0, 0.0, 2.0, 1.0, 1.0, 0.0, 0.0, 1.0, 4.0, 4.0, 5.0, 5.0, 6.0, 4.0, 4.0, 5.0, 11.0, 7.0, 9.0, 15.0, 16.0, 15.0, 20.0, 17.0, 32.0, 29.0, 41.0, 52.0, 48.0, 43.0, 72.0, 107.0, 156.0, 447.0, 11391.0, 1894.0, 423.0, 180.0, 146.0, 115.0, 63.0, 50.0, 58.0, 46.0, 31.0, 24.0, 13.0, 14.0, 7.0, 10.0, 7.0, 5.0, 4.0, 4.0, 2.0, 1.0, 3.0, 1.0, 1.0, 4.0], "bins": [-0.2420370727777481, -0.23580120503902435, -0.2295653223991394, -0.22332945466041565, -0.2170935720205307, -0.21085770428180695, -0.204621821641922, -0.19838595390319824, -0.1921500861644745, -0.18591421842575073, -0.17967833578586578, -0.17344246804714203, -0.16720658540725708, -0.16097071766853333, -0.15473484992980957, -0.14849896728992462, -0.14226308465003967, -0.13602721691131592, -0.12979133427143097, -0.12355546653270721, -0.11731958389282227, -0.11108371615409851, -0.10484784096479416, -0.09861196577548981, -0.09237609803676605, -0.0861402228474617, -0.07990434765815735, -0.0736684799194336, -0.06743259727954865, -0.06119672581553459, -0.05496085435152054, -0.048724979162216187, -0.042489081621170044, -0.03625320643186569, -0.03001733310520649, -0.023781459778547287, -0.017545584589242935, -0.011309709399938583, -0.00507383793592453, 0.0011620372533798218, 0.0073979198932647705, 0.013633794151246548, 0.019869668409228325, 0.026105541735887527, 0.03234141692519188, 0.03857729211449623, 0.044813163578510284, 0.051049038767814636, 0.05728490650653839, 0.06352078169584274, 0.0697566568851471, 0.07599252462387085, 0.0822284072637558, 0.08846427500247955, 0.0947001501917839, 0.10093602538108826, 0.10717190057039261, 0.11340777575969696, 0.11964365094900131, 0.12587952613830566, 0.13211539387702942, 0.13835127651691437, 0.14458714425563812, 0.15082302689552307, 0.15705889463424683]}, "gradients/conv2.0.weight": {"_type": "histogram", "values": [2.0, 0.0, 0.0, 2.0, 1.0, 1.0, 1.0, 4.0, 3.0, 7.0, 3.0, 7.0, 8.0, 9.0, 18.0, 7.0, 24.0, 17.0, 53.0, 82.0, 118.0, 192.0, 272.0, 429.0, 650.0, 1072.0, 4377.0, 2705.0, 841.0, 519.0, 325.0, 231.0, 154.0, 120.0, 97.0, 77.0, 67.0, 71.0, 48.0, 28.0, 37.0, 21.0, 20.0, 16.0, 14.0, 7.0, 6.0, 7.0, 6.0, 9.0, 4.0, 3.0, 3.0, 0.0, 1.0, 0.0, 1.0, 0.0, 0.0, 0.0, 1.0, 0.0, 1.0, 1.0], "bins": [-0.0828508511185646, -0.07977545261383057, -0.07670004665851593, -0.07362464815378189, -0.07054924219846725, -0.06747384369373322, -0.06439843773841858, -0.06132303923368454, -0.058247633278369904, -0.055172231048345566, -0.05209682881832123, -0.04902142658829689, -0.04594602435827255, -0.042870622128248215, -0.03979521989822388, -0.03671982139348984, -0.0336444191634655, -0.030569016933441162, -0.027493614703416824, -0.024418212473392487, -0.02134281024336815, -0.01826740801334381, -0.015192007645964622, -0.012116605415940285, -0.009041205048561096, -0.005965802818536758, -0.002890401054173708, 0.0001850007101893425, 0.0032604029402136803, 0.006335805170238018, 0.009411206468939781, 0.012486608698964119, 0.015562012791633606, 0.018637415021657944, 0.02171281725168228, 0.02478821948170662, 0.027863621711730957, 0.030939023941755295, 0.03401442617177963, 0.03708982467651367, 0.04016523063182831, 0.043240632861852646, 0.046316035091876984, 0.04939143732190132, 0.05246683955192566, 0.05554224178195, 0.058617644011974335, 0.061693042516708374, 0.06476844847202301, 0.06784384697675705, 0.07091925293207169, 0.07399465143680573, 0.07707005739212036, 0.0801454558968544, 0.08322086185216904, 0.08629626035690308, 0.08937165886163712, 0.09244705736637115, 0.09552246332168579, 0.09859786182641983, 0.10167326778173447, 0.1047486662864685, 0.10782407224178314, 0.11089947074651718, 0.11397487670183182]}, "gradients/conv2.0.bias": {"_type": "histogram", "values": [1.0, 1.0, 0.0, 0.0, 2.0, 1.0, 2.0, 2.0, 1.0, 1.0, 0.0, 2.0, 1.0, 0.0, 1.0, 3.0, 3.0, 1.0, 1.0, 1.0, 0.0, 0.0, 1.0, 0.0, 0.0, 0.0, 0.0, 1.0, 0.0, 0.0, 0.0, 0.0, 1.0, 0.0, 0.0, 1.0, 1.0, 1.0, 0.0, 0.0, 0.0, 0.0, 0.0, 0.0, 0.0, 0.0, 0.0, 0.0, 0.0, 0.0, 0.0, 0.0, 0.0, 0.0, 0.0, 0.0, 0.0, 0.0, 0.0, 0.0, 0.0, 1.0, 0.0, 1.0], "bins": [-0.01123323105275631, -0.01049683429300785, -0.009760437533259392, -0.009024040773510933, -0.008287644013762474, -0.007551247254014015, -0.006814850494265556, -0.0060784537345170975, -0.005342056974768639, -0.00460566021502018, -0.003869263455271721, -0.003132866695523262, -0.002396469935774803, -0.0016600731760263443, -0.0009236764162778854, -0.00018727965652942657, 0.0005491171032190323, 0.0012855138629674911, 0.00202191062271595, 0.002758307382464409, 0.0034947041422128677, 0.004231100901961327, 0.0049674976617097855, 0.005703894421458244, 0.006440291181206703, 0.007176687940955162, 0.007913084700703621, 0.00864948146045208, 0.009385878220200539, 0.010122274979948997, 0.010858671739697456, 0.011595068499445915, 0.012331467121839523, 0.013067863881587982, 0.013804260641336441, 0.0145406574010849, 0.015277054160833359, 0.016013450920581818, 0.016749847680330276, 0.017486244440078735, 0.018222641199827194, 0.018959037959575653, 0.019695434719324112, 0.02043183147907257, 0.02116822823882103, 0.02190462499856949, 0.022641021758317947, 0.023377418518066406, 0.024113815277814865, 0.024850212037563324, 0.025586608797311783, 0.02632300555706024, 0.0270594023168087, 0.02779579907655716, 0.02853219583630562, 0.029268592596054077, 0.030004989355802536, 0.030741386115550995, 0.031477782875299454, 0.03221417963504791, 0.03295057639479637, 0.03368697315454483, 0.03442336991429329, 0.03515976667404175, 0.03589616343379021]}, "gradients/conv1.0.weight": {"_type": "histogram", "values": [2.0, 1.0, 1.0, 0.0, 0.0, 1.0, 1.0, 1.0, 0.0, 1.0, 0.0, 2.0, 4.0, 5.0, 5.0, 5.0, 5.0, 4.0, 7.0, 8.0, 10.0, 9.0, 11.0, 15.0, 10.0, 23.0, 30.0, 53.0, 48.0, 18.0, 22.0, 15.0, 15.0, 10.0, 6.0, 3.0, 6.0, 6.0, 2.0, 3.0, 1.0, 7.0, 4.0, 5.0, 1.0, 2.0, 0.0, 0.0, 1.0, 0.0, 1.0, 2.0, 0.0, 2.0, 0.0, 0.0, 1.0, 1.0, 1.0, 1.0, 1.0, 0.0, 0.0, 1.0],