{"gradients/out.bias": {"_type": "histogram", "values": [1.0, 0.0, 0.0, 0.0, 0.0, 0.0, 0.0, 0.0, 0.0, 0.0, 0.0, 0.0, 0.0, 0.0, 0.0, 0.0, 0.0, 0.0, 1.0, 1.0, 0.0, 0.0, 0.0, 0.0, 0.0, 1.0, 0.0, 0.0, 2.0, 0.0, 1.0, 1.0, 0.0, 0.0, 0.0, 0.0, 1.0, 0.0, 0.0, 0.0, 0.0, 0.0, 0.0, 0.0, 0.0, 0.0, 0.0, 0.0, 0.0, 0.0, 0.0, 0.0, 0.0, 0.0, 0.0, 0.0, 0.0, 0.0, 0.0, 0.0, 0.0, 0.0, 0.0, 1.0], "bins": [-0.0001471003342885524, -0.00014190906949806958, -0.00013671780470758677, -0.00013152655446901917, -0.00012633528967853636, -0.00012114402488805354, -0.00011595276009757072, -0.00011076150258304551, -0.00010557024506852031, -0.00010037898027803749, -9.518772276351228e-05, -8.999645797302946e-05, -8.480520045850426e-05, -7.961393566802144e-05, -7.442267087753862e-05, -6.923141336301342e-05, -6.40401485725306e-05, -5.8848887420026585e-05, -5.3657626267522573e-05, -4.8466361477039754e-05, -4.327510396251455e-05, -3.808383917203173e-05, -3.289257801952772e-05, -2.7701316867023706e-05, -2.2510052076540887e-05, -1.7318790924036875e-05, -1.2127528862038162e-05, -6.936266800039448e-06, -1.7450056475354359e-06, 3.446255504968576e-06, 8.637518476461992e-06, 1.3828779628966004e-05, 1.902003714349121e-05, 2.421129829599522e-05, 2.9402559448499233e-05, 3.459382423898205e-05, 3.9785081753507257e-05, 4.4976346543990076e-05, 5.016760769649409e-05, 5.53588688489981e-05, 6.0550126363523304e-05, 6.574139115400612e-05, 7.093264866853133e-05, 7.612391345901415e-05, 8.131517097353935e-05, 8.650643576402217e-05, 9.169770055450499e-05, 9.68889580690302e-05, 0.00010208022285951301, 0.00010727148764999583, 0.00011246274516452104, 0.00011765400995500386, 0.00012284527474548668, 0.00012803652498405427, 0.0001332277897745371, 0.0001384190545650199, 0.00014361031935550272, 0.00014880158414598554, 0.00015399284893646836, 0.00015918409917503595, 0.00016437536396551877, 0.0001695666287560016, 0.0001747578935464844, 0.00017994915833696723, 0.00018514040857553482]}, "gradients/out.weight": {"_type": "histogram", "values": [1.0, 0.0, 0.0, 0.0, 0.0, 1.0, 0.0, 1.0, 1.0, 2.0, 1.0, 2.0, 1.0, 4.0, 2.0, 3.0, 7.0, 7.0, 6.0, 3.0, 7.0, 11.0, 10.0, 22.0, 26.0, 45.0, 64.0, 87.0, 134.0, 196.0, 365.0, 13290.0, 733.0, 244.0, 125.0, 69.0, 47.0, 31.0, 32.0, 14.0, 15.0, 12.0, 10.0, 8.0, 4.0, 7.0, 5.0, 6.0, 2.0, 3.0, 3.0, 2.0, 1.0, 2.0, 1.0, 1.0, 2.0, 0.0, 0.0, 1.0, 0.0, 0.0, 0.0, 1.0], "bins": [-0.001625895849429071, -0.0015745069831609726, -0.0015231180004775524, -0.001471729134209454, -0.0014203402679413557, -0.0013689514016732574, -0.001317562535405159, -0.0012661735527217388, -0.0012147846864536405, -0.001163395820185542, -0.001112006837502122, -0.0010606179712340236, -0.0010092291049659252, -0.0009578402386978269, -0.0009064513142220676, -0.0008550623897463083, -0.00080367352347821, -0.0007522846572101116, -0.0007008957327343524, -0.0006495068082585931, -0.0005981179419904947, -0.0005467290757223964, -0.0004953401512466371, -0.0004439512558747083, -0.0003925623605027795, -0.00034117346513085067, -0.00028978456975892186, -0.00023839567438699305, -0.00018700677901506424, -0.00013561788364313543, -8.422898827120662e-05, -3.2840092899277806e-05, 1.8548686057329178e-05, 6.993758142925799e-05, 0.0001213264768011868, 0.0001727153721731156, 0.00022410426754504442, 0.00027549316291697323, 0.00032688205828890204, 0.00037827095366083086, 0.00042965984903275967, 0.0004810487444046885, 0.0005324376397766173, 0.0005838265642523766, 0.0006352154305204749, 0.0006866042967885733, 0.0007379932212643325, 0.0007893821457400918, 0.0008407710120081902, 0.0008921598782762885, 0.0009435488027520478, 0.000994937727227807, 0.0010463265934959054, 0.0010977154597640038, 0.001149104442447424, 0.0012004933087155223, 0.0012518821749836206, 0.001303271041251719, 0.0013546599075198174, 0.0014060488902032375, 0.0014574377564713359, 0.0015088266227394342, 0.0015602156054228544, 0.0016116044716909528, 0.0016629933379590511]}, "gradients/conv2.0.weight": {"_type": "histogram", "values": [3.0, 1.0, 0.0, 1.0, 1.0, 4.0, 1.0, 3.0, 1.0, 4.0, 2.0, 7.0, 5.0, 10.0, 5.0, 6.0, 7.0, 5.0, 12.0, 16.0, 16.0, 17.0, 20.0, 25.0, 14.0, 35.0, 38.0, 60.0, 70.0, 82.0, 90.0, 122.0, 147.0, 198.0, 303.0, 434.0, 641.0, 1102.0, 3327.0, 2415.0, 1163.0, 706.0, 489.0, 325.0, 242.0, 179.0, 111.0, 82.0, 68.0, 45.0, 34.0, 33.0, 18.0, 12.0, 11.0, 6.0, 9.0, 3.0, 2.0, 6.0, 1.0, 3.0, 1.0, 1.0], "bins": [-0.0004504886455833912, -0.0004389373352751136, -0.0004273859958630055, -0.0004158346855547279, -0.00040428334614261985, -0.00039273203583434224, -0.00038118072552606463, -0.00036962941521778703, -0.00035807807580567896, -0.00034652676549740136, -0.0003349754260852933, -0.0003234241157770157, -0.0003118728054687381, -0.00030032146605663, -0.0002887701557483524, -0.00027721881633624434, -0.00026566750602796674, -0.00025411619571968913, -0.00024256485630758107, -0.00023101354599930346, -0.00021946222113911062, -0.0002079108962789178, -0.00019635958597064018, -0.00018480826111044735, -0.0001732569362502545, -0.00016170561139006168, -0.00015015428652986884, -0.00013860297622159123, -0.0001270516513613984, -0.00011550032650120556, -0.00010394900891697034, -9.239769133273512e-05, -8.084639557637274e-05, -6.929507071617991e-05, -5.7743753131944686e-05, -4.619243190973066e-05, -3.464111068751663e-05, -2.30897894653026e-05, -1.1538468243088573e-05, 1.284934114664793e-08, 1.1564174201339483e-05, 2.311549542355351e-05, 3.466681664576754e-05, 4.621813786798157e-05, 5.7769459090195596e-05, 6.932078395038843e-05, 8.087210153462365e-05, 9.242341911885887e-05, 0.00010397474397905171, 0.00011552606883924454, 0.00012707739369943738, 0.000138628704007715, 0.00015018002886790782, 0.00016173135372810066, 0.00017328266403637826, 0.0001848339888965711, 0.00019638531375676394, 0.00020793663861695677, 0.0002194879634771496, 0.0002310392737854272, 0.00024259059864562005, 0.0002541419235058129, 0.0002656932338140905, 0.0002772445441223681, 0.00028879588353447616]}, "gradients/conv2.0.bias": {"_type": "histogram", "values": [1.0, 0.0, 0.0, 0.0, 0.0, 0.0, 0.0, 0.0, 0.0, 0.0, 0.0, 0.0, 0.0, 0.0, 0.0, 0.0, 0.0, 0.0, 1.0, 0.0, 1.0, 0.0, 0.0, 0.0, 0.0, 1.0, 0.0, 0.0, 1.0, 1.0, 1.0, 2.0, 2.0, 1.0, 0.0, 1.0, 1.0, 2.0, 1.0, 0.0, 2.0, 0.0, 1.0, 1.0, 3.0, 1.0, 1.0, 0.0, 1.0, 0.0, 2.0, 0.0, 1.0, 0.0, 0.0, 0.0, 0.0, 0.0, 0.0, 0.0, 0.0, 1.0, 0.0, 1.0], "bins": [-0.000301101099466905, -0.00029315450228750706, -0.0002852079051081091, -0.00027726133703254163, -0.0002693147398531437, -0.00026136814267374575, -0.0002534215454943478, -0.00024547494831494987, -0.00023752836568746716, -0.00022958176850806922, -0.0002216351858805865, -0.00021368858870118856, -0.00020574199152179062, -0.0001977954088943079, -0.00018984881171490997, -0.00018190222908742726, -0.00017395563190802932, -0.00016600903472863138, -0.00015806245210114866, -0.00015011585492175072, -0.000142169272294268, -0.00013422267511487007, -0.00012627607793547213, -0.0001183294880320318, -0.00011038289812859148, -0.00010243630822515115, -9.448971832171082e-05, -8.654312114231288e-05, -7.859653123887256e-05, -7.064994133543223e-05, -6.270334415603429e-05, -5.4756754252593964e-05, -4.681014979723841e-05, -3.886355989379808e-05, -3.091696635237895e-05, -2.297037462994922e-05, -1.502378290751949e-05, -7.077193004079163e-06, 8.694005373399705e-07, 8.815994078759104e-06, 1.676258398219943e-05, 2.470917570462916e-05, 3.265576742705889e-05, 4.0602360968478024e-05, 4.854895087191835e-05, 5.649554077535868e-05, 6.444213795475662e-05, 7.238872785819694e-05, 8.033531776163727e-05, 8.82819076650776e-05, 9.622849756851792e-05, 0.00010417509474791586, 0.00011212168465135619, 0.00012006827455479652, 0.00012801487173419446, 0.00013596145436167717, 0.0001439080515410751, 0.00015185464872047305, 0.00015980123134795576, 0.0001677478285273537, 0.00017569441115483642, 0.00018364100833423436, 0.0001915876055136323, 0.00019953420269303024, 0.00020748078532051295]}, "gradients/conv1.0.weight": {"_type": "histogram",