{"gradients/out.bias": {"_type": "histogram", "values": [1.0, 0.0, 0.0, 0.0, 0.0, 0.0, 0.0, 0.0, 0.0, 0.0, 0.0, 0.0, 0.0, 0.0, 0.0, 0.0, 0.0, 0.0, 0.0, 0.0, 0.0, 0.0, 0.0, 0.0, 0.0, 1.0, 0.0, 1.0, 0.0, 0.0, 0.0, 2.0, 1.0, 1.0, 0.0, 0.0, 1.0, 0.0, 0.0, 1.0, 0.0, 0.0, 0.0, 0.0, 0.0, 0.0, 0.0, 0.0, 0.0, 0.0, 0.0, 0.0, 0.0, 0.0, 0.0, 0.0, 0.0, 0.0, 0.0, 0.0, 0.0, 0.0, 0.0, 1.0], "bins": [-0.007156597916036844, -0.006933354306966066, -0.0067101106978952885, -0.006486867088824511, -0.006263623479753733, -0.006040379870682955, -0.005817136261612177, -0.005593892652541399, -0.005370649043470621, -0.005147405434399843, -0.004924161825329065, -0.004700918216258287, -0.0044776746071875095, -0.004254430998116732, -0.004031187389045954, -0.003807943779975176, -0.003584700170904398, -0.00336145656183362, -0.003138212952762842, -0.0029149693436920643, -0.0026917257346212864, -0.0024684821255505085, -0.0022452385164797306, -0.0020219949074089527, -0.0017987512983381748, -0.001575507689267397, -0.001352264080196619, -0.0011290204711258411, -0.0009057768620550632, -0.0006825332529842854, -0.00045928964391350746, -0.00023604603484272957, -1.2801960110664368e-05, 0.00021044164896011353, 0.0004336852580308914, 0.0006569288671016693, 0.0008801724761724472, 0.001103416085243225, 0.001326659694314003, 0.0015499033033847809, 0.0017731469124555588, 0.0019963905215263367, 0.0022196341305971146, 0.0024428777396678925, 0.0026661213487386703, 0.0028893649578094482, 0.003112608566880226, 0.003335852175951004, 0.003559095785021782, 0.00378233939409256, 0.004005583003163338, 0.004228826612234116, 0.0044520702213048935, 0.004675313830375671, 0.004898557439446449, 0.005121801048517227, 0.005345044657588005, 0.005568288266658783, 0.005791531875729561, 0.006014775484800339, 0.006238019093871117, 0.0064612627029418945, 0.006684506312012672, 0.00690774992108345, 0.007130993530154228]}, "gradients/out.weight": {"_type": "histogram", "values": [1.0, 0.0, 1.0, 2.0, 0.0, 0.0, 2.0, 0.0, 1.0, 2.0, 5.0, 3.0, 3.0, 2.0, 4.0, 2.0, 2.0, 7.0, 5.0, 8.0, 6.0, 6.0, 7.0, 16.0, 8.0, 13.0, 18.0, 26.0, 42.0, 43.0, 57.0, 102.0, 139.0, 224.0, 723.0, 12718.0, 636.0, 293.0, 148.0, 112.0, 70.0, 50.0, 40.0, 25.0, 17.0, 19.0, 6.0, 9.0, 10.0, 4.0, 7.0, 9.0, 2.0, 4.0, 3.0, 7.0, 3.0, 1.0, 2.0, 1.0, 1.0, 1.0, 0.0, 2.0], "bins": [-0.051482558250427246, -0.05003095790743828, -0.04857935756444931, -0.04712775722146034, -0.045676156878471375, -0.04422455653548241, -0.04277295619249344, -0.04132135584950447, -0.0398697555065155, -0.038418155163526535, -0.03696655482053757, -0.0355149544775486, -0.03406335413455963, -0.03261175379157066, -0.031160153448581696, -0.029708553105592728, -0.02825695089995861, -0.026805350556969643, -0.025353750213980675, -0.023902149870991707, -0.02245054952800274, -0.02099894918501377, -0.019547346979379654, -0.018095746636390686, -0.016644146293401718, -0.01519254595041275, -0.013740945607423782, -0.012289345264434814, -0.010837744921445847, -0.009386144578456879, -0.007934543304145336, -0.006482942961156368, -0.005031343549489975, -0.003579743206501007, -0.0021281426306813955, -0.000676542054861784, 0.0007750582881271839, 0.002226658631116152, 0.003678259439766407, 0.005129859782755375, 0.006581459194421768, 0.008033059537410736, 0.009484659880399704, 0.010936260223388672, 0.01238786056637764, 0.013839460909366608, 0.01529106218367815, 0.016742661595344543, 0.01819426380097866, 0.01964586414396763, 0.021097464486956596, 0.022549064829945564, 0.024000665172934532, 0.0254522655159235, 0.026903867721557617, 0.028355468064546585, 0.029807068407535553, 0.03125866875052452, 0.03271026909351349, 0.03416186943650246, 0.035613469779491425, 0.03706507012248039, 0.03851667046546936, 0.03996827080845833, 0.041419871151447296]}, "gradients/conv2.0.weight": {"_type": "histogram", "values": [6.0, 3.0, 3.0, 4.0, 5.0, 5.0, 9.0, 10.0, 6.0, 10.0, 10.0, 19.0, 31.0, 23.0, 40.0, 45.0, 51.0, 81.0, 75.0, 94.0, 128.0, 150.0, 218.0, 269.0, 324.0, 423.0, 581.0, 792.0, 1065.0, 2379.0, 1988.0, 1211.0, 805.0, 496.0, 363.0, 255.0, 192.0, 137.0, 104.0, 99.0, 59.0, 49.0, 40.0, 29.0, 25.0, 19.0, 12.0, 9.0, 11.0, 11.0, 6.0, 5.0, 2.0, 3.0, 3.0, 1.0, 2.0, 1.0, 1.0, 0.0, 1.0, 0.0, 1.0, 1.0], "bins": [-0.009951352141797543, -0.009617128409445286, -0.009282905608415604, -0.008948681876063347, -0.00861445814371109, -0.008280234411358833, -0.007946011610329151, -0.007611787877976894, -0.007277564145624638, -0.006943340878933668, -0.006609117146581411, -0.006274893879890442, -0.005940670147538185, -0.005606446880847216, -0.005272223614156246, -0.004937999881803989, -0.00460377661511302, -0.0042695533484220505, -0.003935329616069794, -0.0036011063493788242, -0.0032668826170265675, -0.002932659350335598, -0.002598435850813985, -0.0022642123512923717, -0.0019299890846014023, -0.0015957655850797892, -0.001261542085558176, -0.0009273187024518847, -0.0005930952029302716, -0.0002588717034086585, 7.535167969763279e-05, 0.0004095751792192459, 0.0007437989115715027, 0.0010780224110931158, 0.001412245910614729, 0.0017464692937210202, 0.002080692909657955, 0.0024149161763489246, 0.0027491396758705378, 0.003083363175392151, 0.0034175869077444077, 0.0037518104072660208, 0.004086033906787634, 0.004420257173478603, 0.00475448090583086, 0.00508870417252183, 0.005422927439212799, 0.005757151171565056, 0.006091374438256025, 0.006425597704946995, 0.0067598214372992516, 0.007094044703990221, 0.007428268436342478, 0.007762491703033447, 0.008096715435385704, 0.00843093916773796, 0.008765161968767643, 0.0090993857011199, 0.009433608502149582, 0.009767832234501839, 0.010102055966854095, 0.010436279699206352, 0.010770502500236034, 0.011104726232588291, 0.011438949964940548]}, "gradients/conv2.0.bias": {"_type": "histogram", "values": [1.0, 0.0, 1.0, 0.0, 1.0, 1.0, 0.0, 0.0, 0.0, 0.0, 1.0, 0.0, 0.0, 0.0, 0.0, 1.0, 1.0, 0.0, 1.0, 0.0, 1.0, 0.0, 0.0, 3.0, 1.0, 0.0, 1.0, 0.0, 2.0, 2.0, 1.0, 1.0, 0.0, 2.0, 2.0, 0.0, 0.0, 0.0, 1.0, 1.0, 1.0, 1.0, 1.0, 0.0, 0.0, 0.0, 0.0, 1.0, 0.0, 0.0, 0.0, 1.0, 0.0, 0.0, 0.0, 0.0, 0.0, 0.0, 0.0, 0.0, 0.0, 0.0, 0.0, 1.0], "bins": [-0.0034019018057733774, -0.0032647622283548117, -0.0031276228837668896, -0.002990483306348324, -0.0028533439617604017, -0.002716204384341836, -0.002579065039753914, -0.002441925462335348, -0.0023047858849167824, -0.0021676463074982166, -0.0020305069629102945, -0.0018933673854917288, -0.0017562280409038067, -0.001619088463485241, -0.001481949002481997, -0.001344809541478753, -0.001207670196890831, -0.001070530735887587, -0.0009333912748843431, -0.0007962517556734383, -0.0006591122946701944, -0.0005219728336669505, -0.00038483331445604563, -0.0002476938534528017, -0.00011055427603423595, 2.6585199520923197e-05, 0.00016372467507608235, 0.00030086416518315673, 0.00043800362618640065, 0.0005751430871896446, 0.0007122826064005494, 0.0008494220674037933, 0.000986561644822359, 0.001123701105825603, 0.001260840566828847, 0.0013979801442474127, 0.0015351194888353348, 0.0016722590662539005, 0.0018093985272571445, 0.0019465379882603884, 0.0020836773328483105, 0.0022208169102668762, 0.0023579562548547983, 0.002495095832273364, 0.002632235176861286, 0.002769374754279852, 0.0029065143316984177, 0.0030436536762863398, 0.0031807932537049055, 0.0033179328311234713, 0.0034550721757113934, 0.003592211753129959, 0.003729351097717881, 0.003866490675136447, 0.004003630019724369, 0.004140769597142935, 0.0042779091745615005, 0.004415048751980066, 0.004552188329398632, 0.0046893274411559105, 0.004826467018574476, 0.004963606595993042, 0.005100746173411608, 0.0052378857508301735, 0.005375024862587452]}, "gradients/conv1.0.weight": {"_type": "histogram", "values": [2.0, 0.0, 0.0, 1.0, 1.0, 1.0, 2.0, 2.0, 4.0, 1.0, 3.0, 2.0, 1.0, 1.0, 4.0, 3.0, 6.0, 13.0, 8.0, 6.0, 7.0, 4.0, 11.0, 13.0, 13.0, 11.0, 18.0, 15.0, 19.0, 17.0, 22.0, 13.0, 24.0, 12.0, 16.0, 9.0, 12.0, 11.0, 13.0, 13.0, 13.0, 8.0, 9.0, 6.0, 6.0, 2.0, 6.0, 3.0, 0.0, 2.0, 0.0, 1.0, 1.0, 2.0, 0.0, 0.0, 1.0, 3.0, 2.0, 0.0, 0.0, 0.0, 0.0, 1.0],