{"gradients/out.bias": {"_type": "histogram", "values": [1.0, 0.0, 0.0, 0.0, 0.0, 0.0, 0.0, 0.0, 0.0, 0.0, 0.0, 0.0, 1.0, 0.0, 0.0, 0.0, 0.0, 0.0, 0.0, 0.0, 0.0, 0.0, 0.0, 0.0, 0.0, 0.0, 0.0, 0.0, 0.0, 0.0, 1.0, 0.0, 0.0, 0.0, 0.0, 0.0, 0.0, 0.0, 2.0, 1.0, 0.0, 0.0, 0.0, 0.0, 0.0, 1.0, 0.0, 0.0, 0.0, 0.0, 0.0, 0.0, 0.0, 1.0, 0.0, 0.0, 0.0, 0.0, 0.0, 0.0, 0.0, 0.0, 1.0, 1.0], "bins": [-0.008881618268787861, -0.008651068434119225, -0.008420518599450588, -0.008189967833459377, -0.007959417998790741, -0.007728868164122105, -0.007498318329453468, -0.007267768494784832, -0.007037218194454908, -0.006806668359786272, -0.006576118059456348, -0.006345568224787712, -0.006115018390119076, -0.005884468089789152, -0.005653918255120516, -0.005423367954790592, -0.005192818120121956, -0.0049622682854533195, -0.004731717985123396, -0.00450116815045476, -0.004270617850124836, -0.0040400680154562, -0.0038095181807875633, -0.0035789681132882833, -0.0033484180457890034, -0.0031178679782897234, -0.0028873179107904434, -0.002656768076121807, -0.002426218008622527, -0.002195667941123247, -0.001965118106454611, -0.0017345680389553308, -0.0015040179714560509, -0.001273467903956771, -0.0010429179528728127, -0.0008123679435811937, -0.0005818179342895746, -0.00035126786679029465, -0.0001207179157063365, 0.00010983203537762165, 0.0003403821028769016, 0.0005709321121685207, 0.0008014821214601398, 0.001032032072544098, 0.0012625821400433779, 0.0014931322075426579, 0.001723682158626616, 0.001954232109710574, 0.002184782177209854, 0.002415332244709134, 0.002645882312208414, 0.0028764321468770504, 0.0031069822143763304, 0.0033375322818756104, 0.0035680821165442467, 0.0037986321840435266, 0.004029182251542807, 0.004259732086211443, 0.004490282386541367, 0.004720832221210003, 0.004951382055878639, 0.005181932356208563, 0.005412482190877199, 0.005643032491207123, 0.005873582325875759]}, "gradients/out.weight": {"_type": "histogram", "values": [2.0, 1.0, 0.0, 2.0, 3.0, 2.0, 0.0, 2.0, 2.0, 1.0, 5.0, 4.0, 9.0, 5.0, 11.0, 13.0, 16.0, 14.0, 13.0, 12.0, 17.0, 20.0, 29.0, 41.0, 54.0, 69.0, 63.0, 76.0, 92.0, 122.0, 183.0, 349.0, 646.0, 9861.0, 2120.0, 664.0, 339.0, 166.0, 168.0, 110.0, 93.0, 63.0, 48.0, 42.0, 25.0, 21.0, 22.0, 13.0, 10.0, 9.0, 12.0, 5.0, 3.0, 1.0, 2.0, 1.0, 1.0, 0.0, 1.0, 1.0, 0.0, 0.0, 0.0, 1.0], "bins": [-0.07240848988294601, -0.0702647939324379, -0.06812110543251038, -0.06597740948200226, -0.06383371353149414, -0.06169002130627632, -0.0595463290810585, -0.057402633130550385, -0.05525893718004227, -0.05311524495482445, -0.05097154900431633, -0.04882785677909851, -0.04668416082859039, -0.044540468603372574, -0.042396776378154755, -0.04025308042764664, -0.03810938820242882, -0.035965695977211, -0.03382200002670288, -0.03167830780148506, -0.029534611850976944, -0.027390919625759125, -0.025247225537896156, -0.023103531450033188, -0.02095983922481537, -0.0188161451369524, -0.016672451049089432, -0.014528757892549038, -0.01238506380468607, -0.010241369716823101, -0.008097676560282707, -0.005953982472419739, -0.003810286521911621, -0.0016665926668792963, 0.0004771011881530285, 0.0026207948103547096, 0.004764488898217678, 0.0069081829860806465, 0.00905187614262104, 0.011195570230484009, 0.013339266180992126, 0.015482960268855095, 0.017626654356718063, 0.019770346581935883, 0.021914042532444, 0.02405773475766182, 0.026201428845524788, 0.028345122933387756, 0.030488815158605576, 0.032632507383823395, 0.03477620333433151, 0.03691989555954933, 0.03906359151005745, 0.04120728373527527, 0.043350979685783386, 0.045494671911001205, 0.047638364136219025, 0.049782056361436844, 0.05192575231194496, 0.05406944453716278, 0.0562131404876709, 0.05835683271288872, 0.06050052493810654, 0.06264422088861465, 0.06478791683912277]}, "gradients/conv2.0.weight": {"_type": "histogram", "values": [2.0, 0.0, 2.0, 2.0, 2.0, 2.0, 6.0, 7.0, 9.0, 12.0, 13.0, 17.0, 28.0, 28.0, 32.0, 44.0, 49.0, 67.0, 71.0, 111.0, 141.0, 223.0, 327.0, 523.0, 811.0, 1292.0, 4452.0, 1708.0, 904.0, 558.0, 348.0, 252.0, 185.0, 123.0, 86.0, 61.0, 64.0, 54.0, 38.0, 26.0, 22.0, 18.0, 18.0, 11.0, 8.0, 5.0, 9.0, 3.0, 6.0, 7.0, 1.0, 5.0, 2.0, 2.0, 0.0, 0.0, 0.0, 0.0, 0.0, 2.0, 0.0, 0.0, 0.0, 1.0], "bins": [-0.026193665340542793, -0.025212621316313744, -0.024231577292084694, -0.023250533267855644, -0.022269487380981445, -0.021288443356752396, -0.020307399332523346, -0.019326355308294296, -0.018345311284065247, -0.017364267259836197, -0.016383223235607147, -0.015402178280055523, -0.014421134255826473, -0.013440090231597424, -0.0124590452760458, -0.01147800125181675, -0.0104969572275877, -0.00951591320335865, -0.0085348691791296, -0.007553824223577976, -0.0065727801993489265, -0.005591736175119877, -0.00461069168522954, -0.003629647195339203, -0.002648603171110153, -0.0016675589140504599, -0.0006865146569907665, 0.0002945296000689268, 0.0012755738571286201, 0.00225661788135767, 0.003237662371248007, 0.004218706861138344, 0.005199749022722244, 0.006180793046951294, 0.007161837536841631, 0.008142882026731968, 0.009123926050961018, 0.010104970075190067, 0.011086015030741692, 0.012067059054970741, 0.013048103079199791, 0.01402914710342884, 0.01501019112765789, 0.01599123515188694, 0.01697228103876114, 0.01795332506299019, 0.01893436908721924, 0.019915413111448288, 0.020896457135677338, 0.021877501159906387, 0.022858545184135437, 0.023839589208364487, 0.024820633232593536, 0.025801677256822586, 0.026782723143696785, 0.027763767167925835, 0.028744811192154884, 0.029725855216383934, 0.030706899240612984, 0.03168794512748718, 0.03266898915171623, 0.03365003317594528, 0.03463107720017433, 0.03561212122440338, 0.03659316524863243]}, "gradients/conv2.0.bias": {"_type": "histogram", "values": [1.0, 0.0, 0.0, 1.0, 0.0, 0.0, 0.0, 1.0, 0.0, 0.0, 0.0, 0.0, 2.0, 0.0, 0.0, 0.0, 1.0, 0.0, 1.0, 0.0, 0.0, 0.0, 1.0, 1.0, 2.0, 3.0, 1.0, 0.0, 1.0, 2.0, 2.0, 0.0, 1.0, 0.0, 2.0, 0.0, 0.0, 0.0, 0.0, 1.0, 1.0, 1.0, 1.0, 0.0, 0.0, 0.0, 0.0, 1.0, 1.0, 0.0, 0.0, 1.0, 1.0, 0.0, 0.0, 0.0, 0.0, 0.0, 0.0, 0.0, 0.0, 0.0, 0.0, 1.0], "bins": [-0.005490039009600878, -0.005290953908115625, -0.005091868806630373, -0.004892784170806408, -0.0046936990693211555, -0.004494613967835903, -0.004295528866350651, -0.004096443764865398, -0.0038973591290414333, -0.003698274027556181, -0.0034991891589015722, -0.00330010405741632, -0.003101019188761711, -0.0029019340872764587, -0.0027028489857912064, -0.0025037641171365976, -0.0023046790156513453, -0.002105593914166093, -0.0019065090455114841, -0.0017074239440262318, -0.001508339075371623, -0.0013092539738863707, -0.00111016898881644, -0.0009110840037465096, -0.0007119989022612572, -0.0005129139171913266, -0.0003138289030175656, -0.0001147438888438046, 8.434109622612596e-05, 0.0002834261395037174, 0.000482511124573648, 0.0006815961096435785, 0.0008806809782981873, 0.0010797659633681178, 0.0012788509484380484, 0.0014779360499233007, 0.0016770209185779095, 0.0018761060200631618, 0.0020751911215484142, 0.002274275990203023, 0.0024733608588576317, 0.002672445960342884, 0.002871530828997493, 0.003070615930482745, 0.003269700799137354, 0.0034687859006226063, 0.0036678710021078587, 0.0038669558707624674, 0.004066040739417076, 0.0042651258409023285, 0.004464210942387581, 0.004663295578211546, 0.004862380679696798, 0.005061465781182051, 0.005260550882667303, 0.005459635518491268, 0.005658721085637808, 0.00585780618712306, 0.006056891288608313, 0.006255975924432278, 0.00645506102591753, 0.0066541461274027824, 0.006853231228888035, 0.007052316330373287, 0.007251400966197252]}, "gradients/conv1.0.weight": {"_type": "histogram", "values": [4.0, 2.0, 4.0, 6.0, 5.0, 1.0, 6.0, 4.0, 3.0, 7.0, 8.0, 8.0, 5.0, 7.0, 9.0, 11.0, 6.0, 7.0, 8.0, 14.0, 10.0, 10.0, 12.0, 50.0, 9.0, 3.0, 6.0, 7.0, 8.0, 3.0, 6.0, 5.0, 8.0, 14.0, 5.0, 11.0, 12.0, 14.0, 12.0, 11.0, 8.0, 6.0, 7.0, 5.0, 6.0, 7.0, 2.0, 3.0, 2.0, 0.0, 3.0, 1.0, 0.0, 1.0, 3.0, 1.0, 1.0, 0.0, 1.0, 1.0, 0.0, 0.0, 0.0, 1.0],