{"gradients/out.bias": {"_type": "histogram", "values": [1.0, 1.0, 0.0, 0.0, 0.0, 0.0, 0.0, 0.0, 0.0, 0.0, 0.0, 0.0, 0.0, 0.0, 0.0, 0.0, 0.0, 0.0, 0.0, 0.0, 0.0, 1.0, 1.0, 0.0, 0.0, 0.0, 0.0, 0.0, 1.0, 0.0, 0.0, 1.0, 0.0, 0.0, 0.0, 0.0, 0.0, 0.0, 0.0, 0.0, 0.0, 0.0, 0.0, 0.0, 0.0, 1.0, 0.0, 0.0, 1.0, 0.0, 0.0, 0.0, 0.0, 0.0, 0.0, 0.0, 0.0, 0.0, 0.0, 1.0, 0.0, 0.0, 0.0, 1.0], "bins": [-0.04509573057293892, -0.04370862618088722, -0.04232151806354523, -0.04093441367149353, -0.039547309279441833, -0.03816020488739014, -0.03677310049533844, -0.035385992377996445, -0.03399888798594475, -0.03261178359389305, -0.031224677339196205, -0.02983757108449936, -0.028450466692447662, -0.027063362300395966, -0.02567625604569912, -0.024289149791002274, -0.022902045398950577, -0.02151494100689888, -0.020127834752202034, -0.018740728497505188, -0.01735362410545349, -0.015966519713401794, -0.014579413458704948, -0.013192308135330677, -0.011805202811956406, -0.010418097488582134, -0.009030992165207863, -0.0076438868418335915, -0.00625678151845932, -0.004869676195085049, -0.0034825708717107773, -0.002095465548336506, -0.000708356499671936, 0.0006787488237023354, 0.0020658541470766068, 0.003452959470450878, 0.0048400647938251495, 0.006227170117199421, 0.007614275440573692, 0.009001380763947964, 0.010388486087322235, 0.011775591410696507, 0.013162696734070778, 0.01454980205744505, 0.01593690738081932, 0.017324011772871017, 0.018711118027567863, 0.02009822428226471, 0.021485328674316406, 0.022872433066368103, 0.02425953932106495, 0.025646645575761795, 0.027033749967813492, 0.02842085435986519, 0.029807960614562035, 0.03119506686925888, 0.03258217126131058, 0.033969275653362274, 0.03535638004541397, 0.036743488162755966, 0.03813059255480766, 0.03951769694685936, 0.040904805064201355, 0.04229190945625305, 0.04367901384830475]}, "gradients/out.weight": {"_type": "histogram", "values": [2.0, 0.0, 1.0, 0.0, 0.0, 0.0, 1.0, 1.0, 2.0, 4.0, 6.0, 4.0, 11.0, 5.0, 14.0, 13.0, 17.0, 23.0, 29.0, 34.0, 43.0, 46.0, 71.0, 91.0, 107.0, 142.0, 167.0, 198.0, 268.0, 383.0, 446.0, 625.0, 879.0, 1188.0, 4101.0, 2116.0, 1344.0, 979.0, 624.0, 444.0, 305.0, 258.0, 166.0, 130.0, 101.0, 69.0, 68.0, 34.0, 33.0, 17.0, 13.0, 15.0, 12.0, 11.0, 8.0, 3.0, 2.0, 2.0, 0.0, 2.0, 1.0, 0.0, 0.0, 1.0], "bins": [-0.034199051558971405, -0.03321268409490585, -0.0322263203561306, -0.031239952892065048, -0.030253585427999496, -0.029267219826579094, -0.02828085422515869, -0.02729448676109314, -0.026308119297027588, -0.025321753695607185, -0.024335386231541634, -0.02334902063012123, -0.02236265316605568, -0.021376287564635277, -0.020389921963214874, -0.019403554499149323, -0.01841718889772892, -0.017430823296308517, -0.016444455832242966, -0.015458090230822563, -0.014471722766757011, -0.013485357165336609, -0.012498990632593632, -0.011512624099850655, -0.010526258498430252, -0.009539891965687275, -0.008553525432944298, -0.007567159365862608, -0.006580792833119631, -0.005594426300376654, -0.004608060233294964, -0.0036216937005519867, -0.002635326236486435, -0.0016489598201587796, -0.0006625934038311243, 0.0003237728960812092, 0.0013101394288241863, 0.0022965059615671635, 0.0032828720286488533, 0.0042692385613918304, 0.005255606025457382, 0.006241972558200359, 0.0072283390909433365, 0.008214704692363739, 0.00920107215642929, 0.010187437757849693, 0.01117380429059267, 0.012160170823335648, 0.01314653642475605, 0.014132902957499027, 0.015119269490242004, 0.016105635091662407, 0.01709200255572796, 0.01807836815714836, 0.019064735621213913, 0.020051101222634315, 0.021037466824054718, 0.02202383242547512, 0.023010199889540672, 0.023996565490961075, 0.024982932955026627, 0.02596929855644703, 0.02695566415786743, 0.027942031621932983, 0.028928399085998535]}, "gradients/conv2.0.weight": {"_type": "histogram", "values": [2.0, 2.0, 5.0, 9.0, 5.0, 10.0, 22.0, 32.0, 29.0, 33.0, 70.0, 67.0, 118.0, 152.0, 191.0, 309.0, 455.0, 613.0, 839.0, 1103.0, 1529.0, 2215.0, 1949.0, 999.0, 621.0, 454.0, 296.0, 190.0, 137.0, 77.0, 71.0, 47.0, 32.0, 25.0, 19.0, 14.0, 12.0, 8.0, 7.0, 8.0, 5.0, 1.0, 4.0, 0.0, 2.0, 4.0, 0.0, 2.0, 1.0, 1.0, 0.0, 0.0, 1.0, 1.0, 0.0, 1.0, 0.0, 0.0, 0.0, 0.0, 0.0, 0.0, 0.0, 1.0], "bins": [-0.013314601965248585, -0.012708152644336224, -0.012101703323423862, -0.011495254002511501, -0.01088880468159914, -0.010282355360686779, -0.009675905108451843, -0.009069455787539482, -0.008463006466627121, -0.00785655714571476, -0.007250107824802399, -0.0066436585038900375, -0.006037209182977676, -0.005430759862065315, -0.004824310075491667, -0.004217860754579306, -0.003611411899328232, -0.0030049625784158707, -0.0023985132575035095, -0.0017920637037605047, -0.0011856143828481436, -0.0005791650619357824, 2.7284491807222366e-05, 0.0006337338127195835, 0.001240183599293232, 0.0018466329202055931, 0.0024530822411179543, 0.003059531794860959, 0.00366598111577332, 0.004272430203855038, 0.004878879990428686, 0.005485329311341047, 0.006091779097914696, 0.006698228418827057, 0.007304677739739418, 0.00791112706065178, 0.00851757638156414, 0.009124025702476501, 0.009730475023388863, 0.010336924344301224, 0.010943373665213585, 0.011549822986125946, 0.012156272307038307, 0.012762721627950668, 0.01336917094886303, 0.01397562026977539, 0.014582069590687752, 0.015188518911600113, 0.015794970095157623, 0.016401419416069984, 0.017007868736982346, 0.017614318057894707, 0.018220767378807068, 0.01882721669971943, 0.01943366602063179, 0.02004011534154415, 0.020646564662456512, 0.021253013983368874, 0.021859463304281235, 0.022465912625193596, 0.023072361946105957, 0.023678811267018318, 0.02428526058793068, 0.02489170990884304, 0.0254981592297554]}, "gradients/conv2.0.bias": {"_type": "histogram", "values": [1.0, 0.0, 0.0, 1.0, 0.0, 0.0, 0.0, 0.0, 2.0, 0.0, 0.0, 0.0, 0.0, 1.0, 0.0, 1.0, 0.0, 1.0, 0.0, 1.0, 1.0, 1.0, 1.0, 0.0, 1.0, 0.0, 2.0, 2.0, 0.0, 1.0, 1.0, 1.0, 3.0, 1.0, 0.0, 0.0, 2.0, 0.0, 1.0, 0.0, 0.0, 1.0, 1.0, 0.0, 1.0, 0.0, 0.0, 1.0, 0.0, 0.0, 0.0, 0.0, 0.0, 0.0, 0.0, 0.0, 0.0, 0.0, 0.0, 0.0, 0.0, 1.0, 0.0, 1.0], "bins": [-0.01473332941532135, -0.014278189279139042, -0.013823049142956734, -0.013367908075451851, -0.012912767939269543, -0.012457627803087234, -0.012002486735582352, -0.011547346599400043, -0.011092206463217735, -0.010637066327035427, -0.010181926190853119, -0.009726785123348236, -0.009271644987165928, -0.00881650485098362, -0.008361363783478737, -0.007906223647296429, -0.0074510835111141205, -0.006995943374931812, -0.006540802773088217, -0.006085662171244621, -0.005630522035062313, -0.005175381898880005, -0.004720241297036409, -0.004265100695192814, -0.0038099605590105057, -0.003354820189997554, -0.002899679820984602, -0.00244453945197165, -0.0019893990829586983, -0.0015342587139457464, -0.0010791183449327946, -0.0006239779759198427, -0.00016883667558431625, 0.0002863036934286356, 0.0007414440624415874, 0.0011965844314545393, 0.0016517248004674911, 0.002106865169480443, 0.002562005538493395, 0.0030171459075063467, 0.0034722862765192986, 0.003927426412701607, 0.004382567014545202, 0.004837707616388798, 0.005292847752571106, 0.005747987888753414, 0.00620312849059701, 0.006658269092440605, 0.007113409228622913, 0.0075685493648052216, 0.008023690432310104, 0.008478830568492413, 0.00893397070467472, 0.009389110840857029, 0.009844250977039337, 0.01029939204454422, 0.010754532180726528, 0.011209672316908836, 0.01166481338441372, 0.012119953520596027, 0.012575093656778336, 0.013030233792960644, 0.013485373929142952, 0.013940514996647835, 0.014395655132830143]}, "gradients/conv1.0.weight": {"_type": "histogram", "values": [1.0, 0.0, 0.0, 1.0, 0.0, 1.0, 0.0, 0.0, 1.0, 0.0, 0.0, 1.0, 0.0, 1.0, 0.0, 1.0, 3.0, 0.0, 4.0, 8.0, 6.0, 4.0, 14.0, 7.0, 6.0, 5.0, 12.0, 7.0, 10.0, 17.0, 11.0, 18.0, 15.0, 13.0, 15.0, 14.0, 8.0, 12.0, 18.0, 24.0, 13.0, 22.0, 18.0, 19.0, 14.0, 12.0, 6.0, 5.0, 7.0, 3.0, 1.0, 5.0, 1.0, 4.0, 1.0, 0.0, 2.0, 3.0, 1.0, 1.0, 1.0, 1.0, 1.0, 1.0],