{"gradients/out.bias": {"_type": "histogram", "values": [1.0, 1.0, 1.0, 1.0, 0.0, 0.0, 1.0, 0.0, 0.0, 0.0, 0.0, 0.0, 0.0, 0.0, 1.0, 1.0, 0.0, 0.0, 1.0, 0.0, 0.0, 0.0, 0.0, 0.0, 0.0, 0.0, 1.0, 0.0, 0.0, 0.0, 0.0, 0.0, 0.0, 0.0, 0.0, 0.0, 0.0, 0.0, 0.0, 0.0, 0.0, 0.0, 0.0, 0.0, 0.0, 0.0, 0.0, 0.0, 0.0, 0.0, 0.0, 0.0, 0.0, 0.0, 0.0, 0.0, 0.0, 0.0, 0.0, 0.0, 0.0, 0.0, 0.0, 1.0], "bins": [-0.001037586946040392, -0.0009688733262009919, -0.0009001597063615918, -0.0008314460865221918, -0.0007627324666827917, -0.0006940188468433917, -0.0006253052270039916, -0.0005565916071645916, -0.0004878779873251915, -0.00041916436748579144, -0.0003504507476463914, -0.00028173712780699134, -0.00021302350796759129, -0.00014430988812819123, -7.559626828879118e-05, -6.882648449391127e-06, 6.183097139000893e-05, 0.00013054459122940898, 0.00019925821106880903, 0.0002679718309082091, 0.00033668545074760914, 0.0004053990705870092, 0.00047411269042640924, 0.0005428263102658093, 0.0006115399301052094, 0.0006802535499446094, 0.0007489671697840095, 0.0008176807896234095, 0.0008863944094628096, 0.0009551080293022096, 0.0010238216491416097, 0.0010925352107733488, 0.0011612488888204098, 0.0012299625668674707, 0.0012986761284992099, 0.001367389690130949, 0.00143610336817801, 0.001504817046225071, 0.00157353060785681, 0.0016422441694885492, 0.0017109578475356102, 0.0017796715255826712, 0.0018483850872144103, 0.0019170986488461494, 0.0019858123268932104, 0.0020545260049402714, 0.0021232394501566887, 0.0021919531282037497, 0.0022606668062508106, 0.0023293804842978716, 0.0023980941623449326, 0.00246680760756135, 0.002535521285608411, 0.002604234963655472, 0.002672948408871889, 0.00274166208691895, 0.002810375764966011, 0.002879089443013072, 0.002947803121060133, 0.0030165165662765503, 0.0030852302443236113, 0.0031539439223706722, 0.0032226573675870895, 0.0032913710456341505, 0.0033600847236812115]}, "gradients/out.weight": {"_type": "histogram", "values": [1.0, 0.0, 0.0, 0.0, 0.0, 3.0, 1.0, 6.0, 1.0, 7.0, 1.0, 4.0, 6.0, 6.0, 9.0, 12.0, 18.0, 23.0, 23.0, 46.0, 49.0, 75.0, 121.0, 158.0, 242.0, 411.0, 610.0, 1465.0, 10221.0, 827.0, 397.0, 245.0, 169.0, 117.0, 81.0, 78.0, 49.0, 41.0, 34.0, 24.0, 14.0, 14.0, 11.0, 10.0, 8.0, 6.0, 5.0, 7.0, 7.0, 5.0, 5.0, 4.0, 0.0, 0.0, 1.0, 0.0, 1.0, 0.0, 0.0, 0.0, 0.0, 0.0, 0.0, 1.0], "bins": [-0.01888420432806015, -0.01821696013212204, -0.01754971593618393, -0.01688247174024582, -0.01621522568166256, -0.01554798148572445, -0.014880737289786339, -0.014213493093848228, -0.013546247966587543, -0.012879003770649433, -0.012211758643388748, -0.011544514447450638, -0.010877270251512527, -0.010210025124251842, -0.009542780928313732, -0.008875535801053047, -0.008208291605114937, -0.007541046943515539, -0.0068738022819161415, -0.006206558085978031, -0.0055393134243786335, -0.004872068762779236, -0.0042048245668411255, -0.003537579905241728, -0.002870336174964905, -0.002203091513365507, -0.0015358470845967531, -0.0008686026558279991, -0.00020135799422860146, 0.0004658866673707962, 0.0011331308633089066, 0.0018003755249083042, 0.0024676211178302765, 0.003134865779429674, 0.003802110208198428, 0.004469354636967182, 0.00513659929856658, 0.0058038439601659775, 0.006471088156104088, 0.0071383328177034855, 0.007805578410625458, 0.008472822606563568, 0.009140067733824253, 0.009807311929762363, 0.010474557057023048, 0.011141801252961159, 0.011809045448899269, 0.01247628964483738, 0.01314353384077549, 0.0138107780367136, 0.014478023163974285, 0.015145267359912395, 0.01581251248717308, 0.01647975668311119, 0.0171470008790493, 0.01781424507498741, 0.018481489270925522, 0.019148733466863632, 0.019815977662801743, 0.020483221858739853, 0.021150467917323112, 0.021817712113261223, 0.022484956309199333, 0.023152200505137444, 0.023819446563720703]}, "gradients/conv2.0.weight": {"_type": "histogram", "values": [1.0, 0.0, 0.0, 3.0, 3.0, 3.0, 4.0, 3.0, 2.0, 2.0, 7.0, 3.0, 9.0, 10.0, 12.0, 14.0, 12.0, 21.0, 24.0, 22.0, 32.0, 36.0, 47.0, 34.0, 49.0, 59.0, 60.0, 86.0, 102.0, 137.0, 177.0, 217.0, 326.0, 444.0, 652.0, 1027.0, 1625.0, 3348.0, 1722.0, 916.0, 522.0, 324.0, 203.0, 139.0, 91.0, 65.0, 46.0, 40.0, 33.0, 26.0, 14.0, 10.0, 8.0, 11.0, 5.0, 1.0, 1.0, 2.0, 3.0, 3.0, 1.0, 0.0, 0.0, 1.0], "bins": [-0.01034773513674736, -0.010071111842989922, -0.009794487617909908, -0.00951786432415247, -0.009241241030395031, -0.008964616805315018, -0.008687993511557579, -0.00841137021780014, -0.008134746924042702, -0.007858123630285263, -0.007581499870866537, -0.007304876111447811, -0.0070282528176903725, -0.0067516290582716465, -0.0064750052988529205, -0.006198382005095482, -0.005921757780015469, -0.005645134020596743, -0.005368510726839304, -0.005091886967420578, -0.004815263673663139, -0.004538639914244413, -0.004262016154825687, -0.003985392861068249, -0.0037087691016495228, -0.0034321455750614405, -0.003155522048473358, -0.002878898289054632, -0.00260227476246655, -0.0023256512358784676, -0.0020490274764597416, -0.0017724039498716593, -0.0014957799576222897, -0.0012191564310342073, -0.0009425327880308032, -0.00066590920323506, -0.00038928561843931675, -0.00011266209185123444, 0.0001639615511521697, 0.00044058519415557384, 0.0007172087207436562, 0.0009938322473317385, 0.0012704558903351426, 0.0015470795333385468, 0.001823703059926629, 0.0021003265865147114, 0.0023769503459334373, 0.0026535738725215197, 0.002930197399109602, 0.0032068209256976843, 0.0034834444522857666, 0.0037600682117044926, 0.0040366919711232185, 0.004313315264880657, 0.004589939024299383, 0.004866562783718109, 0.005143186077475548, 0.005419809836894274, 0.005696433130651712, 0.005973056890070438, 0.006249680183827877, 0.006526303943246603, 0.006802927702665329, 0.007079550996422768, 0.007356174755841494]}, "gradients/conv2.0.bias": {"_type": "histogram", "values": [1.0, 0.0, 0.0, 0.0, 0.0, 1.0, 0.0, 0.0, 0.0, 0.0, 0.0, 1.0, 0.0, 0.0, 0.0, 0.0, 0.0, 0.0, 0.0, 0.0, 0.0, 0.0, 0.0, 0.0, 0.0, 0.0, 0.0, 3.0, 0.0, 1.0, 0.0, 0.0, 1.0, 0.0, 1.0, 3.0, 1.0, 0.0, 4.0, 1.0, 1.0, 2.0, 0.0, 0.0, 0.0, 1.0, 1.0, 1.0, 2.0, 1.0, 1.0, 0.0, 0.0, 1.0, 0.0, 0.0, 1.0, 0.0, 0.0, 0.0, 0.0, 0.0, 1.0, 1.0], "bins": [-0.003441291395574808, -0.00335043016821146, -0.0032595691736787558, -0.0031687079463154078, -0.0030778469517827034, -0.0029869857244193554, -0.0028961244970560074, -0.002805263502523303, -0.0027144025079905987, -0.0026235412806272507, -0.0025326802860945463, -0.0024418190587311983, -0.002350958064198494, -0.002260096836835146, -0.002169235609471798, -0.0020783746149390936, -0.0019875133875757456, -0.0018966522766277194, -0.0018057911656796932, -0.0017149299383163452, -0.0016240689437836409, -0.0015332077164202929, -0.0014423466054722667, -0.0013514854945242405, -0.0012606242671608925, -0.0011697631562128663, -0.0010789020452648401, -0.0009880408179014921, -0.0008971797651611269, -0.0008063186542131007, -0.0007154574850574136, -0.0006245963741093874, -0.000533735379576683, -0.00044287426862865686, -0.00035201312857680023, -0.0002611519885249436, -0.0001702908775769174, -7.942976662889123e-05, 1.1431402526795864e-05, 0.00010229251347482204, 0.0001931535080075264, 0.0002840146189555526, 0.0003748757590074092, 0.00046573689905926585, 0.000556598010007292, 0.0006474591209553182, 0.0007383202901110053, 0.0008291814010590315, 0.0009200426284223795, 0.0010109037393704057, 0.0011017648503184319, 0.0011926260776817799, 0.0012834870722144842, 0.0013743482995778322, 0.0014652094105258584, 0.0015560705214738846, 0.0016469316324219108, 0.001737792743369937, 0.0018286538543179631, 0.0019195149652659893, 0.0020103761926293373, 0.0021012371871620417, 0.0021920984145253897, 0.002282959409058094, 0.002373820636421442]}, "gradients/conv1.0.weight": {"_type": "histogram",