{"gradients/out.bias": {"_type": "histogram", "values": [1.0, 0.0, 0.0, 0.0, 0.0, 0.0, 0.0, 0.0, 0.0, 0.0, 0.0, 0.0, 0.0, 0.0, 0.0, 0.0, 0.0, 0.0, 0.0, 0.0, 0.0, 0.0, 0.0, 2.0, 0.0, 0.0, 0.0, 0.0, 0.0, 1.0, 0.0, 1.0, 0.0, 0.0, 0.0, 0.0, 1.0, 0.0, 0.0, 0.0, 0.0, 0.0, 0.0, 0.0, 0.0, 0.0, 0.0, 0.0, 1.0, 0.0, 0.0, 1.0, 1.0, 0.0, 0.0, 0.0, 0.0, 0.0, 0.0, 0.0, 0.0, 0.0, 0.0, 1.0], "bins": [-0.0007831856491975486, -0.0007615202921442688, -0.000739854876883328, -0.0007181895198300481, -0.0006965241627767682, -0.0006748588057234883, -0.0006531933904625475, -0.0006315280334092677, -0.0006098626181483269, -0.000588197261095047, -0.0005665318458341062, -0.0005448664887808263, -0.0005232011317275465, -0.0005015357164666057, -0.0004798703594133258, -0.0004582050023600459, -0.00043653964530676603, -0.0004148742591496557, -0.0003932089020963758, -0.0003715435159392655, -0.0003498781588859856, -0.0003282127727288753, -0.00030654738657176495, -0.00028488202951848507, -0.0002632166142575443, -0.00024155124265234917, -0.00021988587104715407, -0.00019822048489004374, -0.00017655511328484863, -0.00015488974167965353, -0.0001332243555225432, -0.00011155898391734809, -8.989358320832253e-05, -6.822821160312742e-05, -4.65628327219747e-05, -2.489745384082198e-05, -3.2320822356268764e-06, 1.843328936956823e-05, 4.009867552667856e-05, 6.176404713187367e-05, 8.342938963323832e-05, 0.00010509476123843342, 0.00012676013284362853, 0.00014842551900073886, 0.00017009089060593396, 0.00019175626221112907, 0.0002134216483682394, 0.0002350870199734345, 0.00025675242068246007, 0.0002784178068395704, 0.0003000831638928503, 0.0003217485500499606, 0.0003434139071032405, 0.0003650792932603508, 0.00038674467941746116, 0.00040841003647074103, 0.00043007542262785137, 0.0004517408087849617, 0.0004734061658382416, 0.0004950715228915215, 0.0005167369381524622, 0.0005384022952057421, 0.0005600677104666829, 0.0005817330675199628, 0.0006033984245732427]}, "gradients/out.weight": {"_type": "histogram", "values": [1.0, 1.0, 0.0, 0.0, 1.0, 0.0, 0.0, 1.0, 0.0, 2.0, 4.0, 1.0, 0.0, 2.0, 1.0, 3.0, 2.0, 5.0, 7.0, 8.0, 10.0, 15.0, 15.0, 16.0, 18.0, 43.0, 37.0, 37.0, 81.0, 65.0, 81.0, 122.0, 158.0, 214.0, 376.0, 499.0, 912.0, 9317.0, 1472.0, 642.0, 441.0, 289.0, 186.0, 134.0, 100.0, 69.0, 80.0, 47.0, 33.0, 33.0, 21.0, 18.0, 19.0, 12.0, 7.0, 7.0, 5.0, 2.0, 1.0, 1.0, 3.0, 2.0, 0.0, 1.0], "bins": [-0.004946755710989237, -0.004815400578081608, -0.004684045910835266, -0.004552690777927637, -0.004421335645020008, -0.004289980977773666, -0.004158625844866037, -0.004027270711958408, -0.0038959160447120667, -0.0037645611446350813, -0.0036332060117274523, -0.003501851111650467, -0.0033704962115734816, -0.003239141311496496, -0.003107786178588867, -0.002976431278511882, -0.002845076145604253, -0.0027137212455272675, -0.0025823661126196384, -0.002451011212542653, -0.0023196563124656677, -0.0021883011795580387, -0.0020569462794810534, -0.001925591379404068, -0.001794236246496439, -0.0016628812300041318, -0.0015315263299271464, -0.0014001713134348392, -0.0012688164133578539, -0.0011374613968655467, -0.0010061063803732395, -0.0008747514220885932, -0.0007433963473886251, -0.0006120413891039789, -0.00048068640171550214, -0.0003493314143270254, -0.00021797645604237914, -8.662149775773287e-05, 4.473351873457432e-05, 0.0001760884770192206, 0.00030744331888854504, 0.0004387982771731913, 0.0005701532354578376, 0.0007015082519501448, 0.000832863210234791, 0.0009642181685194373, 0.0010955731850117445, 0.0012269280850887299, 0.0013582832179963589, 0.001489638234488666, 0.0016209931345656514, 0.0017523481510579586, 0.001883703051134944, 0.0020150579512119293, 0.0021464130841195583, 0.0022777679841965437, 0.002409122884273529, 0.0025404777843505144, 0.0026718329172581434, 0.002803187817335129, 0.002934542717412114, 0.0030658976174890995, 0.0031972527503967285, 0.003328607650473714, 0.003459962783381343]}, "gradients/conv2.0.weight": {"_type": "histogram", "values": [2.0, 1.0, 1.0, 1.0, 2.0, 1.0, 3.0, 4.0, 2.0, 3.0, 8.0, 8.0, 19.0, 9.0, 19.0, 29.0, 23.0, 18.0, 36.0, 36.0, 54.0, 55.0, 96.0, 109.0, 136.0, 179.0, 233.0, 303.0, 343.0, 492.0, 762.0, 1127.0, 1867.0, 2256.0, 1260.0, 844.0, 648.0, 451.0, 288.0, 238.0, 175.0, 121.0, 97.0, 90.0, 70.0, 45.0, 51.0, 25.0, 29.0, 28.0, 20.0, 15.0, 16.0, 11.0, 7.0, 9.0, 3.0, 3.0, 4.0, 3.0, 7.0, 3.0, 1.0, 1.0], "bins": [-0.0016398660372942686, -0.001590679632499814, -0.0015414933441206813, -0.0014923069393262267, -0.001443120650947094, -0.0013939342461526394, -0.0013447478413581848, -0.001295561552979052, -0.0012463751481845975, -0.001197188743390143, -0.0011480024550110102, -0.0010988160502165556, -0.0010496297618374228, -0.0010004433570429683, -0.0009512570104561746, -0.000902070663869381, -0.0008528843172825873, -0.0008036979706957936, -0.000754511624109, -0.0007053252775222063, -0.0006561388727277517, -0.0006069525261409581, -0.0005577661795541644, -0.0005085797747597098, -0.0004593934863805771, -0.0004102071397937834, -0.0003610207641031593, -0.00031183441751636565, -0.00026264804182574153, -0.00021346169523894787, -0.0001642753486521542, -0.00011508897296153009, -6.590259727090597e-05, -1.671623977017589e-05, 3.247011773055419e-05, 8.165647159330547e-05, 0.00013084283273201436, 0.00018002919387072325, 0.0002292155404575169, 0.000278401916148141, 0.00032758829183876514, 0.0003767746384255588, 0.0004259610141161829, 0.0004751473607029766, 0.0005243337363936007, 0.0005735200829803944, 0.000622706429567188, 0.0006718927761539817, 0.0007210791227407753, 0.000770265469327569, 0.0008194518159143627, 0.0008686381625011563, 0.0009178245672956109, 0.0009670109138824046, 0.0010161972604691982, 0.0010653836652636528, 0.0011145699536427855, 0.0011637563584372401, 0.0012129426468163729, 0.0012621290516108274, 0.0013113153399899602, 0.0013605017447844148, 0.0014096880331635475, 0.001458874437958002, 0.0015080608427524567]}, "gradients/conv2.0.bias": {"_type": "histogram", "values": [1.0, 0.0, 0.0, 0.0, 0.0, 0.0, 1.0, 0.0, 0.0, 0.0, 2.0, 3.0, 4.0, 0.0, 0.0, 1.0, 0.0, 0.0, 1.0, 1.0, 2.0, 2.0, 0.0, 0.0, 0.0, 0.0, 0.0, 3.0, 1.0, 2.0, 0.0, 1.0, 0.0, 3.0, 1.0, 0.0, 0.0, 0.0, 1.0, 0.0, 0.0, 0.0, 0.0, 0.0, 0.0, 0.0, 0.0, 0.0, 0.0, 0.0, 0.0, 1.0, 0.0, 0.0, 0.0, 0.0, 0.0, 0.0, 0.0, 0.0, 0.0, 0.0, 0.0, 1.0], "bins": [-0.000398319709347561, -0.00037915733992122114, -0.00035999499959871173, -0.00034083263017237186, -0.000321670260746032, -0.00030250789131969213, -0.0002833455509971827, -0.00026418318157084286, -0.00024502084124833345, -0.00022585848637390882, -0.00020669611694756895, -0.00018753376207314432, -0.00016837139264680445, -0.00014920903777237982, -0.00013004668289795518, -0.00011088431347161531, -9.172194404527545e-05, -7.25595818948932e-05, -5.3397223382489756e-05, -3.423486487008631e-05, -1.5072502719704062e-05, 4.089859430678189e-06, 2.3252214305102825e-05, 4.241458373144269e-05, 6.15769240539521e-05, 8.073928620433435e-05, 9.99016483547166e-05, 0.00011906400322914124, 0.0001382263726554811, 0.00015738872752990574, 0.00017655108240433037, 0.00019571345183067024, 0.00021487585036084056, 0.0002340382052352652, 0.00025320056010968983, 0.0002723629295360297, 0.00029152529896236956, 0.00031068763928487897, 0.00032985000871121883, 0.0003490123781375587, 0.00036817474756389856, 0.00038733711699023843, 0.00040649945731274784, 0.0004256618267390877, 0.00044482419616542757, 0.000463986536487937, 0.00048314890591427684, 0.0005023112753406167, 0.0005214735865592957, 0.0005406359559856355, 0.0005597983254119754, 0.0005789606366306543, 0.0005981230060569942, 0.0006172853754833341, 0.0006364477449096739, 0.0006556101143360138, 0.0006747724837623537, 0.0006939348531886935, 0.0007130972226150334, 0.0007322595920413733, 0.0007514219032600522, 0.0007705842726863921, 0.0007897466421127319, 0.0008089090115390718, 0.0008280713809654117]}, "gradients/conv1.0.weight": {"_type": "histogram",