{"gradients/out.bias": {"_type": "histogram", "values": [1.0, 1.0, 0.0, 0.0, 0.0, 1.0, 0.0, 0.0, 0.0, 0.0, 0.0, 0.0, 0.0, 0.0, 0.0, 0.0, 0.0, 0.0, 0.0, 0.0, 0.0, 0.0, 0.0, 0.0, 0.0, 0.0, 0.0, 0.0, 1.0, 0.0, 0.0, 1.0, 1.0, 0.0, 0.0, 0.0, 0.0, 0.0, 0.0, 0.0, 0.0, 0.0, 0.0, 0.0, 1.0, 0.0, 1.0, 0.0, 0.0, 0.0, 0.0, 0.0, 0.0, 1.0, 0.0, 0.0, 0.0, 0.0, 0.0, 0.0, 0.0, 0.0, 0.0, 1.0], "bins": [-0.0062288991175591946, -0.006026228424161673, -0.005823557265102863, -0.005620886571705341, -0.005418215412646532, -0.00521554471924901, -0.005012873560190201, -0.004810202866792679, -0.004607532173395157, -0.004404861479997635, -0.004202190320938826, -0.003999519627541304, -0.003796848701313138, -0.0035941777750849724, -0.0033915068488568068, -0.003188835922628641, -0.0029861649964004755, -0.00278349407017231, -0.0025808231439441442, -0.0023781522177159786, -0.0021754815243184566, -0.001972810598090291, -0.0017701396718621254, -0.0015674688620492816, -0.0013647978194057941, -0.0011621268931776285, -0.0009594560833647847, -0.0007567851571366191, -0.0005541142891161144, -0.00035144342109560966, -0.00014877249486744404, 5.389831494539976e-05, 0.00025656912475824356, 0.0004592399927787483, 0.000661910860799253, 0.0008645817870274186, 0.0010672525968402624, 0.001269923523068428, 0.0014725944492965937, 0.0016752652591094375, 0.0018779360689222813, 0.002080606995150447, 0.0022832779213786125, 0.0024859486147761345, 0.0026886195410043, 0.0028912904672324657, 0.0030939613934606314, 0.003296632319688797, 0.0034993032459169626, 0.0037019741721451283, 0.003904645098373294, 0.0041073160246014595, 0.0043099867179989815, 0.0045126574113965034, 0.004715328570455313, 0.004917999263852835, 0.005120670422911644, 0.005323341116309166, 0.005526012275367975, 0.005728682968765497, 0.0059313541278243065, 0.0061340248212218285, 0.00633669551461935, 0.00653936667367816, 0.006742037367075682]}, "gradients/out.weight": {"_type": "histogram", "values": [1.0, 0.0, 0.0, 2.0, 2.0, 1.0, 1.0, 1.0, 6.0, 4.0, 7.0, 8.0, 8.0, 14.0, 9.0, 11.0, 17.0, 19.0, 31.0, 31.0, 36.0, 43.0, 52.0, 65.0, 65.0, 93.0, 98.0, 141.0, 130.0, 161.0, 221.0, 247.0, 269.0, 424.0, 1337.0, 8329.0, 1191.0, 706.0, 474.0, 407.0, 264.0, 238.0, 131.0, 93.0, 73.0, 64.0, 40.0, 23.0, 20.0, 16.0, 13.0, 7.0, 4.0, 10.0, 4.0, 2.0, 3.0, 1.0, 4.0, 2.0, 2.0, 0.0, 1.0, 3.0], "bins": [-0.06263139843940735, -0.060853756964206696, -0.05907611548900604, -0.05729847401380539, -0.055520832538604736, -0.05374319106340408, -0.05196554958820343, -0.05018790811300278, -0.048410266637802124, -0.04663262516260147, -0.04485498368740082, -0.043077342212200165, -0.04129970073699951, -0.03952205926179886, -0.037744417786598206, -0.03596677631139755, -0.0341891385614872, -0.032411497086286545, -0.03063385561108589, -0.02885621413588524, -0.027078572660684586, -0.025300931185483932, -0.02352329157292843, -0.021745650097727776, -0.01996801048517227, -0.01819036900997162, -0.016412727534770966, -0.014635086990892887, -0.012857445515692234, -0.011079804040491581, -0.009302163496613503, -0.007524522021412849, -0.005746882408857346, -0.0039692409336566925, -0.0021915999241173267, -0.00041395891457796097, 0.001363682560622692, 0.003141324035823345, 0.004918964579701424, 0.006696606054902077, 0.008474249392747879, 0.010251890867948532, 0.012029532343149185, 0.013807172887027264, 0.015584814362227917, 0.017362456768751144, 0.019140096381306648, 0.0209177378565073, 0.022695377469062805, 0.024473018944263458, 0.02625066041946411, 0.028028301894664764, 0.029805943369865417, 0.03158358484506607, 0.033361226320266724, 0.03513886779546738, 0.03691650927066803, 0.03869415074586868, 0.040471792221069336, 0.04224943369626999, 0.04402707517147064, 0.045804716646671295, 0.04758235812187195, 0.0493599995970726, 0.051137637346982956]}, "gradients/conv2.0.weight": {"_type": "histogram", "values": [1.0, 1.0, 1.0, 0.0, 4.0, 4.0, 7.0, 3.0, 8.0, 13.0, 13.0, 24.0, 26.0, 31.0, 44.0, 51.0, 83.0, 100.0, 104.0, 170.0, 200.0, 263.0, 376.0, 450.0, 578.0, 983.0, 1791.0, 2897.0, 1258.0, 863.0, 595.0, 429.0, 315.0, 249.0, 176.0, 136.0, 108.0, 73.0, 78.0, 59.0, 43.0, 39.0, 33.0, 17.0, 15.0, 10.0, 16.0, 13.0, 9.0, 5.0, 11.0, 8.0, 4.0, 1.0, 1.0, 3.0, 2.0, 2.0, 0.0, 1.0, 0.0, 1.0, 0.0, 1.0], "bins": [-0.00961124524474144, -0.009257648140192032, -0.008904051035642624, -0.008550453931093216, -0.008196857757866383, -0.007843260653316975, -0.007489663548767567, -0.007136066444218159, -0.006782469805330038, -0.00642887270078063, -0.0060752760618925095, -0.0057216789573431015, -0.0053680818527936935, -0.005014485213905573, -0.004660888109356165, -0.004307291470468044, -0.003953694365918636, -0.003600097494199872, -0.0032465006224811077, -0.0028929035179316998, -0.0025393066462129354, -0.002185709774494171, -0.0018321126699447632, -0.0014785157982259989, -0.0011249184608459473, -0.000771321530919522, -0.00041772460099309683, -6.41276128590107e-05, 0.0002894692588597536, 0.0006430661305785179, 0.0009966632351279259, 0.0013502601068466902, 0.0017038574442267418, 0.002057454315945506, 0.0024110511876642704, 0.0027646482922136784, 0.0031182451639324427, 0.003471842035651207, 0.003825439140200615, 0.004179036244750023, 0.004532632417976856, 0.004886229522526264, 0.005239826161414385, 0.005593423265963793, 0.0059470199048519135, 0.006300617009401321, 0.006654214113950729, 0.007007811218500137, 0.007361408323049545, 0.007715005427598953, 0.008068602532148361, 0.00842219963669777, 0.008775795809924603, 0.00912939291447401, 0.009482990019023418, 0.009836587123572826, 0.01019018329679966, 0.010543780401349068, 0.010897377505898476, 0.011250974610447884, 0.011604570783674717, 0.011958167888224125, 0.012311764992773533, 0.01266536209732294, 0.013018959201872349]}, "gradients/conv2.0.bias": {"_type": "histogram", "values": [1.0, 1.0, 0.0, 1.0, 1.0, 0.0, 0.0, 1.0, 1.0, 1.0, 0.0, 0.0, 0.0, 1.0, 0.0, 0.0, 1.0, 0.0, 0.0, 0.0, 1.0, 0.0, 1.0, 0.0, 1.0, 0.0, 0.0, 2.0, 1.0, 1.0, 0.0, 0.0, 3.0, 0.0, 2.0, 1.0, 0.0, 0.0, 2.0, 0.0, 0.0, 0.0, 0.0, 0.0, 2.0, 0.0, 0.0, 1.0, 0.0, 0.0, 1.0, 1.0, 0.0, 0.0, 0.0, 0.0, 0.0, 0.0, 1.0, 0.0, 0.0, 0.0, 0.0, 2.0], "bins": [-0.003418550593778491, -0.0032857689075171947, -0.0031529872212558985, -0.003020205534994602, -0.002887423848733306, -0.0027546421624720097, -0.0026218602433800697, -0.002489078789949417, -0.002356296870857477, -0.002223515184596181, -0.0020907334983348846, -0.0019579518120735884, -0.001825170125812292, -0.0016923884395509958, -0.0015596066368743777, -0.0014268249506130815, -0.001294043380767107, -0.0011612616945058107, -0.0010284800082445145, -0.0008956982637755573, -0.000762916577514261, -0.0006301348912529647, -0.0004973531467840075, -0.0003645714605227113, -0.00023178965784609318, -9.900795703288168e-05, 3.3773743780329823e-05, 0.00016655545914545655, 0.0002993371454067528, 0.0004321188316680491, 0.0005649005761370063, 0.0006976822623983026, 0.0008304635994136333, 0.0009632452856749296, 0.0010960269719362259, 0.0012288086581975222, 0.0013615903444588184, 0.0014943720307201147, 0.0016271538333967328, 0.001759935519658029, 0.0018927170895040035, 0.0020254987757653, 0.002158280462026596, 0.0022910621482878923, 0.0024238438345491886, 0.002556625520810485, 0.002689407207071781, 0.002822189126163721, 0.0029549708124250174, 0.0030877524986863136, 0.00322053418494761, 0.003353315871208906, 0.0034860975574702024, 0.0036188792437314987, 0.0037516611628234386, 0.0038844426162540913, 0.004017224535346031, 0.004150006454437971, 0.004282787907868624, 0.004415569826960564, 0.004548351280391216, 0.004681133199483156, 0.004813914652913809, 0.004946696572005749, 0.005079478025436401]}, "gradients/conv1.0.weight": {"_type": "histogram", "values": [2.0, 0.0, 0.0, 0.0, 0.0, 1.0, 3.0, 2.0, 0.0, 2.0, 1.0, 1.0, 5.0, 1.0, 3.0, 3.0, 3.0, 8.0, 4.0, 2.0, 3.0, 3.0, 4.0, 5.0, 6.0, 6.0, 4.0, 5.0, 4.0, 4.0, 6.0, 10.0, 13.0, 15.0, 19.0, 14.0, 16.0, 19.0, 18.0, 28.0, 19.0, 31.0, 12.0, 13.0, 12.0, 10.0, 11.0, 6.0, 6.0, 4.0, 4.0, 5.0, 3.0, 3.0, 1.0, 3.0, 0.0, 5.0, 1.0, 0.0, 5.0, 1.0, 0.0, 2.0],