{"gradients/out.bias": {"_type": "histogram", "values": [1.0, 0.0, 0.0, 1.0, 0.0, 0.0, 0.0, 0.0, 0.0, 0.0, 0.0, 0.0, 0.0, 0.0, 0.0, 0.0, 0.0, 0.0, 0.0, 0.0, 0.0, 0.0, 0.0, 1.0, 0.0, 0.0, 0.0, 0.0, 0.0, 0.0, 0.0, 0.0, 0.0, 0.0, 1.0, 1.0, 0.0, 0.0, 1.0, 0.0, 0.0, 0.0, 0.0, 0.0, 0.0, 1.0, 0.0, 0.0, 0.0, 0.0, 0.0, 0.0, 1.0, 0.0, 0.0, 0.0, 0.0, 0.0, 1.0, 0.0, 0.0, 0.0, 0.0, 1.0], "bins": [-0.028027454391121864, -0.02723851054906845, -0.026449566707015038, -0.025660622864961624, -0.02487167902290821, -0.024082735180854797, -0.023293789476156235, -0.02250484563410282, -0.021715901792049408, -0.020926957949995995, -0.02013801410794258, -0.019349070265889168, -0.018560126423835754, -0.017771180719137192, -0.016982238739728928, -0.016193293035030365, -0.015404350124299526, -0.014615406282246113, -0.0138264624401927, -0.013037517666816711, -0.012248573824763298, -0.011459629982709885, -0.010670686140656471, -0.009881742298603058, -0.009092798456549644, -0.008303854614496231, -0.00751491030678153, -0.006725966464728117, -0.005937022157013416, -0.005148078314960003, -0.0043591344729065895, -0.003570190165191889, -0.002781245857477188, -0.001992301782593131, -0.0012033578241243958, -0.00041441386565566063, 0.0003745302092283964, 0.0011634742841124535, 0.0019524181261658669, 0.0027413624338805676, 0.0035303067415952682, 0.004319250583648682, 0.005108194891363382, 0.005897138733416796, 0.006686083041131496, 0.00747502688318491, 0.008263970725238323, 0.009052915498614311, 0.00984185840934515, 0.010630802251398563, 0.011419746093451977, 0.012208690866827965, 0.012997634708881378, 0.013786578550934792, 0.014575522392988205, 0.015364466235041618, 0.016153410077095032, 0.016942353919148445, 0.01773129776120186, 0.018520241603255272, 0.019309185445308685, 0.020098131150007248, 0.020887073129415512, 0.021676018834114075, 0.022464962676167488]}, "gradients/out.weight": {"_type": "histogram", "values": [1.0, 1.0, 0.0, 0.0, 0.0, 0.0, 1.0, 2.0, 3.0, 3.0, 5.0, 5.0, 8.0, 15.0, 15.0, 14.0, 12.0, 29.0, 30.0, 42.0, 50.0, 48.0, 67.0, 80.0, 97.0, 97.0, 106.0, 148.0, 186.0, 202.0, 251.0, 306.0, 441.0, 466.0, 706.0, 1736.0, 5016.0, 1611.0, 954.0, 677.0, 507.0, 364.0, 324.0, 233.0, 185.0, 155.0, 115.0, 89.0, 69.0, 72.0, 43.0, 37.0, 21.0, 9.0, 8.0, 5.0, 5.0, 1.0, 3.0, 1.0, 1.0, 1.0, 0.0, 1.0], "bins": [-0.256189227104187, -0.24913962185382843, -0.24209000170230865, -0.23504039645195007, -0.2279907763004303, -0.22094117105007172, -0.21389156579971313, -0.20684194564819336, -0.19979232549667358, -0.192742720246315, -0.18569310009479523, -0.17864349484443665, -0.17159387469291687, -0.1645442694425583, -0.1574946641921997, -0.15044504404067993, -0.14339543879032135, -0.13634583353996277, -0.129296213388443, -0.12224660813808441, -0.11519698798656464, -0.10814738273620605, -0.10109777003526688, -0.0940481573343277, -0.08699855208396912, -0.07994893938302994, -0.07289932668209076, -0.06584972143173218, -0.0588001050055027, -0.05175049230456352, -0.04470088332891464, -0.037651270627975464, -0.03060165047645569, -0.02355203777551651, -0.01650242693722248, -0.009452816098928452, -0.002403203397989273, 0.004646409302949905, 0.011696018278598785, 0.018745630979537964, 0.02579525113105774, 0.03284486383199692, 0.039894476532936096, 0.046944085508584976, 0.053993698209524155, 0.06104331091046333, 0.06809291988611221, 0.07514253258705139, 0.08219213783740997, 0.08924175053834915, 0.09629136323928833, 0.10334096848964691, 0.11039058864116669, 0.11744019389152527, 0.12448980659246445, 0.13153941929340363, 0.1385890245437622, 0.1456386297941208, 0.15268824994564056, 0.15973785519599915, 0.16678747534751892, 0.1738370805978775, 0.18088668584823608, 0.18793630599975586, 0.19498592615127563]}, "gradients/conv2.0.weight": {"_type": "histogram", "values": [1.0, 0.0, 0.0, 1.0, 1.0, 2.0, 5.0, 6.0, 6.0, 11.0, 18.0, 25.0, 21.0, 38.0, 38.0, 50.0, 65.0, 73.0, 82.0, 105.0, 136.0, 162.0, 201.0, 244.0, 278.0, 329.0, 381.0, 465.0, 523.0, 539.0, 593.0, 1032.0, 986.0, 643.0, 639.0, 548.0, 589.0, 575.0, 569.0, 491.0, 395.0, 410.0, 338.0, 245.0, 195.0, 183.0, 128.0, 102.0, 92.0, 69.0, 37.0, 39.0, 32.0, 18.0, 12.0, 11.0, 10.0, 2.0, 3.0, 4.0, 2.0, 1.0, 0.0, 1.0], "bins": [-0.016484912484884262, -0.015969160944223404, -0.015453408472239971, -0.014937656000256538, -0.01442190445959568, -0.013906151987612247, -0.013390399515628815, -0.012874647974967957, -0.012358896434307098, -0.011843143962323666, -0.011327392421662807, -0.010811639949679375, -0.010295888409018517, -0.009780135937035084, -0.009264383465051651, -0.008748631924390793, -0.00823287945240736, -0.007717127446085215, -0.007201375439763069, -0.006685622967779636, -0.006169871427118778, -0.0056541189551353455, -0.0051383669488132, -0.0046226149424910545, -0.004106862470507622, -0.0035911104641854763, -0.003075358457863331, -0.0025596062187105417, -0.0020438542123883963, -0.0015281022060662508, -0.0010123499669134617, -0.0004965979605913162, 1.915358006954193e-05, 0.0005349056445993483, 0.0010506577091291547, 0.001566409831866622, 0.0020821618381887674, 0.002597913844510913, 0.003113666083663702, 0.0036294180899858475, 0.004145169630646706, 0.004660921636968851, 0.0051766736432909966, 0.005692426115274429, 0.0062081776559352875, 0.00672393012791872, 0.007239682134240866, 0.007755434140563011, 0.008271186612546444, 0.008786939084529877, 0.009302690625190735, 0.009818443097174168, 0.010334194637835026, 0.010849947109818459, 0.011365698650479317, 0.01188145112246275, 0.012397203594446182, 0.012912956066429615, 0.013428707607090473, 0.013944460079073906, 0.014460211619734764, 0.014975964091718197, 0.01549171656370163, 0.016007468104362488, 0.016523219645023346]}, "gradients/conv2.0.bias": {"_type": "histogram", "values": [1.0, 0.0, 0.0, 0.0, 0.0, 0.0, 0.0, 0.0, 0.0, 0.0, 0.0, 0.0, 0.0, 2.0, 0.0, 0.0, 0.0, 0.0, 0.0, 1.0, 0.0, 2.0, 0.0, 1.0, 0.0, 1.0, 0.0, 1.0, 2.0, 1.0, 1.0, 0.0, 0.0, 3.0, 0.0, 0.0, 0.0, 1.0, 0.0, 3.0, 0.0, 0.0, 0.0, 1.0, 1.0, 1.0, 1.0, 0.0, 0.0, 2.0, 0.0, 1.0, 1.0, 0.0, 1.0, 0.0, 0.0, 0.0, 0.0, 0.0, 0.0, 0.0, 2.0, 1.0], "bins": [-0.012586027383804321, -0.012215293943881989, -0.01184456143528223, -0.011473828926682472, -0.01110309548676014, -0.010732362046837807, -0.010361629538238049, -0.00999089702963829, -0.009620163589715958, -0.009249430149793625, -0.008878697641193867, -0.008507965132594109, -0.008137231692671776, -0.00776649871841073, -0.007395765744149685, -0.0070250327698886395, -0.006654299795627594, -0.0062835668213665485, -0.005912833847105503, -0.005542100872844458, -0.005171367898583412, -0.004800634924322367, -0.004429901950061321, -0.004059168975800276, -0.0036884360015392303, -0.003317703027278185, -0.0029469700530171394, -0.002576237078756094, -0.0022055041044950485, -0.001834771130234003, -0.0014640381559729576, -0.0010933051817119122, -0.0007225712761282921, -0.00035183830186724663, 1.8894672393798828e-05, 0.0003896276466548443, 0.0007603606209158897, 0.0011310935951769352, 0.0015018265694379807, 0.001872559543699026, 0.0022432925179600716, 0.002614025492221117, 0.0029847584664821625, 0.003355491440743208, 0.0037262244150042534, 0.004096957389265299, 0.004467690363526344, 0.00483842333778739, 0.005209156312048435, 0.005579889286309481, 0.005950622260570526, 0.006321355234831572, 0.006692088209092617, 0.0070628211833536625, 0.007433554157614708, 0.007804287131875753, 0.008175020106136799, 0.008545752614736557, 0.00891648605465889, 0.009287219494581223, 0.00965795200318098, 0.010028684511780739, 0.010399417951703072, 0.010770151391625404, 0.011140883900225163]}, "gradients/conv1.0.weight": {"_type": "histogram", "values": [1.0, 1.0, 0.0, 0.0, 1.0, 1.0, 0.0, 1.0, 0.0, 0.0, 0.0, 1.0, 3.0, 5.0, 3.0, 1.0, 6.0, 2.0, 4.0, 4.0, 5.0, 13.0, 7.0, 7.0, 16.0, 8.0, 9.0, 17.0, 15.0, 24.0, 25.0, 14.0, 5.0, 21.0, 12.0, 23.0, 22.0, 10.0, 13.0, 8.0, 13.0, 14.0, 8.0, 9.0, 6.0, 11.0, 8.0, 4.0, 4.0, 4.0, 1.0, 2.0, 0.0, 2.0, 1.0, 2.0, 1.0, 1.0, 0.0, 0.0, 0.0, 0.0, 0.0, 1.0],