{"gradients/out.bias": {"_type": "histogram", "values": [1.0, 0.0, 0.0, 0.0, 0.0, 0.0, 0.0, 0.0, 0.0, 0.0, 0.0, 0.0, 0.0, 0.0, 0.0, 0.0, 0.0, 0.0, 0.0, 0.0, 0.0, 0.0, 0.0, 0.0, 0.0, 0.0, 0.0, 0.0, 0.0, 0.0, 0.0, 0.0, 1.0, 0.0, 0.0, 0.0, 0.0, 0.0, 0.0, 3.0, 1.0, 0.0, 1.0, 0.0, 0.0, 0.0, 1.0, 0.0, 0.0, 0.0, 0.0, 0.0, 1.0, 0.0, 0.0, 0.0, 0.0, 0.0, 0.0, 0.0, 0.0, 0.0, 0.0, 1.0], "bins": [-0.00012616845197044313, -0.0001229968765983358, -0.00011982530122622848, -0.00011665372585412115, -0.00011348215048201382, -0.0001103105751099065, -0.00010713900701375678, -0.00010396743164164945, -0.00010079585626954213, -9.76242808974348e-05, -9.445270552532747e-05, -9.128113015322015e-05, -8.810956205707043e-05, -8.493798668496311e-05, -8.176641131285578e-05, -7.859483594074845e-05, -7.542326056864113e-05, -7.22516851965338e-05, -6.908010982442647e-05, -6.590853445231915e-05, -6.273695908021182e-05, -5.95653873460833e-05, -5.639381561195478e-05, -5.322224023984745e-05, -5.0050664867740124e-05, -4.68790894956328e-05, -4.370751412352547e-05, -4.053594238939695e-05, -3.7364367017289624e-05, -3.41927916451823e-05, -3.102121991105378e-05, -2.784964453894645e-05, -2.4678069166839123e-05, -2.1506493794731796e-05, -1.8334920241613872e-05, -1.5163345779001247e-05, -1.1991771316388622e-05, -8.820195944281295e-06, -5.6486223911633715e-06, -2.477048838045448e-06, 6.945265340618789e-07, 3.866100996674504e-06, 7.037675459287129e-06, 1.0209249921899755e-05, 1.338082438451238e-05, 1.6552399756619707e-05, 1.972397330973763e-05, 2.2895546862855554e-05, 2.606712223496288e-05, 2.9238697607070208e-05, 3.2410272979177535e-05, 3.5581844713306054e-05, 3.875342008541338e-05, 4.192499545752071e-05, 4.509656719164923e-05, 4.8268142563756555e-05, 5.143971793586388e-05, 5.461129330797121e-05, 5.7782868680078536e-05, 6.0954440414207056e-05, 6.412601214833558e-05, 6.72975875204429e-05, 7.046916289255023e-05, 7.364073826465756e-05, 7.681231363676488e-05]}, "gradients/out.weight": {"_type": "histogram", "values": [2.0, 1.0, 1.0, 0.0, 0.0, 0.0, 1.0, 0.0, 1.0, 0.0, 1.0, 2.0, 0.0, 2.0, 4.0, 1.0, 0.0, 0.0, 0.0, 5.0, 2.0, 2.0, 1.0, 1.0, 7.0, 4.0, 4.0, 3.0, 5.0, 4.0, 6.0, 11.0, 6.0, 8.0, 11.0, 26.0, 22.0, 35.0, 56.0, 14795.0, 328.0, 96.0, 65.0, 36.0, 32.0, 18.0, 13.0, 11.0, 12.0, 6.0, 6.0, 4.0, 7.0, 0.0, 2.0, 4.0, 2.0, 2.0, 0.0, 2.0, 0.0, 0.0, 1.0, 3.0], "bins": [-0.0007192367338575423, -0.0007011720445007086, -0.0006831074133515358, -0.0006650427239947021, -0.0006469780928455293, -0.0006289134034886956, -0.0006108487723395228, -0.0005927840829826891, -0.0005747193936258554, -0.0005566547042690217, -0.000538590073119849, -0.0005205253837630153, -0.0005024607526138425, -0.0004843960632570088, -0.00046633140300400555, -0.0004482667427510023, -0.00043020211160182953, -0.0004121374513488263, -0.00039407279109582305, -0.0003760081308428198, -0.00035794347058981657, -0.0003398787812329829, -0.00032181412097997963, -0.0003037494607269764, -0.00028568480047397316, -0.0002676201402209699, -0.0002495554799679667, -0.0002314908051630482, -0.00021342614491004497, -0.00019536148465704173, -0.00017729680985212326, -0.00015923214959912002, -0.00014116746024228632, -0.00012310279998928308, -0.00010503813246032223, -8.697346493136138e-05, -6.890880467835814e-05, -5.08441444253549e-05, -3.2779476896394044e-05, -1.471480936743319e-05, 3.3498508855700493e-06, 2.1414514776552096e-05, 3.947917866753414e-05, 5.754384255851619e-05, 7.560850644949824e-05, 9.367316670250148e-05, 0.00011173783423146233, 0.00012980250176042318, 0.00014786716201342642, 0.00016593182226642966, 0.0001839964825194329, 0.00020206115732435137, 0.0002201258175773546, 0.00023819047783035785, 0.0002562551526352763, 0.00027431981288827956, 0.0002923844731412828, 0.00031044913339428604, 0.0003285137936472893, 0.0003465784539002925, 0.00036464311415329576, 0.00038270780351012945, 0.0004007724637631327, 0.00041883712401613593, 0.00043690178426913917]}, "gradients/conv2.0.weight": {"_type": "histogram", "values": [1.0, 0.0, 0.0, 1.0, 0.0, 1.0, 0.0, 0.0, 1.0, 0.0, 1.0, 2.0, 1.0, 2.0, 4.0, 4.0, 9.0, 9.0, 11.0, 13.0, 19.0, 36.0, 35.0, 58.0, 95.0, 102.0, 167.0, 247.0, 401.0, 767.0, 9014.0, 559.0, 298.0, 189.0, 151.0, 106.0, 84.0, 74.0, 53.0, 48.0, 36.0, 33.0, 44.0, 18.0, 17.0, 18.0, 15.0, 6.0, 9.0, 11.0, 7.0, 5.0, 6.0, 4.0, 0.0, 2.0, 0.0, 3.0, 0.0, 1.0, 0.0, 0.0, 0.0, 2.0], "bins": [-0.00023851975856814533, -0.00023071261239238083, -0.0002229054516647011, -0.00021509829093702137, -0.00020729114476125687, -0.00019948399858549237, -0.00019167683785781264, -0.00018386967713013291, -0.0001760625309543684, -0.0001682553847786039, -0.00016044822405092418, -0.00015264106332324445, -0.00014483391714747995, -0.00013702677097171545, -0.00012921961024403572, -0.0001214124567923136, -0.00011360530334059149, -0.00010579814988886937, -9.799099643714726e-05, -9.018384298542514e-05, -8.237668953370303e-05, -7.456953608198091e-05, -6.67623826302588e-05, -5.895522917853668e-05, -5.114807572681457e-05, -4.334092227509245e-05, -3.553376882337034e-05, -2.7726615371648222e-05, -1.9919461919926107e-05, -1.2112308468203992e-05, -4.305155016481876e-06, 3.501998435240239e-06, 1.1309137335047126e-05, 1.911629078676924e-05, 2.6923444238491356e-05, 3.473059769021347e-05, 4.253775114193559e-05, 5.03449045936577e-05, 5.815205804537982e-05, 6.595921149710193e-05, 7.376636494882405e-05, 8.157351840054616e-05, 8.938067185226828e-05, 9.71878253039904e-05, 0.00010499497875571251, 0.00011280213220743462, 0.00012060928565915674, 0.00012841643183492124, 0.00013622359256260097, 0.0001440307532902807, 0.0001518378994660452, 0.0001596450456418097, 0.00016745220636948943, 0.00017525936709716916, 0.00018306651327293366, 0.00019087365944869816, 0.0001986808201763779, 0.00020648798090405762, 0.00021429512707982212, 0.00022210227325558662, 0.00022990943398326635, 0.00023771659471094608, 0.0002455237554386258, 0.0002533308870624751, 0.0002611380477901548]}, "gradients/conv2.0.bias": {"_type": "histogram", "values": [1.0, 1.0, 0.0, 0.0, 0.0, 0.0, 0.0, 0.0, 1.0, 0.0, 0.0, 0.0, 1.0, 0.0, 1.0, 1.0, 0.0, 1.0, 0.0, 0.0, 2.0, 0.0, 1.0, 0.0, 0.0, 0.0, 1.0, 0.0, 1.0, 0.0, 0.0, 6.0, 1.0, 1.0, 0.0, 1.0, 1.0, 0.0, 0.0, 0.0, 0.0, 0.0, 1.0, 0.0, 0.0, 0.0, 1.0, 1.0, 0.0, 2.0, 0.0, 1.0, 0.0, 0.0, 0.0, 0.0, 1.0, 2.0, 0.0, 0.0, 0.0, 0.0, 0.0, 1.0], "bins": [-0.0001824082573875785, -0.00017666093481238931, -0.00017091361223720014, -0.00016516628966201097, -0.0001594189670868218, -0.00015367164451163262, -0.00014792432193644345, -0.0001421770139131695, -0.0001364296767860651, -0.00013068235421087593, -0.00012493503163568676, -0.00011918770906049758, -0.00011344038648530841, -0.00010769306391011924, -0.00010194574861088768, -9.61984260356985e-05, -9.045111073646694e-05, -8.470378816127777e-05, -7.89564655860886e-05, -7.320914301089942e-05, -6.746182043571025e-05, -6.171449786052108e-05, -5.596718256128952e-05, -5.0219859986100346e-05, -4.447254468686879e-05, -3.8725222111679614e-05, -3.297789953649044e-05, -2.7230580599280074e-05, -2.14832580240909e-05, -1.5735935448901728e-05, -9.988616511691362e-06, -4.2412939365021884e-06, 1.5060213627293706e-06, 7.253343028423842e-06, 1.3000664694118313e-05, 1.8747985450318083e-05, 2.4495308025507256e-05, 3.024263060069643e-05, 3.5989949537906796e-05, 4.173727211309597e-05, 4.7484601964242756e-05, 5.323192453943193e-05, 5.89792471146211e-05, 6.472656968981028e-05, 7.047389226499945e-05, 7.622121484018862e-05, 8.196853013942018e-05, 8.771585271460935e-05, 9.346316801384091e-05, 9.921049058903009e-05, 0.00010495781316421926, 0.00011070513573940843, 0.0001164524583145976, 0.00012219978088978678, 0.00012794710346497595, 0.0001336944114882499, 0.0001394417486153543, 0.00014518907119054347, 0.00015093639376573265, 0.00015668371634092182, 0.000162431038916111, 0.00016817836149130017, 0.00017392568406648934, 0.00017967299208976328, 0.00018542031466495246]}, "gradients/conv1.0.weight": {"_type": "histogram",