{"gradients/out.bias": {"_type": "histogram", "values": [1.0, 0.0, 0.0, 0.0, 0.0, 0.0, 0.0, 0.0, 0.0, 0.0, 0.0, 0.0, 0.0, 0.0, 0.0, 0.0, 0.0, 0.0, 1.0, 0.0, 0.0, 0.0, 0.0, 0.0, 0.0, 0.0, 0.0, 0.0, 1.0, 0.0, 1.0, 1.0, 3.0, 0.0, 0.0, 0.0, 0.0, 0.0, 1.0, 0.0, 0.0, 0.0, 0.0, 0.0, 0.0, 0.0, 0.0, 0.0, 0.0, 0.0, 0.0, 0.0, 0.0, 0.0, 0.0, 0.0, 0.0, 0.0, 0.0, 0.0, 0.0, 0.0, 0.0, 1.0], "bins": [-0.013782544992864132, -0.01333524938672781, -0.012887954711914062, -0.01244065910577774, -0.011993363499641418, -0.011546068824827671, -0.011098773218691349, -0.010651478543877602, -0.01020418293774128, -0.009756887331604958, -0.00930959265679121, -0.008862297050654888, -0.008415001444518566, -0.007967706769704819, -0.007520411163568497, -0.007073116023093462, -0.00662582041695714, -0.006178525276482105, -0.005731229670345783, -0.0052839345298707485, -0.004836639389395714, -0.004389343783259392, -0.003942048642784357, -0.0034947535023093224, -0.0030474578961730003, -0.002600162522867322, -0.0021528673823922873, -0.0017055720090866089, -0.0012582767521962523, -0.0008109814953058958, -0.00036368612200021744, 8.360901847481728e-05, 0.000530904158949852, 0.0009781994158402085, 0.001425494672730565, 0.0018727900460362434, 0.002320085186511278, 0.0027673805598169565, 0.003214675933122635, 0.0036619710735976696, 0.004109266214072704, 0.004556561354547739, 0.005003856960684061, 0.005451152101159096, 0.0058984472416341305, 0.006345742382109165, 0.006793037988245487, 0.007240333128720522, 0.007687628734856844, 0.008134923875331879, 0.0085822194814682, 0.009029515087604523, 0.00947680976241827, 0.009924105368554592, 0.01037140004336834, 0.010818695649504662, 0.011265991255640984, 0.011713286861777306, 0.012160581536591053, 0.012607877142727375, 0.013055172748863697, 0.013502467423677444, 0.013949763029813766, 0.014397058635950089, 0.014844353310763836]}, "gradients/out.weight": {"_type": "histogram", "values": [1.0, 0.0, 1.0, 0.0, 0.0, 3.0, 2.0, 1.0, 2.0, 1.0, 1.0, 2.0, 4.0, 2.0, 5.0, 4.0, 9.0, 5.0, 11.0, 11.0, 7.0, 15.0, 15.0, 14.0, 25.0, 17.0, 29.0, 36.0, 31.0, 43.0, 50.0, 55.0, 77.0, 94.0, 150.0, 295.0, 1638.0, 11746.0, 487.0, 211.0, 145.0, 92.0, 68.0, 56.0, 48.0, 24.0, 22.0, 22.0, 16.0, 11.0, 17.0, 9.0, 7.0, 11.0, 6.0, 3.0, 3.0, 4.0, 0.0, 7.0, 3.0, 2.0, 0.0, 4.0], "bins": [-0.14284470677375793, -0.13898608088493347, -0.1351274698972702, -0.13126884400844574, -0.12741021811962128, -0.12355160713195801, -0.11969298124313354, -0.11583436280488968, -0.11197574436664581, -0.10811712592840195, -0.10425850003957748, -0.10039988160133362, -0.09654126316308975, -0.09268264472484589, -0.08882401883602142, -0.08496540039777756, -0.0811067745089531, -0.07724815607070923, -0.07338953018188477, -0.0695309117436409, -0.06567229330539703, -0.06181367114186287, -0.057955048978328705, -0.05409643054008484, -0.050237804651260376, -0.04637918248772621, -0.042520564049482346, -0.03866194188594818, -0.034803323447704315, -0.03094470128417015, -0.027086079120635986, -0.02322745881974697, -0.019368834793567657, -0.015510214492678642, -0.011651593260467052, -0.007792972028255463, -0.0039343517273664474, -7.573142647743225e-05, 0.003782890737056732, 0.007641511037945747, 0.011500127613544464, 0.01535874791443348, 0.019217368215322495, 0.02307599037885666, 0.026934610679745674, 0.03079323098063469, 0.034651853144168854, 0.03851047158241272, 0.04236909747123718, 0.04622771963477135, 0.05008633807301521, 0.05394496023654938, 0.05780357867479324, 0.06166220083832741, 0.06552082300186157, 0.06937944144010544, 0.0732380598783493, 0.07709667831659317, 0.08095530420541763, 0.0848139226436615, 0.08867254108190536, 0.09253115952014923, 0.0963897854089737, 0.10024840384721756, 0.10410702973604202]}, "gradients/conv2.0.weight": {"_type": "histogram", "values": [1.0, 0.0, 2.0, 1.0, 0.0, 0.0, 1.0, 2.0, 3.0, 7.0, 5.0, 6.0, 16.0, 21.0, 15.0, 31.0, 34.0, 35.0, 57.0, 75.0, 100.0, 120.0, 210.0, 316.0, 572.0, 1044.0, 2771.0, 3112.0, 1271.0, 864.0, 535.0, 398.0, 250.0, 198.0, 144.0, 97.0, 97.0, 66.0, 53.0, 43.0, 37.0, 25.0, 28.0, 12.0, 15.0, 17.0, 17.0, 18.0, 11.0, 12.0, 4.0, 12.0, 5.0, 5.0, 3.0, 1.0, 0.0, 3.0, 0.0, 1.0, 0.0, 0.0, 0.0, 1.0], "bins": [-0.05312047526240349, -0.051155123859643936, -0.049189772456884384, -0.04722442105412483, -0.04525906965136528, -0.04329371824860573, -0.04132836312055588, -0.039363011717796326, -0.037397660315036774, -0.03543230891227722, -0.03346695750951767, -0.03150160610675812, -0.029536254703998566, -0.027570903301239014, -0.025605550035834312, -0.02364019863307476, -0.021674849092960358, -0.019709497690200806, -0.017744146287441254, -0.0157787948846817, -0.013813442550599575, -0.011848091147840023, -0.009882738813757896, -0.007917387410998344, -0.005952034145593643, -0.003986682742834091, -0.002021330874413252, -5.597900599241257e-05, 0.0019093723967671394, 0.0038747237995266914, 0.005840076133608818, 0.00780542753636837, 0.009770780801773071, 0.011736132204532623, 0.013701483607292175, 0.015666835010051727, 0.01763218641281128, 0.01959753781557083, 0.021562891080975533, 0.023528242483735085, 0.025493592023849487, 0.02745894342660904, 0.02942429482936859, 0.03138964623212814, 0.033354997634887695, 0.03532034903764725, 0.0372857004404068, 0.03925105184316635, 0.0412164069712162, 0.043181758373975754, 0.045147109776735306, 0.04711246117949486, 0.04907781258225441, 0.05104316398501396, 0.05300851911306381, 0.054973870515823364, 0.056939221918582916, 0.05890457332134247, 0.06086992472410202, 0.06283527612686157, 0.06480062752962112, 0.06676597893238068, 0.06873133033514023, 0.07069668173789978, 0.07266203314065933]}, "gradients/conv2.0.bias": {"_type": "histogram", "values": [1.0, 0.0, 0.0, 0.0, 0.0, 0.0, 0.0, 0.0, 0.0, 1.0, 0.0, 0.0, 0.0, 0.0, 0.0, 0.0, 0.0, 0.0, 1.0, 0.0, 1.0, 2.0, 0.0, 1.0, 1.0, 1.0, 1.0, 1.0, 1.0, 2.0, 1.0, 1.0, 2.0, 2.0, 1.0, 1.0, 1.0, 0.0, 1.0, 0.0, 0.0, 0.0, 0.0, 0.0, 0.0, 0.0, 3.0, 0.0, 0.0, 0.0, 2.0, 1.0, 1.0, 0.0, 0.0, 0.0, 0.0, 0.0, 0.0, 0.0, 0.0, 0.0, 0.0, 1.0], "bins": [-0.013281615450978279, -0.012852640822529793, -0.012423667125403881, -0.011994692496955395, -0.011565718799829483, -0.011136744171380997, -0.01070776954293251, -0.010278795845806599, -0.009849821217358112, -0.009420846588909626, -0.008991872891783714, -0.008562898263335228, -0.008133924566209316, -0.00770494993776083, -0.007275975774973631, -0.006847001612186432, -0.006418027449399233, -0.005989053286612034, -0.005560079123824835, -0.005131104961037636, -0.0047021303325891495, -0.0042731561698019505, -0.0038441820070147514, -0.0034152076113969088, -0.0029862336814403534, -0.0025572595186531544, -0.0021282851230353117, -0.0016993109602481127, -0.0012703366810455918, -0.000841362401843071, -0.00041238823905587196, 1.658615656197071e-05, 0.0004455605521798134, 0.0008745348313823342, 0.001303509110584855, 0.001732483273372054, 0.0021614576689898968, 0.002590431831777096, 0.003019405994564295, 0.0034483803901821375, 0.00387735478579998, 0.004306328948587179, 0.004735303111374378, 0.0051642777398228645, 0.0055932519026100636, 0.006022226065397263, 0.006451200228184462, 0.006880174390971661, 0.00730914855375886, 0.007738122716546059, 0.008167097344994545, 0.008596071042120457, 0.009025045670568943, 0.009454019367694855, 0.009882993996143341, 0.010311968624591827, 0.010740942321717739, 0.011169916950166225, 0.011598890647292137, 0.012027865275740623, 0.012456838972866535, 0.012885813601315022, 0.013314787298440933, 0.01374376192688942, 0.014172736555337906]}, "gradients/conv1.0.weight": {"_type": "histogram", "values": [1.0, 0.0, 0.0, 0.0, 0.0, 1.0, 1.0, 2.0, 0.0, 0.0, 0.0, 0.0, 0.0, 0.0, 1.0, 2.0, 1.0, 3.0, 3.0, 1.0, 5.0, 1.0, 8.0, 18.0, 18.0, 13.0, 9.0, 12.0, 14.0, 16.0, 15.0, 11.0, 19.0, 16.0, 14.0, 17.0, 26.0, 26.0, 21.0, 17.0, 24.0, 7.0, 5.0, 7.0, 7.0, 5.0, 5.0, 3.0, 3.0, 4.0, 2.0, 1.0, 3.0, 0.0, 1.0, 4.0, 2.0, 1.0, 0.0, 1.0, 0.0, 0.0, 2.0, 1.0],