{"loss": 0.008909158408641815, "_runtime": 69, "_timestamp": 1641463478, "_step": 3910, "gradients/out.bias": {"_type": "histogram", "values": [1.0, 0.0, 0.0, 0.0, 0.0, 0.0, 0.0, 0.0, 0.0, 0.0, 0.0, 0.0, 0.0, 0.0, 0.0, 0.0, 0.0, 0.0, 0.0, 0.0, 0.0, 0.0, 0.0, 0.0, 0.0, 0.0, 1.0, 0.0, 0.0, 0.0, 0.0, 0.0, 0.0, 0.0, 0.0, 0.0, 1.0, 1.0, 2.0, 1.0, 0.0, 1.0, 0.0, 0.0, 0.0, 0.0, 0.0, 0.0, 1.0, 0.0, 0.0, 0.0, 0.0, 0.0, 0.0, 0.0, 0.0, 0.0, 0.0, 0.0, 0.0, 0.0, 0.0, 1.0], "bins": [-0.022404678165912628, -0.021801915019750595, -0.021199150010943413, -0.02059638500213623, -0.019993621855974197, -0.019390858709812164, -0.018788093701004982, -0.0181853286921978, -0.017582565546035767, -0.016979802399873734, -0.01637703739106655, -0.01577427238225937, -0.015171509236097336, -0.014568745158612728, -0.01396598108112812, -0.013363217003643513, -0.012760452926158905, -0.012157688848674297, -0.01155492477118969, -0.010952160693705082, -0.010349396616220474, -0.009746632538735867, -0.009143868461251259, -0.008541104383766651, -0.007938340306282043, -0.007335576228797436, -0.006732812151312828, -0.00613004807382822, -0.005527283996343613, -0.004924519918859005, -0.004321755841374397, -0.0037189917638897896, -0.003116227686405182, -0.002513463608920574, -0.0019106995314359665, -0.0013079354539513588, -0.0007051713764667511, -0.0001024072989821434, 0.0005003567785024643, 0.001103120855987072, 0.0017058849334716797, 0.0023086490109562874, 0.002911413088440895, 0.0035141771659255028, 0.0041169412434101105, 0.004719705320894718, 0.005322469398379326, 0.0059252334758639336, 0.006527997553348541, 0.007130761630833149, 0.007733525708317757, 0.008336289785802364, 0.008939053863286972, 0.00954181794077158, 0.010144582018256187, 0.010747346095740795, 0.011350110173225403, 0.01195287425071001, 0.012555638328194618, 0.013158402405679226, 0.013761166483163834, 0.014363930560648441, 0.014966694638133049, 0.015569458715617657, 0.016172222793102264]}, "gradients/out.weight": {"_type": "histogram", "values": [1.0, 1.0, 2.0, 1.0, 1.0, 2.0, 1.0, 1.0, 5.0, 4.0, 5.0, 7.0, 4.0, 8.0, 8.0, 9.0, 13.0, 8.0, 15.0, 14.0, 22.0, 25.0, 37.0, 41.0, 28.0, 57.0, 67.0, 78.0, 121.0, 126.0, 207.0, 292.0, 899.0, 11735.0, 779.0, 293.0, 188.0, 126.0, 108.0, 77.0, 52.0, 26.0, 32.0, 30.0, 19.0, 19.0, 21.0, 12.0, 7.0, 9.0, 5.0, 11.0, 6.0, 5.0, 1.0, 5.0, 1.0, 1.0, 1.0, 0.0, 0.0, 0.0, 0.0, 1.0], "bins": [-0.17737144231796265, -0.17203405499458313, -0.1666966676712036, -0.1613592952489853, -0.15602190792560577, -0.15068452060222626, -0.14534714818000793, -0.14000976085662842, -0.1346723735332489, -0.12933498620986938, -0.12399760633707047, -0.11866022646427155, -0.11332283914089203, -0.10798545181751251, -0.10264807194471359, -0.09731069207191467, -0.09197330474853516, -0.08663591742515564, -0.08129853755235672, -0.0759611576795578, -0.07062377035617828, -0.06528638303279877, -0.05994900315999985, -0.05461161956191063, -0.04927423596382141, -0.04393685236573219, -0.038599468767642975, -0.03326208516955376, -0.02792470157146454, -0.02258731797337532, -0.017249934375286102, -0.011912550777196884, -0.006575152277946472, -0.001237768679857254, 0.004099614918231964, 0.009436998516321182, 0.0147743821144104, 0.02011176571249962, 0.025449149310588837, 0.030786532908678055, 0.03612391650676727, 0.04146130010485649, 0.04679868370294571, 0.05213606730103493, 0.057473450899124146, 0.06281083822250366, 0.06814821809530258, 0.0734855979681015, 0.07882298529148102, 0.08416037261486053, 0.08949775248765945, 0.09483513236045837, 0.10017251968383789, 0.10550990700721741, 0.11084728688001633, 0.11618466675281525, 0.12152205407619476, 0.12685944139957428, 0.1321968138217926, 0.13753420114517212, 0.14287158846855164, 0.14820897579193115, 0.15354636311531067, 0.158883735537529, 0.1642211228609085]}, "gradients/conv2.0.weight": {"_type": "histogram", "values": [1.0, 1.0, 0.0, 0.0, 2.0, 0.0, 6.0, 1.0, 3.0, 4.0, 7.0, 7.0, 6.0, 12.0, 8.0, 9.0, 14.0, 29.0, 39.0, 56.0, 76.0, 122.0, 178.0, 248.0, 339.0, 465.0, 584.0, 799.0, 1011.0, 1796.0, 1267.0, 1158.0, 982.0, 748.0, 580.0, 421.0, 335.0, 262.0, 211.0, 174.0, 145.0, 123.0, 97.0, 75.0, 70.0, 60.0, 46.0, 38.0, 36.0, 27.0, 23.0, 21.0, 18.0, 13.0, 11.0, 12.0, 9.0, 7.0, 0.0, 2.0, 2.0, 2.0, 0.0, 2.0], "bins": [-0.01933644711971283, -0.018690653145313263, -0.018044859170913696, -0.01739906519651413, -0.016753271222114563, -0.016107477247714996, -0.015461682341992855, -0.014815888367593288, -0.014170094393193722, -0.013524300418794155, -0.012878506444394588, -0.012232712469995022, -0.01158691756427288, -0.010941123589873314, -0.010295329615473747, -0.00964953564107418, -0.009003741666674614, -0.008357947692275047, -0.007712153717875481, -0.007066359277814627, -0.00642056530341506, -0.005774771329015493, -0.0051289768889546394, -0.004483182914555073, -0.003837388940155506, -0.0031915949657559395, -0.002545800758525729, -0.0019000066677108407, -0.0012542125768959522, -0.0006084186024963856, 3.737560473382473e-05, 0.000683169811964035, 0.0013289637863636017, 0.0019747577607631683, 0.0026205519679933786, 0.003266346175223589, 0.003912140149623156, 0.004557934124022722, 0.005203728564083576, 0.005849522538483143, 0.0064953165128827095, 0.007141110487282276, 0.007786904461681843, 0.00843269843608141, 0.00907849334180355, 0.009724287316203117, 0.010370081290602684, 0.01101587526500225, 0.011661669239401817, 0.012307463213801384, 0.01295325718820095, 0.013599051162600517, 0.014244845137000084, 0.01489063911139965, 0.015536434017121792, 0.016182228922843933, 0.0168280228972435, 0.017473816871643066, 0.018119610846042633, 0.0187654048204422, 0.019411198794841766, 0.020056992769241333, 0.0207027867436409, 0.021348580718040466, 0.021994374692440033]}, "gradients/conv2.0.bias": {"_type": "histogram", "values": [2.0, 0.0, 1.0, 2.0, 1.0, 2.0, 0.0, 0.0, 0.0, 0.0, 2.0, 0.0, 0.0, 1.0, 0.0, 1.0, 3.0, 2.0, 1.0, 4.0, 0.0, 0.0, 1.0, 0.0, 0.0, 0.0, 1.0, 0.0, 0.0, 0.0, 1.0, 0.0, 0.0, 0.0, 1.0, 0.0, 0.0, 1.0, 0.0, 1.0, 0.0, 1.0, 0.0, 0.0, 0.0, 0.0, 0.0, 0.0, 0.0, 0.0, 0.0, 0.0, 0.0, 0.0, 0.0, 0.0, 0.0, 0.0, 0.0, 0.0, 2.0, 0.0, 0.0, 1.0], "bins": [-0.00581163726747036, -0.00536834541708231, -0.00492505356669426, -0.0044817617163062096, -0.004038470331579447, -0.0035951784811913967, -0.0031518866308033466, -0.00270859501324594, -0.00226530316285789, -0.0018220114288851619, -0.0013787196949124336, -0.0009354278445243835, -0.0004921361105516553, -4.884437657892704e-05, 0.00039444747380912304, 0.0008377390913665295, 0.0012810309417545795, 0.0017243226757273078, 0.002167614409700036, 0.002610906260088086, 0.0030541978776454926, 0.0034974897280335426, 0.003940781578421593, 0.004384073428809643, 0.004827365279197693, 0.005270657129585743, 0.005713948979973793, 0.006157240830361843, 0.006600532215088606, 0.007043824065476656, 0.007487115915864706, 0.007930407300591469, 0.008373699150979519, 0.008816991001367569, 0.009260282851755619, 0.009703574702143669, 0.01014686655253172, 0.01059015840291977, 0.011033449321985245, 0.011476741172373295, 0.011920033022761345, 0.012363324873149395, 0.012806616723537445, 0.013249908573925495, 0.013693200424313545, 0.01413649134337902, 0.014579784125089645, 0.01502307504415512, 0.015466367825865746, 0.01590965874493122, 0.016352951526641846, 0.01679624244570732, 0.017239535227417946, 0.01768282614648342, 0.018126118928194046, 0.01856940984725952, 0.019012700766324997, 0.019455991685390472, 0.019899284467101097, 0.020342575386166573, 0.020785868167877197, 0.021229159086942673, 0.021672451868653297, 0.022115742787718773, 0.022559035569429398]}, "gradients/conv1.0.weight": {"_type": "histogram", "values": [1.0, 1.0, 0.0, 2.0, 2.0, 3.0, 2.0, 3.0, 3.0, 4.0, 0.0, 1.0, 2.0, 2.0, 6.0, 2.0, 5.0, 8.0, 8.0, 11.0, 15.0, 14.0, 22.0, 17.0, 22.0, 31.0, 32.0, 24.0, 23.0, 21.0, 13.0, 14.0, 10.0, 10.0, 9.0, 7.0, 5.0, 7.0, 5.0, 5.0, 5.0, 2.0, 4.0, 2.0, 1.0, 2.0, 0.0, 0.0, 1.0, 1.0, 1.0, 1.0, 0.0, 0.0, 1.0, 0.0, 0.0, 2.0, 1.0, 1.0, 1.0, 0.0, 1.0, 1.0],