{"gradients/out.bias": {"_type": "histogram", "values": [1.0, 0.0, 0.0, 0.0, 0.0, 0.0, 0.0, 0.0, 0.0, 0.0, 0.0, 0.0, 0.0, 1.0, 0.0, 0.0, 0.0, 0.0, 0.0, 0.0, 0.0, 0.0, 0.0, 0.0, 2.0, 0.0, 0.0, 0.0, 0.0, 0.0, 0.0, 0.0, 0.0, 0.0, 0.0, 1.0, 0.0, 0.0, 0.0, 0.0, 0.0, 0.0, 0.0, 1.0, 1.0, 1.0, 0.0, 1.0, 0.0, 0.0, 0.0, 0.0, 0.0, 0.0, 0.0, 0.0, 0.0, 0.0, 0.0, 0.0, 0.0, 0.0, 0.0, 1.0], "bins": [-0.08403602987527847, -0.08157912641763687, -0.07912222295999527, -0.07666531950235367, -0.07420841604471207, -0.07175151258707047, -0.06929460912942886, -0.06683770567178726, -0.06438080221414566, -0.06192389875650406, -0.05946699529886246, -0.057010091841220856, -0.054553188383579254, -0.05209628492593765, -0.04963938146829605, -0.04718247801065445, -0.04472557455301285, -0.042268671095371246, -0.039811767637729645, -0.03735486418008804, -0.03489796072244644, -0.03244105726480484, -0.02998415380716324, -0.027527250349521637, -0.025070346891880035, -0.022613443434238434, -0.020156539976596832, -0.01769963651895523, -0.01524273306131363, -0.012785829603672028, -0.010328926146030426, -0.007872022688388824, -0.00541512668132782, -0.0029582232236862183, -0.0005013197660446167, 0.001955583691596985, 0.004412487149238586, 0.006869390606880188, 0.00932629406452179, 0.011783197522163391, 0.014240100979804993, 0.016697004437446594, 0.019153907895088196, 0.021610811352729797, 0.0240677148103714, 0.026524618268013, 0.028981521725654602, 0.031438425183296204, 0.033895328640937805, 0.03635223209857941, 0.03880913555622101, 0.04126603901386261, 0.04372294247150421, 0.04617984592914581, 0.048636749386787415, 0.051093652844429016, 0.05355055630207062, 0.05600745975971222, 0.05846436321735382, 0.06092126667499542, 0.06337817013263702, 0.06583507359027863, 0.06829197704792023, 0.07074888050556183, 0.07320578396320343]}, "gradients/out.weight": {"_type": "histogram", "values": [1.0, 3.0, 1.0, 2.0, 1.0, 5.0, 3.0, 2.0, 4.0, 9.0, 5.0, 9.0, 13.0, 21.0, 25.0, 31.0, 34.0, 30.0, 36.0, 45.0, 53.0, 53.0, 60.0, 85.0, 111.0, 132.0, 200.0, 224.0, 347.0, 547.0, 785.0, 1260.0, 5992.0, 2125.0, 1072.0, 620.0, 408.0, 280.0, 199.0, 157.0, 122.0, 110.0, 82.0, 60.0, 46.0, 54.0, 46.0, 30.0, 29.0, 22.0, 28.0, 19.0, 10.0, 8.0, 3.0, 5.0, 2.0, 3.0, 3.0, 2.0, 2.0, 1.0, 2.0, 1.0], "bins": [-0.09505201131105423, -0.09214668720960617, -0.08924136310815811, -0.08633603900671005, -0.083430714905262, -0.08052539080381393, -0.07762006670236588, -0.07471474260091782, -0.07180941849946976, -0.0689040943980217, -0.06599877029657364, -0.06309344619512558, -0.06018812209367752, -0.05728279799222946, -0.0543774738907814, -0.051472149789333344, -0.048566825687885284, -0.045661501586437225, -0.042756177484989166, -0.03985085338354111, -0.03694552928209305, -0.03404020518064499, -0.03113488107919693, -0.02822955697774887, -0.025324232876300812, -0.022418908774852753, -0.019513584673404694, -0.016608260571956635, -0.013702936470508575, -0.010797612369060516, -0.007892288267612457, -0.004986964166164398, -0.002081640064716339, 0.00082368403673172, 0.003729008138179779, 0.006634332239627838, 0.009539656341075897, 0.012444980442523956, 0.015350304543972015, 0.018255628645420074, 0.021160952746868134, 0.024066276848316193, 0.02697160094976425, 0.02987692505121231, 0.03278224915266037, 0.03568757325410843, 0.03859289735555649, 0.04149822145700455, 0.044403545558452606, 0.047308869659900665, 0.050214193761348724, 0.05311951786279678, 0.05602484196424484, 0.0589301660656929, 0.06183549016714096, 0.06474081426858902, 0.06764613837003708, 0.07055146247148514, 0.0734567865729332, 0.07636211067438126, 0.07926743477582932, 0.08217275887727737, 0.08507808297872543, 0.08798340708017349, 0.09088873118162155]}, "gradients/conv2.0.weight": {"_type": "histogram", "values": [1.0, 1.0, 1.0, 1.0, 0.0, 1.0, 1.0, 1.0, 1.0, 4.0, 7.0, 5.0, 3.0, 7.0, 4.0, 11.0, 18.0, 10.0, 11.0, 14.0, 23.0, 16.0, 24.0, 21.0, 21.0, 31.0, 35.0, 53.0, 62.0, 49.0, 68.0, 75.0, 97.0, 96.0, 140.0, 191.0, 205.0, 272.0, 314.0, 457.0, 696.0, 1584.0, 5313.0, 1268.0, 553.0, 308.0, 227.0, 132.0, 107.0, 77.0, 56.0, 34.0, 29.0, 12.0, 6.0, 10.0, 5.0, 13.0, 7.0, 1.0, 2.0, 5.0, 1.0, 2.0], "bins": [-0.050520941615104675, -0.049331389367580414, -0.048141833394765854, -0.04695228114724159, -0.04576272517442703, -0.04457317292690277, -0.04338361695408821, -0.04219406470656395, -0.04100450873374939, -0.03981495648622513, -0.03862540051341057, -0.03743584826588631, -0.03624629229307175, -0.035056740045547485, -0.033867184072732925, -0.032677631825208664, -0.0314880795776844, -0.030298525467514992, -0.02910897135734558, -0.02791941724717617, -0.02672986313700676, -0.025540310889482498, -0.024350756779313087, -0.023161202669143677, -0.021971648558974266, -0.020782094448804855, -0.019592540338635445, -0.018402986228466034, -0.017213433980941772, -0.016023878008127213, -0.014834325760602951, -0.01364477165043354, -0.01245521754026413, -0.011265663430094719, -0.010076109319925308, -0.008886556141078472, -0.007697002030909061, -0.006507447920739651, -0.005317894276231527, -0.004128340631723404, -0.0029387865215539932, -0.0017492326442152262, -0.0005596787668764591, 0.0006298751104623079, 0.001819428987801075, 0.0030089830979704857, 0.004198536742478609, 0.0053880903869867325, 0.006577644497156143, 0.007767198607325554, 0.008956752717494965, 0.0101463058963418, 0.011335860006511211, 0.012525414116680622, 0.013714967295527458, 0.014904521405696869, 0.01609407551586628, 0.01728362962603569, 0.0184731837362051, 0.01966273784637451, 0.020852290093898773, 0.022041846066713333, 0.023231398314237595, 0.024420952424407005, 0.025610506534576416]}, "gradients/conv2.0.bias": {"_type": "histogram", "values": [2.0, 0.0, 0.0, 0.0, 0.0, 0.0, 0.0, 0.0, 1.0, 0.0, 0.0, 0.0, 0.0, 0.0, 0.0, 0.0, 0.0, 0.0, 0.0, 0.0, 0.0, 0.0, 1.0, 0.0, 1.0, 0.0, 0.0, 2.0, 2.0, 0.0, 0.0, 1.0, 0.0, 1.0, 0.0, 0.0, 4.0, 0.0, 2.0, 1.0, 2.0, 1.0, 1.0, 1.0, 1.0, 0.0, 0.0, 0.0, 0.0, 2.0, 0.0, 0.0, 1.0, 0.0, 0.0, 2.0, 1.0, 0.0, 0.0, 0.0, 1.0, 0.0, 0.0, 1.0], "bins": [-0.04754643514752388, -0.04629072919487953, -0.045035023242235184, -0.043779317289590836, -0.04252360761165619, -0.04126790165901184, -0.04001219570636749, -0.038756489753723145, -0.037500783801078796, -0.03624507784843445, -0.0349893718957901, -0.03373366594314575, -0.032477959990501404, -0.031222252175211906, -0.02996654435992241, -0.02871083840727806, -0.027455132454633713, -0.026199426501989365, -0.024943720549345016, -0.02368801273405552, -0.02243230678141117, -0.021176600828766823, -0.019920893013477325, -0.018665187060832977, -0.01740948110818863, -0.01615377515554428, -0.014898068271577358, -0.013642361387610435, -0.012386655434966087, -0.01113094948232174, -0.009875242598354816, -0.008619535714387894, -0.007363826036453247, -0.006108119618147612, -0.004852413199841976, -0.0035967067815363407, -0.0023410003632307053, -0.0010852939449250698, 0.00017041247338056564, 0.0014261193573474884, 0.0026818253099918365, 0.003937531728297472, 0.0051932381466031075, 0.006448944564908743, 0.007704650983214378, 0.008960356935858727, 0.01021606381982565, 0.011471770703792572, 0.01272747665643692, 0.013983182609081268, 0.015238889493048191, 0.016494596377015114, 0.017750302329659462, 0.01900600828230381, 0.020261716097593307, 0.021517422050237656, 0.022773128002882004, 0.024028833955526352, 0.0252845399081707, 0.026540247723460197, 0.027795953676104546, 0.029051659628748894, 0.03030736744403839, 0.03156307339668274, 0.03281877934932709]}, "gradients/conv1.0.weight": {"_type": "histogram", "values": [2.0, 2.0, 1.0, 0.0, 0.0, 0.0, 0.0, 0.0, 3.0, 1.0, 0.0, 0.0, 1.0, 1.0, 1.0, 1.0, 1.0, 4.0, 4.0, 1.0, 1.0, 0.0, 2.0, 4.0, 1.0, 2.0, 2.0, 4.0, 4.0, 3.0, 1.0, 3.0, 4.0, 1.0, 5.0, 1.0, 1.0, 3.0, 4.0, 6.0, 7.0, 4.0, 4.0, 5.0, 5.0, 4.0, 8.0, 6.0, 5.0, 4.0, 7.0, 10.0, 8.0, 3.0, 6.0, 12.0, 12.0, 15.0, 22.0, 45.0, 92.0, 32.0, 7.0, 2.0],