{"gradients/out.bias": {"_type": "histogram", "values": [1.0, 0.0, 0.0, 0.0, 0.0, 0.0, 0.0, 0.0, 0.0, 0.0, 0.0, 0.0, 0.0, 0.0, 0.0, 0.0, 0.0, 0.0, 0.0, 0.0, 0.0, 0.0, 0.0, 0.0, 0.0, 0.0, 0.0, 0.0, 0.0, 0.0, 0.0, 0.0, 0.0, 0.0, 0.0, 0.0, 0.0, 0.0, 0.0, 0.0, 0.0, 0.0, 0.0, 1.0, 0.0, 0.0, 1.0, 1.0, 1.0, 2.0, 0.0, 0.0, 0.0, 0.0, 0.0, 0.0, 0.0, 2.0, 0.0, 0.0, 0.0, 0.0, 0.0, 1.0], "bins": [-0.022528816014528275, -0.022043978795409203, -0.02155914343893528, -0.021074306219816208, -0.020589470863342285, -0.020104633644223213, -0.01961979828774929, -0.01913496106863022, -0.018650125712156296, -0.018165288493037224, -0.0176804531365633, -0.01719561591744423, -0.016710780560970306, -0.016225943341851234, -0.01574110798537731, -0.01525627076625824, -0.014771434478461742, -0.014286598190665245, -0.013801761902868748, -0.01331692561507225, -0.012832089327275753, -0.012347253039479256, -0.011862415820360184, -0.011377580463886261, -0.010892743244767189, -0.010407906956970692, -0.009923070669174194, -0.009438234381377697, -0.0089533980935812, -0.008468561805784702, -0.007983725517988205, -0.00749888876453042, -0.007014052011072636, -0.006529215723276138, -0.006044379435479641, -0.005559543147683144, -0.005074706859886646, -0.004589870572090149, -0.004105033818632364, -0.003620197530835867, -0.003135361708700657, -0.0026505254209041595, -0.002165689133107662, -0.0016808526124805212, -0.0011960163246840239, -0.0007111800368875265, -0.0002263435162603855, 0.00025849277153611183, 0.0007433295249938965, 0.0012281658127903938, 0.001713002217002213, 0.002197838621214032, 0.0026826749090105295, 0.003167511196807027, 0.003652347717434168, 0.004137184005230665, 0.0046220202930271626, 0.00510685658082366, 0.005591692868620157, 0.006076529622077942, 0.006561365909874439, 0.007046202197670937, 0.007531038485467434, 0.008015874773263931, 0.008500711061060429]}, "gradients/out.weight": {"_type": "histogram", "values": [1.0, 0.0, 0.0, 0.0, 0.0, 0.0, 0.0, 0.0, 0.0, 0.0, 1.0, 1.0, 0.0, 2.0, 1.0, 0.0, 3.0, 1.0, 3.0, 2.0, 5.0, 6.0, 4.0, 10.0, 9.0, 13.0, 11.0, 15.0, 15.0, 22.0, 34.0, 46.0, 39.0, 51.0, 40.0, 58.0, 72.0, 77.0, 114.0, 165.0, 436.0, 11977.0, 1351.0, 410.0, 236.0, 141.0, 80.0, 72.0, 50.0, 37.0, 20.0, 14.0, 8.0, 11.0, 5.0, 0.0, 2.0, 2.0, 2.0, 1.0, 0.0, 1.0, 1.0, 2.0], "bins": [-0.1606401652097702, -0.15676797926425934, -0.15289579331874847, -0.1490236073732376, -0.14515142142772675, -0.14127923548221588, -0.13740704953670502, -0.13353486359119415, -0.1296626776456833, -0.12579049170017242, -0.12191830575466156, -0.1180461198091507, -0.11417393386363983, -0.11030174791812897, -0.1064295619726181, -0.10255737602710724, -0.09868519753217697, -0.09481301158666611, -0.09094082564115524, -0.08706863969564438, -0.08319645375013351, -0.07932426780462265, -0.07545208930969238, -0.07157990336418152, -0.06770771741867065, -0.06383553147315979, -0.059963345527648926, -0.05609115958213806, -0.0522189736366272, -0.04834678769111633, -0.04447460547089577, -0.0406024195253849, -0.03673022240400314, -0.03285803645849228, -0.028985850512981415, -0.0251136664301157, -0.021241480484604836, -0.01736929453909397, -0.013497110456228256, -0.009624924510717392, -0.005752734839916229, -0.0018805493600666523, 0.0019916361197829247, 0.005863821133971214, 0.009736007079482079, 0.013608193024992943, 0.017480377107858658, 0.021352563053369522, 0.025224745273590088, 0.029096931219100952, 0.032969117164611816, 0.03684130311012268, 0.040713489055633545, 0.04458567500114441, 0.048457857221364975, 0.05233004316687584, 0.056202229112386703, 0.06007441505789757, 0.06394659727811813, 0.067818783223629, 0.07169096916913986, 0.07556315511465073, 0.07943534106016159, 0.08330752700567245, 0.08717971295118332]}, "gradients/conv2.0.weight": {"_type": "histogram", "values": [2.0, 0.0, 1.0, 3.0, 1.0, 4.0, 4.0, 3.0, 6.0, 5.0, 5.0, 4.0, 4.0, 8.0, 12.0, 9.0, 19.0, 16.0, 25.0, 35.0, 45.0, 68.0, 69.0, 101.0, 102.0, 156.0, 171.0, 273.0, 334.0, 441.0, 531.0, 786.0, 1523.0, 4298.0, 1100.0, 673.0, 527.0, 333.0, 249.0, 176.0, 145.0, 117.0, 105.0, 72.0, 50.0, 41.0, 30.0, 14.0, 17.0, 15.0, 15.0, 6.0, 9.0, 9.0, 9.0, 6.0, 4.0, 3.0, 4.0, 2.0, 2.0, 2.0, 0.0, 1.0], "bins": [-0.052803076803684235, -0.051218897104263306, -0.04963471367955208, -0.04805053025484085, -0.04646635055541992, -0.04488217085599899, -0.043297987431287766, -0.04171380400657654, -0.04012962430715561, -0.03854544460773468, -0.03696126118302345, -0.035377077758312225, -0.033792898058891296, -0.03220871835947037, -0.03062453493475914, -0.029040353372693062, -0.027456171810626984, -0.025871990248560905, -0.024287808686494827, -0.02270362712442875, -0.02111944556236267, -0.019535264000296593, -0.017951082438230515, -0.016366900876164436, -0.014782719314098358, -0.01319853775203228, -0.011614356189966202, -0.010030174627900124, -0.008445993065834045, -0.006861811503767967, -0.005277629941701889, -0.003693448379635811, -0.002109263092279434, -0.000525081530213356, 0.0010591000318527222, 0.0026432815939188004, 0.0042274631559848785, 0.005811644718050957, 0.007395826280117035, 0.008980007842183113, 0.010564189404249191, 0.01214837096631527, 0.013732552528381348, 0.015316734090447426, 0.016900915652513504, 0.018485097214579582, 0.02006927877664566, 0.02165346033871174, 0.023237641900777817, 0.024821823462843895, 0.026406005024909973, 0.02799018658697605, 0.02957436814904213, 0.031158549711108208, 0.032742731273174286, 0.034326910972595215, 0.03591109439730644, 0.03749527782201767, 0.0390794575214386, 0.04066363722085953, 0.042247820645570755, 0.04383200407028198, 0.04541618376970291, 0.04700036346912384, 0.04858454689383507]}, "gradients/conv2.0.bias": {"_type": "histogram", "values": [1.0, 0.0, 0.0, 0.0, 0.0, 0.0, 0.0, 0.0, 0.0, 0.0, 0.0, 0.0, 1.0, 0.0, 0.0, 0.0, 0.0, 1.0, 0.0, 1.0, 0.0, 0.0, 0.0, 1.0, 2.0, 0.0, 1.0, 2.0, 0.0, 5.0, 3.0, 0.0, 0.0, 0.0, 0.0, 1.0, 1.0, 0.0, 1.0, 1.0, 1.0, 2.0, 0.0, 1.0, 0.0, 0.0, 0.0, 0.0, 0.0, 1.0, 1.0, 0.0, 0.0, 0.0, 1.0, 0.0, 0.0, 0.0, 0.0, 0.0, 0.0, 1.0, 1.0, 1.0], "bins": [-0.015220390632748604, -0.01481285598129034, -0.014405321329832077, -0.013997786678373814, -0.01359025202691555, -0.013182716444134712, -0.012775182723999023, -0.012367647141218185, -0.011960112489759922, -0.011552577838301659, -0.011145043186843395, -0.010737508535385132, -0.010329973883926868, -0.009922439232468605, -0.009514903649687767, -0.009107368998229504, -0.00869983434677124, -0.008292299695312977, -0.007884765043854713, -0.00747723039239645, -0.007069695275276899, -0.006662160623818636, -0.0062546259723603725, -0.005847090855240822, -0.005439557135105133, -0.00503202248364687, -0.004624487832188606, -0.004216953180730343, -0.003809418063610792, -0.0034018834121525288, -0.0029943487606942654, -0.0025868138764053583, -0.0021792789921164513, -0.001771744224242866, -0.0013642094563692808, -0.0009566748049110174, -0.0005491400370374322, -0.00014160526916384697, 0.00026592938229441643, 0.0006734642665833235, 0.0010809991508722305, 0.0014885339187458158, 0.001896068686619401, 0.0023036033380776644, 0.0027111382223665714, 0.003118672873824835, 0.0035262075252830982, 0.003933742642402649, 0.004341276828199625, 0.004748811479657888, 0.005156346131116152, 0.0055638812482357025, 0.005971415899693966, 0.006378950551152229, 0.006786485202610493, 0.007194019854068756, 0.0076015545055270195, 0.008009089156985283, 0.008416623808443546, 0.00882415845990181, 0.009231693111360073, 0.009639227762818336, 0.010046763345599174, 0.010454297997057438, 0.010861832648515701]}, "gradients/conv1.0.weight": {"_type": "histogram", "values": [2.0, 0.0, 0.0, 0.0, 0.0, 0.0, 0.0, 1.0, 0.0, 1.0, 0.0, 0.0, 0.0, 2.0, 0.0, 0.0, 0.0, 1.0, 1.0, 2.0, 3.0, 3.0, 5.0, 5.0, 5.0, 6.0, 3.0, 8.0, 11.0, 9.0, 12.0, 13.0, 11.0, 13.0, 16.0, 24.0, 16.0, 20.0, 23.0, 23.0, 51.0, 14.0, 19.0, 9.0, 10.0, 10.0, 5.0, 6.0, 4.0, 7.0, 6.0, 1.0, 6.0, 3.0, 2.0, 1.0, 2.0, 1.0, 0.0, 0.0, 1.0, 0.0, 1.0, 2.0],