{"gradients/out.bias": {"_type": "histogram", "values": [1.0, 1.0, 0.0, 0.0, 0.0, 0.0, 0.0, 0.0, 0.0, 0.0, 0.0, 0.0, 0.0, 0.0, 0.0, 0.0, 0.0, 0.0, 0.0, 0.0, 0.0, 0.0, 0.0, 0.0, 0.0, 0.0, 0.0, 0.0, 0.0, 0.0, 0.0, 0.0, 4.0, 1.0, 0.0, 1.0, 0.0, 0.0, 0.0, 0.0, 0.0, 0.0, 0.0, 0.0, 0.0, 0.0, 0.0, 0.0, 0.0, 0.0, 0.0, 0.0, 0.0, 0.0, 0.0, 0.0, 0.0, 0.0, 0.0, 0.0, 0.0, 1.0, 0.0, 1.0], "bins": [-0.014151937328279018, -0.013720167800784111, -0.013288399204611778, -0.012856630608439445, -0.012424861080944538, -0.01199309155344963, -0.011561322957277298, -0.011129554361104965, -0.010697784833610058, -0.01026601530611515, -0.009834246709942818, -0.009402478113770485, -0.008970708586275578, -0.00853893905878067, -0.008107170462608337, -0.007675401400774717, -0.007243632338941097, -0.006811863277107477, -0.006380094215273857, -0.005948325153440237, -0.005516556091606617, -0.005084787029772997, -0.004653017967939377, -0.004221248906105757, -0.0037894798442721367, -0.0033577107824385166, -0.0029259417206048965, -0.0024941726587712765, -0.0020624035969376564, -0.0016306345351040363, -0.0011988654732704163, -0.0007670964114367962, -0.0003353273496031761, 9.644171223044395e-05, 0.000528210774064064, 0.0009599798358976841, 0.0013917488977313042, 0.0018235179595649242, 0.0022552870213985443, 0.0026870560832321644, 0.0031188251450657845, 0.0035505942068994045, 0.003982363268733025, 0.004414132330566645, 0.004845901392400265, 0.005277670454233885, 0.005709439516067505, 0.006141208577901125, 0.006572977639734745, 0.007004746701568365, 0.007436515763401985, 0.007868284359574318, 0.008300053887069225, 0.008731823414564133, 0.009163592010736465, 0.009595360606908798, 0.010027130134403706, 0.010458899661898613, 0.010890668258070946, 0.011322436854243279, 0.011754206381738186, 0.012185975909233093, 0.012617744505405426, 0.013049513101577759, 0.013481282629072666]}, "gradients/out.weight": {"_type": "histogram", "values": [1.0, 0.0, 0.0, 0.0, 0.0, 2.0, 0.0, 1.0, 0.0, 0.0, 0.0, 0.0, 2.0, 0.0, 1.0, 2.0, 3.0, 3.0, 3.0, 3.0, 5.0, 4.0, 4.0, 10.0, 4.0, 7.0, 6.0, 6.0, 4.0, 7.0, 9.0, 13.0, 8.0, 15290.0, 159.0, 23.0, 18.0, 6.0, 6.0, 4.0, 7.0, 7.0, 6.0, 6.0, 7.0, 7.0, 5.0, 2.0, 2.0, 5.0, 5.0, 0.0, 1.0, 1.0, 0.0, 1.0, 0.0, 1.0, 1.0, 0.0, 0.0, 0.0, 1.0, 1.0], "bins": [-0.09389013797044754, -0.09112625569105148, -0.08836237341165543, -0.08559849113225937, -0.08283460885286331, -0.08007072657346725, -0.0773068517446518, -0.07454296946525574, -0.07177908718585968, -0.06901520490646362, -0.06625132262706757, -0.06348744034767151, -0.06072355806827545, -0.057959675788879395, -0.055195797234773636, -0.05243191495537758, -0.04966802895069122, -0.046904146671295166, -0.04414026439189911, -0.04137638211250305, -0.038612499833106995, -0.03584861755371094, -0.03308473899960518, -0.03032085672020912, -0.027556978166103363, -0.024793095886707306, -0.02202921360731125, -0.01926533319056034, -0.016501450911164284, -0.013737568631768227, -0.010973688215017319, -0.008209805935621262, -0.005445919930934906, -0.002682038117200136, 8.184369653463364e-05, 0.002845725044608116, 0.005609607324004173, 0.00837348960340023, 0.011137370020151138, 0.013901252299547195, 0.01666513830423355, 0.019429020583629608, 0.022192902863025665, 0.024956783279776573, 0.02772066555917263, 0.030484547838568687, 0.033248428255319595, 0.03601231053471565, 0.03877618908882141, 0.04154007136821747, 0.044303953647613525, 0.04706783592700958, 0.04983171820640564, 0.0525956004858017, 0.055359479039907455, 0.05812336131930351, 0.06088724359869957, 0.06365112215280533, 0.06641500443220139, 0.06917888671159744, 0.0719427689909935, 0.07470665127038956, 0.07747053354978561, 0.08023441582918167, 0.08299829810857773]}, "gradients/conv2.0.weight": {"_type": "histogram", "values": [1.0, 0.0, 0.0, 0.0, 0.0, 0.0, 0.0, 1.0, 0.0, 0.0, 0.0, 3.0, 6.0, 8.0, 6.0, 5.0, 4.0, 8.0, 6.0, 14.0, 10.0, 11.0, 14.0, 21.0, 24.0, 37.0, 48.0, 72.0, 81.0, 113.0, 11758.0, 130.0, 86.0, 76.0, 49.0, 40.0, 29.0, 28.0, 18.0, 16.0, 18.0, 6.0, 5.0, 5.0, 5.0, 7.0, 6.0, 1.0, 3.0, 2.0, 5.0, 3.0, 0.0, 2.0, 2.0, 0.0, 2.0, 3.0, 0.0, 0.0, 1.0, 0.0, 0.0, 1.0], "bins": [-0.07459040731191635, -0.07215284556150436, -0.06971528381109238, -0.06727772951126099, -0.064840167760849, -0.06240260601043701, -0.059965044260025024, -0.057527486234903336, -0.05508992820978165, -0.05265236645936966, -0.05021480843424797, -0.04777724668383598, -0.045339688658714294, -0.04290212690830231, -0.04046456515789032, -0.03802700713276863, -0.035589445382356644, -0.033151883631944656, -0.030714325606822968, -0.02827676385641098, -0.02583920583128929, -0.023401644080877304, -0.020964084193110466, -0.018526524305343628, -0.01608896255493164, -0.013651402667164803, -0.011213842779397964, -0.008776281960308552, -0.006338722072541714, -0.0039011621847748756, -0.001463601365685463, 0.0009739585220813751, 0.003411516547203064, 0.005849076434969902, 0.00828663632273674, 0.010724197141826153, 0.013161757029592991, 0.015599316917359829, 0.01803687773644924, 0.02047443762421608, 0.02291199564933777, 0.025349555537104607, 0.027787115424871445, 0.030224677175283432, 0.03266223520040512, 0.03509979695081711, 0.037537358701229095, 0.039974916726350784, 0.04241247847676277, 0.04485004022717476, 0.04728759825229645, 0.049725160002708435, 0.052162718027830124, 0.05460027977824211, 0.0570378378033638, 0.05947539955377579, 0.061912961304187775, 0.06435052305459976, 0.06678808480501175, 0.06922563910484314, 0.07166320085525513, 0.07410076260566711, 0.0765383243560791, 0.07897588610649109, 0.08141344040632248]}, "gradients/conv2.0.bias": {"_type": "histogram", "values": [1.0, 0.0, 0.0, 0.0, 0.0, 1.0, 0.0, 0.0, 1.0, 0.0, 0.0, 0.0, 0.0, 0.0, 0.0, 0.0, 1.0, 0.0, 0.0, 0.0, 0.0, 0.0, 25.0, 0.0, 0.0, 1.0, 0.0, 0.0, 0.0, 0.0, 0.0, 0.0, 1.0, 0.0, 0.0, 0.0, 0.0, 0.0, 0.0, 0.0, 0.0, 0.0, 0.0, 0.0, 0.0, 0.0, 0.0, 0.0, 0.0, 0.0, 0.0, 0.0, 0.0, 0.0, 0.0, 0.0, 0.0, 0.0, 0.0, 0.0, 0.0, 0.0, 0.0, 1.0], "bins": [-0.03280887007713318, -0.031356330960989, -0.02990378811955452, -0.02845124900341034, -0.02699870616197586, -0.02554616704583168, -0.02409362606704235, -0.02264108508825302, -0.02118854410946369, -0.019736003130674362, -0.018283462151885033, -0.016830921173095703, -0.015378381125628948, -0.013925840146839619, -0.012473300099372864, -0.011020759120583534, -0.009568218141794205, -0.008115677163004875, -0.006663136649876833, -0.005210596136748791, -0.003758055157959461, -0.0023055141791701317, -0.0008529741317033768, 0.0005995668470859528, 0.002052105963230133, 0.003504646709188819, 0.004957187455147505, 0.006409727968275547, 0.007862268947064877, 0.009314809925854206, 0.010767349973320961, 0.01221989095211029, 0.01367243379354477, 0.015124974772334099, 0.01657751575112343, 0.01803005486726761, 0.019482597708702087, 0.020935136824846268, 0.022387677803635597, 0.023840218782424927, 0.025292761623859406, 0.026745302602648735, 0.028197843581438065, 0.029650382697582245, 0.031102925539016724, 0.032555464655160904, 0.034008003771305084, 0.03546054661273956, 0.03691308572888374, 0.038365624845027924, 0.0398181676864624, 0.04127070680260658, 0.04272324964404106, 0.04417578876018524, 0.04562833160161972, 0.0470808707177639, 0.04853340983390808, 0.04998594895005226, 0.05143849179148674, 0.05289103090763092, 0.0543435737490654, 0.05579611286520958, 0.05724865198135376, 0.05870119482278824, 0.06015373766422272]}, "gradients/conv1.0.weight": {"_type": "histogram", "values": [1.0, 0.0, 0.0, 0.0, 0.0, 0.0, 0.0, 2.0, 0.0, 0.0, 2.0, 1.0, 1.0, 1.0, 1.0, 0.0, 6.0, 1.0, 3.0, 6.0, 6.0, 6.0, 5.0, 8.0, 11.0, 19.0, 27.0, 17.0, 153.0, 14.0, 11.0, 17.0, 8.0, 3.0, 4.0, 6.0, 4.0, 4.0, 5.0, 7.0, 2.0, 1.0, 2.0, 4.0, 2.0, 3.0, 0.0, 3.0, 4.0, 2.0, 4.0, 3.0, 1.0, 1.0, 1.0, 2.0, 2.0, 0.0, 1.0, 0.0, 1.0, 0.0, 0.0, 1.0],