{"gradients/out.bias": {"_type": "histogram", "values": [1.0, 0.0, 0.0, 0.0, 0.0, 0.0, 0.0, 0.0, 0.0, 0.0, 0.0, 0.0, 0.0, 1.0, 0.0, 0.0, 0.0, 1.0, 0.0, 0.0, 0.0, 1.0, 0.0, 0.0, 1.0, 0.0, 0.0, 0.0, 0.0, 0.0, 0.0, 1.0, 0.0, 0.0, 0.0, 0.0, 0.0, 0.0, 0.0, 0.0, 0.0, 0.0, 0.0, 1.0, 1.0, 0.0, 0.0, 0.0, 0.0, 0.0, 0.0, 0.0, 0.0, 0.0, 1.0, 0.0, 0.0, 0.0, 0.0, 0.0, 0.0, 0.0, 0.0, 1.0], "bins": [-0.027009550482034683, -0.026153620332479477, -0.02529769018292427, -0.024441760033369064, -0.023585829883813858, -0.02272989973425865, -0.021873971447348595, -0.02101804129779339, -0.020162111148238182, -0.019306180998682976, -0.01845025084912777, -0.017594320699572563, -0.016738392412662506, -0.0158824622631073, -0.015026532113552094, -0.014170601963996887, -0.013314671814441681, -0.012458741664886475, -0.011602811515331268, -0.010746882297098637, -0.00989095214754343, -0.009035021997988224, -0.008179092779755592, -0.007323162630200386, -0.00646723248064518, -0.0056113023310899734, -0.0047553726471960545, -0.003899442730471492, -0.003043512813746929, -0.002187582664191723, -0.0013316529802978039, -0.0004757232964038849, 0.0003802049905061722, 0.0012361349072307348, 0.0020920648239552975, 0.00294799474067986, 0.0038039246574044228, 0.004659854806959629, 0.005515784490853548, 0.006371714174747467, 0.007227644324302673, 0.00808357447385788, 0.008939504623413086, 0.009795433841645718, 0.010651363991200924, 0.01150729414075613, 0.012363223358988762, 0.013219153508543968, 0.014075083658099174, 0.01493101380765438, 0.015786943957209587, 0.016642874106764793, 0.01749880239367485, 0.018354732543230057, 0.019210662692785263, 0.02006659284234047, 0.020922522991895676, 0.021778453141450882, 0.022634383291006088, 0.023490313440561295, 0.0243462435901165, 0.025202173739671707, 0.026058102026581764, 0.02691403217613697, 0.027769962325692177]}, "gradients/out.weight": {"_type": "histogram", "values": [2.0, 0.0, 0.0, 0.0, 0.0, 2.0, 0.0, 0.0, 1.0, 2.0, 3.0, 1.0, 3.0, 5.0, 1.0, 4.0, 5.0, 5.0, 7.0, 13.0, 18.0, 19.0, 24.0, 38.0, 15326.0, 71.0, 41.0, 18.0, 14.0, 10.0, 15.0, 5.0, 4.0, 2.0, 3.0, 3.0, 4.0, 3.0, 2.0, 1.0, 0.0, 1.0, 0.0, 1.0, 0.0, 1.0, 0.0, 0.0, 0.0, 0.0, 0.0, 0.0, 0.0, 0.0, 0.0, 0.0, 0.0, 0.0, 0.0, 0.0, 1.0, 0.0, 0.0, 1.0], "bins": [-0.041877731680870056, -0.04018344357609749, -0.03848915547132492, -0.03679486736655235, -0.035100579261779785, -0.03340629115700722, -0.03171200305223465, -0.030017713084816933, -0.028323424980044365, -0.026629136875271797, -0.02493484877049923, -0.023240558803081512, -0.021546270698308945, -0.019851982593536377, -0.01815769448876381, -0.01646340638399124, -0.014769118279218674, -0.013074830174446106, -0.011380542069673538, -0.009686253033578396, -0.007991964928805828, -0.00629767682403326, -0.004603387787938118, -0.0029090996831655502, -0.0012148097157478333, 0.00047947862185537815, 0.0021737669594585896, 0.0038680555298924446, 0.005562343634665012, 0.00725663173943758, 0.008950920775532722, 0.01064520888030529, 0.012339495122432709, 0.014033783227205276, 0.015728071331977844, 0.017422359436750412, 0.01911664754152298, 0.020810935646295547, 0.022505225613713264, 0.024199513718485832, 0.02589379996061325, 0.02758808806538582, 0.029282376170158386, 0.030976664274930954, 0.03267095237970352, 0.03436524048447609, 0.03605952858924866, 0.03775382041931152, 0.03944810852408409, 0.04114239662885666, 0.04283668473362923, 0.044530972838401794, 0.04622526094317436, 0.04791954904794693, 0.049613840878009796, 0.051308125257492065, 0.05300241708755493, 0.0546967051923275, 0.05639099329710007, 0.058085281401872635, 0.0597795695066452, 0.06147385761141777, 0.06316814571619034, 0.0648624375462532, 0.06655672192573547]}, "gradients/conv2.0.weight": {"_type": "histogram", "values": [1.0, 1.0, 1.0, 1.0, 0.0, 0.0, 1.0, 1.0, 1.0, 2.0, 0.0, 0.0, 0.0, 0.0, 1.0, 3.0, 2.0, 1.0, 0.0, 1.0, 0.0, 0.0, 1.0, 2.0, 3.0, 2.0, 12751.0, 1.0, 1.0, 3.0, 2.0, 2.0, 3.0, 2.0, 1.0, 0.0, 0.0, 1.0, 1.0, 1.0, 0.0, 2.0, 1.0, 0.0, 0.0, 0.0, 1.0, 0.0, 0.0, 0.0, 0.0, 0.0, 0.0, 0.0, 0.0, 0.0, 1.0, 0.0, 0.0, 0.0, 0.0, 0.0, 0.0, 1.0], "bins": [-0.11604125797748566, -0.11163892596960068, -0.1072366014122963, -0.10283426940441132, -0.09843194484710693, -0.09402961283922195, -0.08962728083133698, -0.08522495627403259, -0.08082262426614761, -0.07642029225826263, -0.07201796770095825, -0.06761563569307327, -0.0632133036851883, -0.05881097912788391, -0.05440864711999893, -0.05000631883740425, -0.04560399055480957, -0.04120166227221489, -0.03679933398962021, -0.03239700198173523, -0.02799467369914055, -0.023592345416545868, -0.019190015271306038, -0.014787685126066208, -0.010385356843471527, -0.005983027629554272, -0.0015806984156370163, 0.002821630798280239, 0.0072239600121974945, 0.011626288294792175, 0.016028618440032005, 0.020430948585271835, 0.024833276867866516, 0.029235605150461197, 0.03363793343305588, 0.03804026544094086, 0.04244259372353554, 0.04684492200613022, 0.0512472540140152, 0.05564958229660988, 0.06005191057920456, 0.06445424258708954, 0.06885656714439392, 0.0732588991522789, 0.07766123116016388, 0.08206355571746826, 0.08646588772535324, 0.09086821973323822, 0.0952705442905426, 0.09967287629842758, 0.10407520085573196, 0.10847753286361694, 0.11287985742092133, 0.1172821894288063, 0.12168452143669128, 0.12608684599399567, 0.13048917055130005, 0.13489149510860443, 0.13929383456707, 0.1436961591243744, 0.14809848368167877, 0.15250080823898315, 0.15690314769744873, 0.1613054722547531, 0.1657078117132187]}, "gradients/conv2.0.bias": {"_type": "histogram", "values": [31.0, 0.0, 0.0, 0.0, 0.0, 0.0, 0.0, 0.0, 0.0, 0.0, 0.0, 0.0, 0.0, 0.0, 0.0, 0.0, 0.0, 0.0, 0.0, 0.0, 0.0, 0.0, 0.0, 0.0, 0.0, 0.0, 0.0, 0.0, 0.0, 0.0, 0.0, 0.0, 0.0, 0.0, 0.0, 0.0, 0.0, 0.0, 0.0, 0.0, 0.0, 0.0, 0.0, 0.0, 0.0, 0.0, 0.0, 0.0, 0.0, 0.0, 0.0, 0.0, 0.0, 0.0, 0.0, 0.0, 0.0, 0.0, 0.0, 0.0, 0.0, 0.0, 0.0, 1.0], "bins": [0.0, 0.0011579658603295684, 0.0023159317206591368, 0.0034738974645733833, 0.0046318634413182735, 0.005789829418063164, 0.006947794929146767, 0.008105761371552944, 0.009263726882636547, 0.01042169239372015, 0.011579658836126328, 0.01273762434720993, 0.013895589858293533, 0.01505355630069971, 0.01621152088046074, 0.01736948825418949, 0.018527453765273094, 0.019685419276356697, 0.0208433847874403, 0.022001352161169052, 0.023159317672252655, 0.024317283183336258, 0.02547524869441986, 0.026633214205503464, 0.027791179716587067, 0.02894914522767067, 0.030107110738754272, 0.031265076249837875, 0.03242304176092148, 0.03358101099729538, 0.034738972783088684, 0.035896942019462585, 0.03705490753054619, 0.03821287304162979, 0.039370838552713394, 0.040528804063797, 0.0416867695748806, 0.0428447350859642, 0.044002704322338104, 0.04516066983342171, 0.04631863534450531, 0.04747660085558891, 0.048634566366672516, 0.04979253187775612, 0.05095049738883972, 0.05210846662521362, 0.05326642841100693, 0.05442439764738083, 0.05558235943317413, 0.056740324944257736, 0.05789829045534134, 0.05905625596642494, 0.060214221477508545, 0.061372190713882446, 0.06253015249967575, 0.06368812173604965, 0.06484609097242355, 0.06600406020879745, 0.06716202199459076, 0.06831999123096466, 0.06947795301675797, 0.07063592225313187, 0.07179388403892517, 0.07295185327529907, 0.07410981506109238]}, "gradients/conv1.0.weight": {"_type": "histogram", "values": [1.0, 0.0, 2.0, 0.0, 0.0, 2.0, 0.0, 6.0, 1.0, 2.0, 7.0, 360.0, 4.0, 4.0, 1.0, 0.0, 0.0, 2.0, 1.0, 1.0, 0.0, 1.0, 0.0, 0.0, 0.0, 0.0, 0.0, 0.0, 0.0, 1.0, 0.0, 0.0, 0.0, 0.0, 0.0, 0.0, 0.0, 0.0, 0.0, 1.0, 0.0, 0.0, 0.0, 0.0, 0.0, 1.0, 0.0, 0.0, 0.0, 0.0, 0.0, 0.0, 1.0, 0.0, 0.0, 0.0, 0.0, 0.0, 0.0, 0.0, 0.0, 0.0, 0.0, 1.0],