{"gradients/out.bias": {"_type": "histogram", "values": [1.0, 0.0, 0.0, 0.0, 0.0, 0.0, 0.0, 0.0, 0.0, 0.0, 0.0, 0.0, 0.0, 0.0, 0.0, 0.0, 0.0, 0.0, 0.0, 0.0, 0.0, 0.0, 1.0, 0.0, 0.0, 0.0, 0.0, 0.0, 0.0, 0.0, 0.0, 0.0, 0.0, 0.0, 0.0, 0.0, 0.0, 2.0, 0.0, 2.0, 0.0, 0.0, 0.0, 1.0, 0.0, 0.0, 1.0, 0.0, 0.0, 0.0, 0.0, 0.0, 0.0, 0.0, 0.0, 0.0, 0.0, 0.0, 0.0, 0.0, 0.0, 0.0, 0.0, 2.0], "bins": [-0.023465510457754135, -0.02287246845662594, -0.02227942645549774, -0.021686386317014694, -0.021093344315886497, -0.0205003023147583, -0.019907260313630104, -0.019314218312501907, -0.01872117817401886, -0.018128136172890663, -0.017535094171762466, -0.01694205403327942, -0.016349012032151222, -0.015755970031023026, -0.015162928029894829, -0.014569886960089207, -0.01397684495896101, -0.013383802957832813, -0.012790761888027191, -0.012197719886898994, -0.011604678817093372, -0.011011636815965176, -0.010418595746159554, -0.009825553745031357, -0.00923251174390316, -0.008639469742774963, -0.008046428672969341, -0.0074533866718411446, -0.0068603456020355225, -0.006267303600907326, -0.005674262065440416, -0.005081220529973507, -0.004488179460167885, -0.0038951379247009754, -0.003302096389234066, -0.002709054620936513, -0.0021160130854696035, -0.0015229715500026941, -0.0009299297817051411, -0.00033688824623823166, 0.00025615282356739044, 0.0008491944172419608, 0.001442236010916531, 0.0020352776627987623, 0.0026283191982656717, 0.003221360733732581, 0.003814402502030134, 0.004407444037497044, 0.00500048603862524, 0.00559352757409215, 0.006186569109559059, 0.006779611110687256, 0.007372652180492878, 0.007965694181621075, 0.008558735251426697, 0.009151777252554893, 0.00974481925368309, 0.010337861254811287, 0.010930902324616909, 0.011523944325745106, 0.012116985395550728, 0.012710027396678925, 0.013303069397807121, 0.013896110467612743, 0.014489151537418365]}, "gradients/out.weight": {"_type": "histogram", "values": [2.0, 0.0, 0.0, 0.0, 2.0, 1.0, 0.0, 1.0, 1.0, 2.0, 1.0, 3.0, 6.0, 4.0, 2.0, 3.0, 8.0, 7.0, 4.0, 10.0, 10.0, 5.0, 12.0, 13.0, 17.0, 15.0, 20.0, 28.0, 35.0, 42.0, 45.0, 61.0, 64.0, 77.0, 113.0, 137.0, 160.0, 292.0, 674.0, 11331.0, 904.0, 432.0, 270.0, 212.0, 157.0, 125.0, 78.0, 70.0, 52.0, 40.0, 21.0, 21.0, 20.0, 15.0, 13.0, 10.0, 9.0, 6.0, 4.0, 5.0, 2.0, 2.0, 0.0, 4.0], "bins": [-0.2039623111486435, -0.19880470633506775, -0.1936471164226532, -0.18848951160907745, -0.1833319067955017, -0.17817431688308716, -0.1730167120695114, -0.16785910725593567, -0.16270151734352112, -0.15754391252994537, -0.15238632261753082, -0.14722871780395508, -0.14207111299037933, -0.1369135081768036, -0.13175591826438904, -0.1265983134508133, -0.12144070863723755, -0.1162831112742424, -0.11112550646066666, -0.10596790909767151, -0.10081030428409576, -0.09565270692110062, -0.09049510955810547, -0.08533750474452972, -0.08017990738153458, -0.07502231001853943, -0.06986470520496368, -0.06470710784196854, -0.05954950675368309, -0.054391905665397644, -0.049234308302402496, -0.04407670721411705, -0.0389191210269928, -0.03376151993870735, -0.028603920713067055, -0.023446321487426758, -0.01828872039914131, -0.013131119310855865, -0.007973520085215569, -0.0028159208595752716, 0.0023416802287101746, 0.007499280385673046, 0.012656880542635918, 0.017814479768276215, 0.02297208085656166, 0.028129681944847107, 0.033287279307842255, 0.0384448803961277, 0.04360248148441315, 0.04876008257269859, 0.05391768366098404, 0.05907528102397919, 0.06423288583755493, 0.06939048320055008, 0.07454808056354523, 0.07970568537712097, 0.08486328274011612, 0.09002088010311127, 0.09517848491668701, 0.10033608227968216, 0.10549367964267731, 0.11065128445625305, 0.1158088818192482, 0.12096647918224335, 0.1261240839958191]}, "gradients/conv2.0.weight": {"_type": "histogram", "values": [1.0, 3.0, 0.0, 0.0, 0.0, 1.0, 3.0, 5.0, 3.0, 6.0, 9.0, 7.0, 6.0, 4.0, 13.0, 16.0, 19.0, 17.0, 20.0, 35.0, 36.0, 26.0, 37.0, 53.0, 67.0, 86.0, 103.0, 183.0, 259.0, 305.0, 552.0, 765.0, 1046.0, 1677.0, 3964.0, 1204.0, 620.0, 385.0, 292.0, 200.0, 161.0, 115.0, 84.0, 70.0, 62.0, 46.0, 34.0, 31.0, 33.0, 21.0, 21.0, 10.0, 16.0, 11.0, 16.0, 6.0, 5.0, 10.0, 5.0, 9.0, 1.0, 1.0, 1.0, 3.0], "bins": [-0.06587792932987213, -0.0639735758304596, -0.06206922233104706, -0.06016486883163452, -0.058260515332221985, -0.05635616183280945, -0.05445180460810661, -0.05254745110869408, -0.05064309760928154, -0.048738744109869, -0.04683439061045647, -0.04493003711104393, -0.043025679886341095, -0.04112132638692856, -0.03921697288751602, -0.037312619388103485, -0.03540826588869095, -0.03350391238927841, -0.031599558889865875, -0.02969520352780819, -0.027790850028395653, -0.025886496528983116, -0.02398214116692543, -0.022077787667512894, -0.020173434168100357, -0.01826908066868782, -0.016364727169275284, -0.014460371807217598, -0.012556018307805061, -0.010651664808392525, -0.008747310377657413, -0.006842955946922302, -0.004938602447509766, -0.0030342484824359417, -0.0011298945173621178, 0.0007744594477117062, 0.00267881341278553, 0.004583166912198067, 0.006487521342933178, 0.00839187577366829, 0.010296229273080826, 0.012200582772493362, 0.014104937203228474, 0.016009291633963585, 0.01791364513337612, 0.019817998632788658, 0.021722353994846344, 0.02362670749425888, 0.025531060993671417, 0.027435414493083954, 0.02933976799249649, 0.031244123354554176, 0.033148474991321564, 0.0350528284907341, 0.036957185715436935, 0.03886153921484947, 0.04076589271426201, 0.042670246213674545, 0.04457459971308708, 0.04647895321249962, 0.048383310437202454, 0.05028766393661499, 0.05219201743602753, 0.054096370935440063, 0.0560007244348526]}, "gradients/conv2.0.bias": {"_type": "histogram", "values": [1.0, 0.0, 0.0, 0.0, 0.0, 1.0, 1.0, 0.0, 0.0, 0.0, 0.0, 0.0, 0.0, 0.0, 0.0, 1.0, 0.0, 0.0, 0.0, 0.0, 0.0, 0.0, 0.0, 0.0, 0.0, 0.0, 1.0, 1.0, 0.0, 0.0, 1.0, 0.0, 1.0, 1.0, 2.0, 1.0, 2.0, 3.0, 1.0, 2.0, 2.0, 1.0, 1.0, 0.0, 0.0, 0.0, 0.0, 1.0, 0.0, 1.0, 0.0, 1.0, 0.0, 1.0, 2.0, 0.0, 1.0, 0.0, 0.0, 0.0, 0.0, 0.0, 0.0, 1.0], "bins": [-0.020215220749378204, -0.0197420846670866, -0.01926894672214985, -0.018795810639858246, -0.018322672694921494, -0.01784953661262989, -0.017376398667693138, -0.016903262585401535, -0.016430124640464783, -0.01595698855817318, -0.015483850613236427, -0.01501071359962225, -0.014537576586008072, -0.014064440503716469, -0.013591303490102291, -0.013118166476488113, -0.01264503039419651, -0.012171893380582333, -0.011698756366968155, -0.011225619353353977, -0.0107524823397398, -0.010279346257448196, -0.009806209243834019, -0.009333072230219841, -0.008859935216605663, -0.008386798202991486, -0.007913661189377308, -0.0074405246414244175, -0.00696738762781024, -0.006494250614196062, -0.006021114066243172, -0.005547977052628994, -0.005074840970337391, -0.004601703956723213, -0.0041285669431090355, -0.003655430395156145, -0.0031822933815419674, -0.0027091563679277897, -0.0022360195871442556, -0.0017628828063607216, -0.0012897457927465439, -0.000816608895547688, -0.00034347199834883213, 0.00012966489885002375, 0.0006028017960488796, 0.0010759388096630573, 0.0015490755904465914, 0.0020222123712301254, 0.002495349384844303, 0.002968486398458481, 0.003441623179242015, 0.003914759960025549, 0.004387896973639727, 0.004861033987253904, 0.005334170535206795, 0.0058073075488209724, 0.00628044456243515, 0.006753581576049328, 0.0072267185896635056, 0.007699855137616396, 0.008172992616891861, 0.008646128699183464, 0.009119265712797642, 0.00959240272641182, 0.010065539740025997]}, "gradients/conv1.0.weight": {"_type": "histogram", "values": [1.0, 1.0, 0.0, 0.0, 0.0, 0.0, 0.0, 0.0, 1.0, 0.0, 5.0, 1.0, 4.0, 3.0, 5.0, 8.0, 4.0, 5.0, 9.0, 5.0, 5.0, 4.0, 11.0, 5.0, 12.0, 8.0, 14.0, 14.0, 19.0, 27.0, 29.0, 21.0, 19.0, 23.0, 9.0, 15.0, 15.0, 10.0, 8.0, 5.0, 8.0, 6.0, 7.0, 6.0, 2.0, 7.0, 6.0, 2.0, 2.0, 8.0, 3.0, 2.0, 3.0, 1.0, 2.0, 2.0, 1.0, 3.0, 0.0, 1.0, 1.0, 0.0, 1.0, 1.0],