{"gradients/out.bias": {"_type": "histogram", "values": [1.0, 0.0, 0.0, 0.0, 0.0, 1.0, 0.0, 0.0, 0.0, 0.0, 0.0, 0.0, 0.0, 0.0, 0.0, 0.0, 0.0, 0.0, 0.0, 0.0, 0.0, 0.0, 0.0, 0.0, 1.0, 1.0, 1.0, 1.0, 0.0, 2.0, 1.0, 0.0, 0.0, 0.0, 0.0, 0.0, 0.0, 0.0, 0.0, 0.0, 0.0, 0.0, 0.0, 0.0, 0.0, 0.0, 0.0, 0.0, 0.0, 0.0, 0.0, 0.0, 0.0, 0.0, 0.0, 0.0, 0.0, 0.0, 0.0, 0.0, 0.0, 0.0, 0.0, 1.0], "bins": [-0.0013708036858588457, -0.0013188566081225872, -0.0012669095303863287, -0.0012149624526500702, -0.0011630152584984899, -0.0011110681807622313, -0.0010591211030259728, -0.0010071740252897143, -0.0009552269475534558, -0.0009032798698171973, -0.0008513327338732779, -0.0007993856561370194, -0.0007474385784007609, -0.0006954914424568415, -0.000643544364720583, -0.0005915972869843245, -0.000539650151040405, -0.00048770304420031607, -0.00043575596646405756, -0.0003838088596239686, -0.0003318617818877101, -0.00027991467504762113, -0.00022796756820753217, -0.00017602049047127366, -0.00012407335452735424, -7.21262622391805e-05, -2.0179162675049156e-05, 3.176793688908219e-05, 8.371502917725593e-05, 0.00013566212146542966, 0.00018760922830551863, 0.00023955630604177713, 0.00029150338377803564, 0.0003434504906181246, 0.0003953975683543831, 0.0004473446751944721, 0.0004992917529307306, 0.00055123888887465, 0.0006031859666109085, 0.000655133044347167, 0.0007070801220834255, 0.000759027199819684, 0.0008109743357636034, 0.000862921413499862, 0.0009148684912361205, 0.0009668156271800399, 0.0010187627049162984, 0.001070709782652557, 0.0011226569768041372, 0.0011746040545403957, 0.0012265511322766542, 0.0012784982100129128, 0.001330445404164493, 0.0013823924819007516, 0.00143433955963701, 0.0014862866373732686, 0.0015382337151095271, 0.0015901807928457856, 0.0016421278705820441, 0.0016940750647336245, 0.001746022142469883, 0.0017979692202061415, 0.0018499162979424, 0.0019018633756786585, 0.001953810453414917]}, "gradients/out.weight": {"_type": "histogram", "values": [1.0, 0.0, 0.0, 0.0, 0.0, 0.0, 0.0, 0.0, 0.0, 1.0, 1.0, 0.0, 1.0, 3.0, 0.0, 3.0, 1.0, 3.0, 7.0, 3.0, 8.0, 6.0, 12.0, 18.0, 16.0, 15.0, 17.0, 27.0, 31.0, 45.0, 91.0, 114.0, 180.0, 9960.0, 4566.0, 204.0, 85.0, 78.0, 33.0, 20.0, 21.0, 23.0, 17.0, 11.0, 7.0, 12.0, 6.0, 10.0, 2.0, 5.0, 3.0, 4.0, 4.0, 2.0, 0.0, 1.0, 1.0, 0.0, 0.0, 0.0, 0.0, 0.0, 0.0, 1.0], "bins": [-0.0200521107763052, -0.019462132826447487, -0.018872154876589775, -0.018282176926732063, -0.01769219897687435, -0.01710221916437149, -0.01651224121451378, -0.015922263264656067, -0.015332285314798355, -0.014742307364940643, -0.014152329415082932, -0.01356235146522522, -0.012972372584044933, -0.012382394634187222, -0.01179241668432951, -0.011202437803149223, -0.010612460784614086, -0.010022482834756374, -0.009432504884898663, -0.008842526003718376, -0.008252548053860664, -0.007662570104002953, -0.007072592154145241, -0.006482613738626242, -0.005892636254429817, -0.005302658304572105, -0.004712679889053106, -0.0041227019391953945, -0.003532723756507039, -0.0029427455738186836, -0.002352767623960972, -0.0017627892084419727, -0.0011728107929229736, -0.0005828326684422791, 7.145456038415432e-06, 0.000597123522311449, 0.0011871017049998045, 0.00177707988768816, 0.0023670578375458717, 0.002957036253064871, 0.00354701466858387, 0.004136992618441582, 0.004726971033960581, 0.005316948983818293, 0.005906927399337292, 0.0064969053491950035, 0.007086883299052715, 0.007676861714571714, 0.008266839198768139, 0.00885681714862585, 0.009446795098483562, 0.010036773979663849, 0.01062675192952156, 0.011216729879379272, 0.011806707829236984, 0.012396685779094696, 0.012986663728952408, 0.01357664167881012, 0.014166619628667831, 0.014756597578525543, 0.01534657645970583, 0.015936553478240967, 0.01652653142809868, 0.01711651124060154, 0.01770648919045925]}, "gradients/conv2.0.weight": {"_type": "histogram", "values": [3.0, 2.0, 5.0, 5.0, 3.0, 15.0, 18.0, 13.0, 17.0, 33.0, 46.0, 51.0, 71.0, 95.0, 155.0, 175.0, 266.0, 441.0, 620.0, 944.0, 1595.0, 4113.0, 1610.0, 617.0, 392.0, 298.0, 224.0, 162.0, 123.0, 93.0, 73.0, 80.0, 66.0, 55.0, 40.0, 47.0, 33.0, 28.0, 25.0, 21.0, 19.0, 15.0, 17.0, 14.0, 9.0, 7.0, 5.0, 8.0, 4.0, 4.0, 3.0, 7.0, 1.0, 2.0, 4.0, 1.0, 3.0, 1.0, 1.0, 0.0, 0.0, 1.0, 0.0, 1.0], "bins": [-0.0046175578609108925, -0.0044067250564694405, -0.004195892717689276, -0.003985059913247824, -0.0037742271088063717, -0.0035633945371955633, -0.003352561965584755, -0.003141729161143303, -0.0029308965895324945, -0.002720064017921686, -0.002509231213480234, -0.0022983986418694258, -0.0020875660702586174, -0.0018767332658171654, -0.001665900694206357, -0.0014550680061802268, -0.0012442353181540966, -0.0010334026301279664, -0.0008225700003094971, -0.0006117373704910278, -0.00040090468246489763, -0.00019007199443876743, 2.076057717204094e-05, 0.00023159326519817114, 0.0004424257203936577, 0.0006532584084197879, 0.0008640910382382572, 0.0010749236680567265, 0.0012857563560828567, 0.0014965890441089869, 0.0017074216157197952, 0.0019182543037459254, 0.0021290872246026993, 0.0023399197962135077, 0.0025507526006549597, 0.002761585172265768, 0.00297241797670722, 0.0031832505483180285, 0.003394083119928837, 0.003604915924370289, 0.003815748728811741, 0.004026581533253193, 0.004237413872033358, 0.00444824667647481, 0.004659079480916262, 0.004869911819696426, 0.005080744624137878, 0.0052915774285793304, 0.005502409767359495, 0.005713242571800947, 0.005924074910581112, 0.006134907715022564, 0.006345740519464016, 0.006556573323905468, 0.006767405662685633, 0.006978238467127085, 0.0071890708059072495, 0.0073999036103487015, 0.007610735949128866, 0.007821569219231606, 0.008032401092350483, 0.008243233896791935, 0.008454066701233387, 0.008664899505674839, 0.008875732310116291]}, "gradients/conv2.0.bias": {"_type": "histogram", "values": [1.0, 0.0, 0.0, 0.0, 0.0, 0.0, 0.0, 0.0, 0.0, 1.0, 2.0, 1.0, 1.0, 0.0, 2.0, 0.0, 0.0, 0.0, 1.0, 3.0, 1.0, 3.0, 0.0, 2.0, 1.0, 2.0, 2.0, 1.0, 1.0, 1.0, 1.0, 0.0, 0.0, 0.0, 0.0, 0.0, 0.0, 0.0, 2.0, 0.0, 0.0, 1.0, 0.0, 0.0, 0.0, 1.0, 0.0, 0.0, 0.0, 0.0, 0.0, 0.0, 0.0, 0.0, 0.0, 0.0, 0.0, 0.0, 0.0, 0.0, 0.0, 0.0, 0.0, 1.0], "bins": [-0.0017725378274917603, -0.0016955779865384102, -0.0016186180291697383, -0.0015416581882163882, -0.0014646982308477163, -0.0013877383898943663, -0.0013107785489410162, -0.0012338187079876661, -0.0011568587506189942, -0.0010798989096656442, -0.0010029389522969723, -0.0009259791113436222, -0.0008490192121826112, -0.0007720593130216002, -0.0006950994720682502, -0.0006181395729072392, -0.0005411796737462282, -0.00046421977458521724, -0.0003872599045280367, -0.0003103000344708562, -0.0002333401353098452, -0.00015638023614883423, -7.94203660916537e-05, -2.4604960344731808e-06, 7.44994031265378e-05, 0.00015145928773563355, 0.0002284191723447293, 0.00030537904240190983, 0.0003823389415629208, 0.0004592988407239318, 0.0005362586816772819, 0.0006132185808382928, 0.0006901782471686602, 0.0007671381463296711, 0.0008440980454906821, 0.0009210578864440322, 0.000998017843812704, 0.0010749776847660542, 0.0011519375257194042, 0.0012288973666727543, 0.0013058573240414262, 0.0013828171649947762, 0.0014597771223634481, 0.0015367369633167982, 0.0016136968042701483, 0.0016906567616388202, 0.0017676166025921702, 0.0018445765599608421, 0.0019215364009141922, 0.0019984962418675423, 0.0020754560828208923, 0.002152416156604886, 0.002229375997558236, 0.002306335838511586, 0.0023832956794649363, 0.0024602555204182863, 0.00253721559420228, 0.00261417543515563, 0.00269113527610898, 0.002768095349892974, 0.002845055190846324, 0.002922015031799674, 0.002998974872753024, 0.003075934713706374, 0.0031528945546597242]}, "gradients/conv1.0.weight": {"_type": "histogram",