{"gradients/out.bias": {"_type": "histogram", "values": [1.0, 0.0, 0.0, 0.0, 1.0, 0.0, 0.0, 0.0, 0.0, 0.0, 0.0, 0.0, 0.0, 0.0, 1.0, 0.0, 1.0, 0.0, 0.0, 0.0, 0.0, 0.0, 0.0, 0.0, 0.0, 1.0, 0.0, 0.0, 0.0, 0.0, 1.0, 0.0, 0.0, 0.0, 0.0, 0.0, 1.0, 0.0, 0.0, 0.0, 0.0, 0.0, 1.0, 0.0, 1.0, 0.0, 0.0, 0.0, 0.0, 0.0, 0.0, 0.0, 0.0, 0.0, 0.0, 0.0, 0.0, 0.0, 0.0, 0.0, 0.0, 0.0, 0.0, 1.0], "bins": [-0.044155340641736984, -0.042571309953927994, -0.040987275540828705, -0.039403244853019714, -0.037819214165210724, -0.03623518347740173, -0.034651149064302444, -0.033067118376493454, -0.031483087688684464, -0.029899055138230324, -0.028315024450421333, -0.026730991899967194, -0.025146961212158203, -0.023562928661704063, -0.021978896111249924, -0.020394865423440933, -0.018810832872986794, -0.017226800322532654, -0.015642769634723663, -0.014058737084269524, -0.012474706396460533, -0.010890673846006393, -0.009306642226874828, -0.007722610607743263, -0.0061385780572891235, -0.0045545464381575584, -0.0029705145861953497, -0.001386482734233141, 0.00019754888489842415, 0.0017815809696912766, 0.0033656125888228416, 0.004949644207954407, 0.006533674895763397, 0.008117706514894962, 0.009701738134026527, 0.011285770684480667, 0.012869801372289658, 0.014453833922743797, 0.016037866473197937, 0.017621897161006927, 0.019205927848815918, 0.020789960399270058, 0.022373991087079048, 0.023958023637533188, 0.02554205432534218, 0.027126086875796318, 0.028710119426250458, 0.030294150114059448, 0.03187818080186844, 0.03346221148967743, 0.03504624590277672, 0.03663027659058571, 0.0382143072783947, 0.03979834169149399, 0.04138237237930298, 0.04296640306711197, 0.04455043748021126, 0.04613446816802025, 0.04771850258111954, 0.04930253326892853, 0.05088656395673752, 0.05247059464454651, 0.0540546290576458, 0.05563865974545479, 0.05722269043326378]}, "gradients/out.weight": {"_type": "histogram", "values": [2.0, 1.0, 0.0, 0.0, 0.0, 1.0, 0.0, 1.0, 0.0, 0.0, 3.0, 5.0, 5.0, 4.0, 10.0, 5.0, 8.0, 10.0, 17.0, 17.0, 23.0, 29.0, 64.0, 71.0, 93.0, 109.0, 151.0, 181.0, 282.0, 408.0, 642.0, 1246.0, 2764.0, 5705.0, 1550.0, 783.0, 413.0, 290.0, 189.0, 141.0, 94.0, 82.0, 60.0, 41.0, 47.0, 26.0, 23.0, 13.0, 17.0, 9.0, 7.0, 4.0, 8.0, 3.0, 9.0, 5.0, 3.0, 2.0, 0.0, 1.0, 1.0, 0.0, 0.0, 2.0], "bins": [-0.1657259613275528, -0.16071893274784088, -0.15571188926696777, -0.15070486068725586, -0.14569783210754395, -0.14069080352783203, -0.13568377494812012, -0.130676731467247, -0.1256697028875351, -0.12066267430782318, -0.11565563827753067, -0.11064860224723816, -0.10564157366752625, -0.10063454508781433, -0.09562750905752182, -0.09062047302722931, -0.0856134444475174, -0.08060641586780548, -0.07559937983751297, -0.07059234380722046, -0.06558531522750854, -0.06057828292250633, -0.05557125061750412, -0.05056421831250191, -0.045557186007499695, -0.04055015370249748, -0.03554312139749527, -0.030536089092493057, -0.025529056787490845, -0.020522024482488632, -0.01551499217748642, -0.010507959872484207, -0.005500927567481995, -0.0004938952624797821, 0.00451313704252243, 0.009520169347524643, 0.014527201652526855, 0.019534233957529068, 0.02454126626253128, 0.029548298567533493, 0.034555330872535706, 0.03956236317753792, 0.04456939548254013, 0.04957642778754234, 0.054583460092544556, 0.05959049239754677, 0.06459752470254898, 0.06960456073284149, 0.0746115893125534, 0.07961861789226532, 0.08462565392255783, 0.08963268995285034, 0.09463971853256226, 0.09964674711227417, 0.10465378314256668, 0.10966081917285919, 0.1146678477525711, 0.11967487633228302, 0.12468191236257553, 0.12968894839286804, 0.13469597697257996, 0.13970300555229187, 0.14471003413200378, 0.1497170776128769, 0.1547241061925888]}, "gradients/conv2.0.weight": {"_type": "histogram", "values": [3.0, 0.0, 0.0, 0.0, 0.0, 1.0, 0.0, 1.0, 1.0, 3.0, 2.0, 1.0, 3.0, 0.0, 0.0, 2.0, 1.0, 4.0, 2.0, 6.0, 4.0, 6.0, 8.0, 11.0, 13.0, 15.0, 18.0, 27.0, 24.0, 51.0, 44.0, 61.0, 97.0, 109.0, 127.0, 175.0, 202.0, 262.0, 383.0, 469.0, 721.0, 1099.0, 2619.0, 3740.0, 1021.0, 638.0, 327.0, 224.0, 108.0, 71.0, 35.0, 16.0, 16.0, 11.0, 6.0, 5.0, 2.0, 0.0, 0.0, 1.0, 0.0, 1.0, 0.0, 3.0], "bins": [-0.07917814701795578, -0.07733958959579468, -0.07550102472305298, -0.07366246730089188, -0.07182390242815018, -0.06998534500598907, -0.06814678013324738, -0.06630822271108627, -0.06446965783834457, -0.06263110041618347, -0.06079253554344177, -0.05895397439599037, -0.05711541324853897, -0.05527685210108757, -0.05343829095363617, -0.05159973353147507, -0.049761172384023666, -0.047922611236572266, -0.046084050089120865, -0.044245488941669464, -0.04240692779421806, -0.04056836664676666, -0.03872980922460556, -0.03689124435186386, -0.03505268692970276, -0.03321412578225136, -0.03137556463479996, -0.029537003487348557, -0.027698442339897156, -0.025859881192445755, -0.024021321907639503, -0.022182760760188103, -0.020344194024801254, -0.018505632877349854, -0.016667071729898453, -0.014828511513769627, -0.012989950366318226, -0.011151389218866825, -0.009312829002737999, -0.007474267855286598, -0.005635704845190048, -0.003797143930569291, -0.001958583015948534, -0.00012002233415842056, 0.0017185388132929802, 0.003557099960744381, 0.005395660176873207, 0.007234221324324608, 0.00907278060913086, 0.01091134175658226, 0.012749902904033661, 0.014588463120162487, 0.016427025198936462, 0.018265586346387863, 0.020104145631194115, 0.021942706778645515, 0.023781267926096916, 0.025619829073548317, 0.027458390220999718, 0.02929694950580597, 0.03113551065325737, 0.03297407180070877, 0.03481263294816017, 0.03665119409561157, 0.03848975524306297]}, "gradients/conv2.0.bias": {"_type": "histogram", "values": [1.0, 0.0, 1.0, 0.0, 1.0, 0.0, 0.0, 0.0, 0.0, 0.0, 0.0, 0.0, 0.0, 1.0, 1.0, 0.0, 1.0, 0.0, 1.0, 0.0, 0.0, 2.0, 0.0, 1.0, 0.0, 1.0, 0.0, 0.0, 1.0, 1.0, 2.0, 0.0, 0.0, 1.0, 1.0, 1.0, 1.0, 0.0, 0.0, 1.0, 0.0, 0.0, 2.0, 0.0, 2.0, 1.0, 0.0, 1.0, 1.0, 0.0, 1.0, 0.0, 1.0, 0.0, 0.0, 0.0, 0.0, 1.0, 0.0, 0.0, 1.0, 0.0, 0.0, 1.0], "bins": [-0.028436623513698578, -0.02761945128440857, -0.02680227719247341, -0.025985103100538254, -0.025167930871248245, -0.024350758641958237, -0.02353358455002308, -0.02271641045808792, -0.021899238228797913, -0.021082065999507904, -0.020264891907572746, -0.01944771781563759, -0.01863054558634758, -0.01781337335705757, -0.016996199265122414, -0.016179025173187256, -0.015361852943897247, -0.014544679783284664, -0.013727506622672081, -0.012910333462059498, -0.012093160301446915, -0.011275987140834332, -0.010458813980221748, -0.009641640819609165, -0.008824467658996582, -0.008007294498383999, -0.007190121337771416, -0.0063729481771588326, -0.005555775016546249, -0.004738601855933666, -0.003921428695321083, -0.0031042555347085, -0.002287084236741066, -0.0014699110761284828, -0.0006527379155158997, 0.0001644352450966835, 0.0009816084057092667, 0.0017987815663218498, 0.002615954726934433, 0.003433127887547016, 0.004250301048159599, 0.0050674742087721825, 0.005884647369384766, 0.006701820529997349, 0.007518993690609932, 0.008336166851222515, 0.009153340011835098, 0.009970513172447681, 0.010787686333060265, 0.011604859493672848, 0.012422032654285431, 0.013239205814898014, 0.014056378975510597, 0.01487355213612318, 0.015690725296735764, 0.016507897526025772, 0.01732507161796093, 0.018142245709896088, 0.018959417939186096, 0.019776590168476105, 0.020593764260411263, 0.02141093835234642, 0.02222811058163643, 0.023045282810926437, 0.023862456902861595]}, "gradients/conv1.0.weight": {"_type": "histogram", "values": [2.0, 0.0, 0.0, 0.0, 0.0, 2.0, 0.0, 0.0, 0.0, 1.0, 0.0, 2.0, 0.0, 4.0, 2.0, 0.0, 1.0, 0.0, 0.0, 0.0, 1.0, 2.0, 1.0, 2.0, 0.0, 3.0, 4.0, 2.0, 5.0, 6.0, 0.0, 3.0, 9.0, 4.0, 7.0, 8.0, 6.0, 10.0, 6.0, 5.0, 6.0, 4.0, 6.0, 11.0, 8.0, 15.0, 11.0, 9.0, 9.0, 16.0, 17.0, 11.0, 16.0, 12.0, 8.0, 15.0, 20.0, 22.0, 45.0, 16.0, 12.0, 7.0, 4.0, 2.0],