{"gradients/out.bias": {"_type": "histogram", "values": [1.0, 0.0, 0.0, 0.0, 0.0, 0.0, 0.0, 0.0, 0.0, 0.0, 0.0, 0.0, 0.0, 0.0, 0.0, 0.0, 3.0, 0.0, 0.0, 0.0, 1.0, 0.0, 0.0, 0.0, 0.0, 0.0, 0.0, 0.0, 1.0, 0.0, 0.0, 0.0, 0.0, 0.0, 1.0, 0.0, 0.0, 0.0, 0.0, 0.0, 0.0, 0.0, 0.0, 1.0, 0.0, 0.0, 0.0, 0.0, 0.0, 0.0, 0.0, 0.0, 0.0, 0.0, 0.0, 0.0, 1.0, 0.0, 0.0, 0.0, 0.0, 0.0, 0.0, 1.0], "bins": [-0.05286421626806259, -0.051078151911497116, -0.04929208382964134, -0.04750601947307587, -0.04571995139122009, -0.04393388703465462, -0.04214782267808914, -0.04036175459623337, -0.038575686514377594, -0.03678962215781212, -0.035003554075956345, -0.03321748971939087, -0.031431421637535095, -0.02964535728096962, -0.027859291061758995, -0.02607322484254837, -0.024287160485982895, -0.02250109426677227, -0.020715028047561646, -0.01892896369099617, -0.017142895609140396, -0.015356830321252346, -0.013570765033364296, -0.011784698814153671, -0.009998634457588196, -0.008212568238377571, -0.006426502484828234, -0.004640436731278896, -0.0028543705120682716, -0.001068304292857647, 0.0007177609950304031, 0.002503827214241028, 0.004289895296096802, 0.0060759615153074265, 0.007862027734518051, 0.009648093022406101, 0.011434159241616726, 0.01322022546082735, 0.0150062907487154, 0.016792356967926025, 0.0185784250497818, 0.020364491268992424, 0.02215055748820305, 0.023936621844768524, 0.025722689926624298, 0.027508754283189774, 0.029294820502400398, 0.031080886721611023, 0.0328669510781765, 0.034653015434741974, 0.03643908351659775, 0.03822514787316322, 0.040011215955019, 0.04179728031158447, 0.04358334839344025, 0.04536941275000572, 0.0471554771065712, 0.04894154146313667, 0.05072760954499245, 0.05251367390155792, 0.054299741983413696, 0.05608580633997917, 0.05787187069654465, 0.05965793877840042, 0.061444006860256195]}, "gradients/out.weight": {"_type": "histogram", "values": [2.0, 0.0, 1.0, 0.0, 0.0, 4.0, 4.0, 3.0, 6.0, 3.0, 7.0, 5.0, 8.0, 10.0, 17.0, 22.0, 26.0, 33.0, 41.0, 53.0, 76.0, 90.0, 114.0, 133.0, 203.0, 254.0, 304.0, 425.0, 578.0, 800.0, 1261.0, 2493.0, 4126.0, 1421.0, 857.0, 576.0, 383.0, 278.0, 193.0, 171.0, 125.0, 117.0, 120.0, 60.0, 61.0, 40.0, 36.0, 12.0, 10.0, 11.0, 11.0, 10.0, 14.0, 9.0, 7.0, 11.0, 7.0, 10.0, 11.0, 6.0, 2.0, 4.0, 3.0, 2.0], "bins": [-0.14590294659137726, -0.14135003089904785, -0.13679711520671844, -0.13224419951438904, -0.12769128382205963, -0.12313836812973022, -0.11858545243740082, -0.11403253674507141, -0.109479621052742, -0.1049267053604126, -0.10037378966808319, -0.09582087397575378, -0.09126795828342438, -0.08671504259109497, -0.08216212689876556, -0.07760921120643616, -0.07305630296468735, -0.06850338727235794, -0.06395047158002853, -0.05939755588769913, -0.05484464019536972, -0.050291724503040314, -0.045738812536001205, -0.0411858968436718, -0.03663298487663269, -0.032080069184303284, -0.027527153491973877, -0.02297423966228962, -0.018421323969960213, -0.013868408277630806, -0.009315494447946548, -0.004762578755617142, -0.00020965933799743652, 0.004343255888670683, 0.008896171115338802, 0.013449085876345634, 0.01800200156867504, 0.022554917261004448, 0.027107831090688705, 0.03166074678301811, 0.03621366620063782, 0.040766581892967224, 0.04531949758529663, 0.04987241327762604, 0.054425328969955444, 0.05897824466228485, 0.06353116035461426, 0.06808407604694366, 0.07263698428869247, 0.07718989998102188, 0.08174281567335129, 0.0862957313656807, 0.0908486470580101, 0.09540156275033951, 0.09995447099208832, 0.10450738668441772, 0.10906030237674713, 0.11361321806907654, 0.11816613376140594, 0.12271904945373535, 0.12727196514606476, 0.13182488083839417, 0.13637779653072357, 0.14093071222305298, 0.14548362791538239]}, "gradients/conv2.0.weight": {"_type": "histogram", "values": [1.0, 0.0, 0.0, 2.0, 1.0, 2.0, 1.0, 1.0, 0.0, 1.0, 2.0, 4.0, 2.0, 4.0, 1.0, 6.0, 2.0, 10.0, 7.0, 11.0, 10.0, 7.0, 9.0, 14.0, 26.0, 22.0, 23.0, 23.0, 34.0, 36.0, 41.0, 50.0, 67.0, 62.0, 77.0, 94.0, 120.0, 133.0, 201.0, 242.0, 332.0, 542.0, 903.0, 1652.0, 3896.0, 2323.0, 937.0, 374.0, 168.0, 107.0, 64.0, 39.0, 30.0, 27.0, 14.0, 16.0, 10.0, 8.0, 4.0, 1.0, 2.0, 1.0, 0.0, 1.0], "bins": [-0.07190212607383728, -0.07029727101325989, -0.0686924159526825, -0.0670875608921051, -0.06548270583152771, -0.06387784332036972, -0.06227298825979233, -0.060668133199214935, -0.05906327813863754, -0.05745842307806015, -0.05585356801748276, -0.054248709231615067, -0.052643854171037674, -0.05103899911046028, -0.04943414032459259, -0.0478292852640152, -0.046224430203437805, -0.04461957514286041, -0.04301472008228302, -0.04140986129641533, -0.039805006235837936, -0.038200151175260544, -0.03659529238939285, -0.03499043732881546, -0.03338558226823807, -0.031780727207660675, -0.030175870284438133, -0.02857101336121559, -0.0269661583006382, -0.025361303240060806, -0.023756446316838264, -0.022151589393615723, -0.02054673433303833, -0.018941879272460938, -0.017337022349238396, -0.015732165426015854, -0.014127310365438461, -0.012522454373538494, -0.010917598381638527, -0.00931274238973856, -0.0077078863978385925, -0.006103030405938625, -0.004498174414038658, -0.002893318422138691, -0.0012884624302387238, 0.00031639356166124344, 0.0019212495535612106, 0.003526105545461178, 0.005130961537361145, 0.006735817529261112, 0.00834067352116108, 0.009945529513061047, 0.011550385504961014, 0.013155241496860981, 0.014760097488760948, 0.01636495441198349, 0.017969809472560883, 0.019574664533138275, 0.021179521456360817, 0.02278437837958336, 0.02438923344016075, 0.025994088500738144, 0.027598945423960686, 0.029203802347183228, 0.03080865740776062]}, "gradients/conv2.0.bias": {"_type": "histogram", "values": [2.0, 0.0, 0.0, 2.0, 0.0, 0.0, 0.0, 0.0, 1.0, 0.0, 0.0, 1.0, 0.0, 0.0, 0.0, 0.0, 0.0, 0.0, 0.0, 0.0, 2.0, 0.0, 0.0, 0.0, 1.0, 1.0, 1.0, 0.0, 1.0, 1.0, 2.0, 4.0, 0.0, 0.0, 1.0, 1.0, 0.0, 0.0, 1.0, 2.0, 0.0, 2.0, 0.0, 1.0, 0.0, 0.0, 0.0, 0.0, 1.0, 0.0, 0.0, 0.0, 1.0, 0.0, 0.0, 1.0, 0.0, 0.0, 0.0, 0.0, 0.0, 1.0, 0.0, 1.0], "bins": [-0.023820817470550537, -0.023180440068244934, -0.02254006452858448, -0.021899687126278877, -0.021259311586618423, -0.02061893418431282, -0.019978558644652367, -0.019338181242346764, -0.01869780570268631, -0.018057428300380707, -0.017417052760720253, -0.01677667535841465, -0.016136299818754196, -0.015495923347771168, -0.01485554687678814, -0.014215169474482536, -0.013574793003499508, -0.01293441653251648, -0.012294040061533451, -0.011653663590550423, -0.011013287119567394, -0.010372910648584366, -0.009732533246278763, -0.009092157706618309, -0.008451780304312706, -0.007811403833329678, -0.007171027362346649, -0.006530650891363621, -0.005890274420380592, -0.005249897949397564, -0.004609521012753248, -0.00396914454177022, -0.0033287685364484787, -0.0026883920654654503, -0.002048015594482422, -0.0014076388906687498, -0.0007672624196857214, -0.00012688594870269299, 0.0005134907551109791, 0.0011538672260940075, 0.0017942432314157486, 0.002434619702398777, 0.0030749961733818054, 0.0037153728771954775, 0.004355749115347862, 0.004996125586330891, 0.005636502522975206, 0.006276878993958235, 0.0069172559306025505, 0.007557632401585579, 0.008198008872568607, 0.008838385343551636, 0.009478761814534664, 0.010119138285517693, 0.010759515687823296, 0.01139989122748375, 0.012040268629789352, 0.01268064510077238, 0.01332102157175541, 0.013961398042738438, 0.014601774513721466, 0.015242150984704494, 0.015882527455687523, 0.016522904857993126, 0.01716328039765358]}, "gradients/conv1.0.weight": {"_type": "histogram", "values": [1.0, 1.0, 1.0, 0.0, 2.0, 0.0, 0.0, 1.0, 0.0, 1.0, 2.0, 1.0, 3.0, 1.0, 4.0, 1.0, 1.0, 1.0, 0.0, 0.0, 1.0, 1.0, 3.0, 4.0, 1.0, 0.0, 1.0, 1.0, 3.0, 0.0, 0.0, 5.0, 3.0, 0.0, 2.0, 2.0, 5.0, 6.0, 3.0, 6.0, 2.0, 4.0, 2.0, 8.0, 6.0, 5.0, 4.0, 6.0, 5.0, 5.0, 10.0, 19.0, 15.0, 19.0, 12.0, 23.0, 25.0, 54.0, 81.0, 14.0, 6.0, 5.0, 1.0, 1.0],