{"gradients/out.bias": {"_type": "histogram", "values": [1.0, 0.0, 0.0, 0.0, 0.0, 0.0, 0.0, 0.0, 0.0, 0.0, 0.0, 0.0, 0.0, 0.0, 0.0, 0.0, 0.0, 0.0, 0.0, 1.0, 0.0, 0.0, 0.0, 0.0, 2.0, 0.0, 1.0, 0.0, 0.0, 1.0, 1.0, 0.0, 1.0, 0.0, 1.0, 0.0, 0.0, 0.0, 0.0, 0.0, 0.0, 0.0, 0.0, 0.0, 0.0, 0.0, 0.0, 0.0, 0.0, 0.0, 0.0, 0.0, 0.0, 0.0, 0.0, 0.0, 0.0, 0.0, 0.0, 0.0, 0.0, 0.0, 0.0, 1.0], "bins": [-0.012205397710204124, -0.01177850179374218, -0.01135160494595766, -0.010924708098173141, -0.010497812181711197, -0.010070916265249252, -0.009644019417464733, -0.009217122569680214, -0.00879022665321827, -0.008363330736756325, -0.007936433888971806, -0.007509537506848574, -0.007082641124725342, -0.00665574474260211, -0.006228848360478878, -0.005801951978355646, -0.005375055596232414, -0.004948159214109182, -0.0045212628319859505, -0.004094366449862719, -0.0036674700677394867, -0.003240573685616255, -0.002813677303493023, -0.002386780921369791, -0.001959884539246559, -0.0015329881571233273, -0.0011060917750000954, -0.0006791953928768635, -0.0002522990107536316, 0.0001745973713696003, 0.0006014937534928322, 0.001028390135616064, 0.0014552855864167213, 0.0018821819685399532, 0.002309078350663185, 0.002735974732786417, 0.003162871114909649, 0.0035897674970328808, 0.004016663879156113, 0.0044435602612793446, 0.0048704566434025764, 0.005297353025525808, 0.00572424940764904, 0.006151145789772272, 0.006578042171895504, 0.007004938554018736, 0.007431834936141968, 0.007858730852603912, 0.008285627700388432, 0.00871252454817295, 0.009139420464634895, 0.00956631638109684, 0.009993213228881359, 0.010420110076665878, 0.010847005993127823, 0.011273901909589767, 0.011700798757374287, 0.012127695605158806, 0.01255459152162075, 0.012981487438082695, 0.013408384285867214, 0.013835281133651733, 0.014262177050113678, 0.014689072966575623, 0.015115969814360142]}, "gradients/out.weight": {"_type": "histogram", "values": [2.0, 3.0, 2.0, 2.0, 3.0, 3.0, 5.0, 0.0, 3.0, 3.0, 9.0, 5.0, 13.0, 10.0, 13.0, 13.0, 19.0, 14.0, 26.0, 29.0, 41.0, 44.0, 67.0, 75.0, 103.0, 187.0, 267.0, 484.0, 1243.0, 9525.0, 1947.0, 628.0, 232.0, 145.0, 81.0, 59.0, 45.0, 53.0, 40.0, 27.0, 33.0, 25.0, 15.0, 15.0, 17.0, 14.0, 12.0, 14.0, 13.0, 11.0, 5.0, 7.0, 7.0, 1.0, 2.0, 2.0, 2.0, 4.0, 3.0, 2.0, 4.0, 1.0, 0.0, 1.0], "bins": [-0.09030863642692566, -0.08726535737514496, -0.08422207832336426, -0.08117879182100296, -0.07813551276922226, -0.07509223371744156, -0.07204894721508026, -0.06900566816329956, -0.06596238911151886, -0.06291911005973816, -0.05987582728266716, -0.05683254450559616, -0.05378926545381546, -0.05074598640203476, -0.04770270362496376, -0.04465942084789276, -0.04161614179611206, -0.03857286274433136, -0.03552957996726036, -0.03248629719018936, -0.02944301813840866, -0.02639973722398281, -0.02335645630955696, -0.02031317539513111, -0.01726989448070526, -0.014226613566279411, -0.011183332651853561, -0.008140051737427711, -0.005096770823001862, -0.0020534899085760117, 0.0009897910058498383, 0.004033071920275688, 0.007076345384120941, 0.010119626298546791, 0.013162907212972641, 0.01620618812739849, 0.01924946904182434, 0.02229274995625019, 0.02533603087067604, 0.02837931178510189, 0.03142259269952774, 0.03446587175130844, 0.03750915452837944, 0.04055243730545044, 0.04359571635723114, 0.04663899540901184, 0.04968227818608284, 0.05272556096315384, 0.05576884001493454, 0.05881211906671524, 0.06185540184378624, 0.06489868462085724, 0.06794196367263794, 0.07098524272441864, 0.07402852177619934, 0.07707180827856064, 0.08011508733034134, 0.08315836638212204, 0.08620165288448334, 0.08924493193626404, 0.09228821098804474, 0.09533149003982544, 0.09837476909160614, 0.10141805559396744, 0.10446133464574814]}, "gradients/conv2.0.weight": {"_type": "histogram", "values": [1.0, 1.0, 0.0, 1.0, 1.0, 0.0, 0.0, 0.0, 2.0, 1.0, 0.0, 3.0, 0.0, 3.0, 3.0, 1.0, 5.0, 4.0, 4.0, 6.0, 4.0, 6.0, 9.0, 9.0, 14.0, 14.0, 18.0, 23.0, 40.0, 38.0, 58.0, 82.0, 117.0, 122.0, 153.0, 178.0, 195.0, 265.0, 413.0, 932.0, 2694.0, 4761.0, 939.0, 496.0, 349.0, 217.0, 173.0, 128.0, 82.0, 60.0, 48.0, 34.0, 22.0, 18.0, 10.0, 8.0, 6.0, 7.0, 8.0, 3.0, 4.0, 2.0, 3.0, 2.0], "bins": [-0.0518878698348999, -0.05062714219093323, -0.049366410821676254, -0.04810568317770958, -0.046844951808452606, -0.04558422416448593, -0.04432349652051926, -0.04306276515126228, -0.04180203750729561, -0.040541309863328934, -0.03928057849407196, -0.038019850850105286, -0.03675911948084831, -0.03549839183688164, -0.034237660467624664, -0.03297693282365799, -0.031716205179691315, -0.03045547567307949, -0.029194746166467667, -0.027934018522500992, -0.026673289015889168, -0.025412559509277344, -0.02415183000266552, -0.022891100496053696, -0.021630369126796722, -0.0203696396201849, -0.019108910113573074, -0.0178481824696064, -0.016587452962994576, -0.015326723456382751, -0.014065993949770927, -0.012805265374481678, -0.01154453493654728, -0.010283805429935455, -0.009023076854646206, -0.007762347348034382, -0.006501618307083845, -0.005240889266133308, -0.003980159759521484, -0.002719431184232235, -0.0014587026089429855, -0.00019797345157712698, 0.0010627557057887316, 0.002323484979569912, 0.0035842140205204487, 0.004844943061470985, 0.0061056725680828094, 0.007366401143372059, 0.008627131581306458, 0.009887861087918282, 0.011148589663207531, 0.012409319169819355, 0.013670047745108604, 0.014930777251720428, 0.016191506758332253, 0.017452236264944077, 0.01871296390891075, 0.019973693415522575, 0.0212344229221344, 0.022495150566101074, 0.023755880072712898, 0.025016609579324722, 0.026277339085936546, 0.02753806859254837, 0.028798798099160194]}, "gradients/conv2.0.bias": {"_type": "histogram", "values": [1.0, 0.0, 0.0, 0.0, 0.0, 0.0, 0.0, 0.0, 0.0, 0.0, 0.0, 0.0, 0.0, 0.0, 0.0, 0.0, 0.0, 0.0, 0.0, 0.0, 0.0, 0.0, 0.0, 0.0, 0.0, 0.0, 0.0, 0.0, 0.0, 1.0, 2.0, 0.0, 4.0, 1.0, 0.0, 0.0, 2.0, 1.0, 1.0, 1.0, 0.0, 1.0, 1.0, 0.0, 1.0, 2.0, 1.0, 2.0, 1.0, 2.0, 1.0, 0.0, 2.0, 1.0, 0.0, 0.0, 1.0, 0.0, 0.0, 0.0, 1.0, 0.0, 0.0, 1.0], "bins": [-0.015457932837307453, -0.015125881880521774, -0.014793830923736095, -0.014461779966950417, -0.014129729941487312, -0.013797678984701633, -0.013465628027915955, -0.013133577071130276, -0.012801526114344597, -0.012469475157558918, -0.01213742420077324, -0.01180537324398756, -0.011473322287201881, -0.011141272261738777, -0.010809221304953098, -0.01047717034816742, -0.01014511939138174, -0.009813068434596062, -0.009481017477810383, -0.009148966521024704, -0.0088169164955616, -0.008484865538775921, -0.008152814581990242, -0.007820763625204563, -0.007488712668418884, -0.007156661711633205, -0.0068246107548475266, -0.006492560263723135, -0.006160509306937456, -0.005828458350151777, -0.005496407859027386, -0.005164356902241707, -0.004832306876778603, -0.004500255919992924, -0.004168204963207245, -0.0038361544720828533, -0.0035041035152971745, -0.0031720525585114956, -0.0028400018345564604, -0.002507951110601425, -0.0021759001538157463, -0.0018438493134453893, -0.0015117984730750322, -0.0011797476327046752, -0.0008476967923343182, -0.0005156459519639611, -0.0001835951115936041, 0.00014845561236143112, 0.00048050656914711, 0.000812557409517467, 0.001144608249887824, 0.001476659090258181, 0.0018087099306285381, 0.002140760887414217, 0.002472811611369252, 0.0028048623353242874, 0.0031369132921099663, 0.003468964248895645, 0.0038010149728506804, 0.0041330656968057156, 0.004465116653591394, 0.004797167610377073, 0.005129218101501465, 0.005461269058287144, 0.005793320015072823]}, "gradients/conv1.0.weight": {"_type": "histogram", "values": [1.0, 0.0, 0.0, 0.0, 1.0, 0.0, 0.0, 1.0, 1.0, 0.0, 0.0, 0.0, 0.0, 3.0, 1.0, 0.0, 2.0, 1.0, 3.0, 2.0, 4.0, 1.0, 4.0, 7.0, 7.0, 2.0, 4.0, 2.0, 6.0, 3.0, 4.0, 9.0, 4.0, 17.0, 14.0, 15.0, 26.0, 53.0, 37.0, 23.0, 15.0, 13.0, 17.0, 12.0, 13.0, 11.0, 9.0, 15.0, 5.0, 7.0, 6.0, 4.0, 1.0, 1.0, 1.0, 2.0, 1.0, 2.0, 2.0, 0.0, 2.0, 0.0, 1.0, 2.0],