{"gradients/out.bias": {"_type": "histogram", "values": [1.0, 0.0, 0.0, 1.0, 0.0, 0.0, 0.0, 0.0, 0.0, 1.0, 0.0, 0.0, 0.0, 0.0, 0.0, 0.0, 0.0, 0.0, 0.0, 0.0, 1.0, 1.0, 0.0, 0.0, 1.0, 0.0, 1.0, 0.0, 0.0, 0.0, 0.0, 0.0, 0.0, 0.0, 0.0, 1.0, 0.0, 0.0, 0.0, 0.0, 0.0, 0.0, 1.0, 0.0, 0.0, 0.0, 0.0, 0.0, 0.0, 0.0, 0.0, 0.0, 0.0, 0.0, 0.0, 0.0, 0.0, 0.0, 0.0, 0.0, 0.0, 0.0, 0.0, 1.0], "bins": [-0.0216425321996212, -0.020773420110344887, -0.019904308021068573, -0.01903519779443741, -0.018166085705161095, -0.01729697361588478, -0.016427861526608467, -0.015558749437332153, -0.014689638279378414, -0.0138205261901021, -0.012951415032148361, -0.012082302942872047, -0.011213190853595734, -0.010344079695641994, -0.00947496760636568, -0.008605856448411942, -0.007736744359135628, -0.006867632735520601, -0.005998521111905575, -0.005129409022629261, -0.0042602973990142345, -0.003391185775399208, -0.0025220736861228943, -0.0016529620625078678, -0.0007838495075702667, 8.526223246008158e-05, 0.0009543739724904299, 0.0018234858289361, 0.0026925974525511265, 0.003561709076166153, 0.004430821165442467, 0.005299932789057493, 0.006169043481349945, 0.0070381551049649715, 0.007907266728579998, 0.008776378817856312, 0.009645489975810051, 0.010514602065086365, 0.011383714154362679, 0.012252826243638992, 0.013121936470270157, 0.01399104855954647, 0.01486015971750021, 0.01572927087545395, 0.016598382964730263, 0.017467495054006577, 0.01833660714328289, 0.019205719232559204, 0.020074831321835518, 0.02094394341111183, 0.021813055500388145, 0.02268216758966446, 0.023551277816295624, 0.024420389905571938, 0.02528950199484825, 0.026158614084124565, 0.02702772617340088, 0.027896838262677193, 0.028765950351953506, 0.02963506057858467, 0.030504172667860985, 0.0313732847571373, 0.03224239498376846, 0.033111508935689926, 0.03398061916232109]}, "gradients/out.weight": {"_type": "histogram", "values": [1.0, 0.0, 0.0, 1.0, 0.0, 0.0, 0.0, 0.0, 0.0, 0.0, 1.0, 0.0, 1.0, 1.0, 1.0, 0.0, 2.0, 3.0, 0.0, 5.0, 4.0, 3.0, 9.0, 5.0, 10.0, 13.0, 17.0, 20.0, 15.0, 27.0, 45.0, 56.0, 15193.0, 81.0, 38.0, 24.0, 19.0, 11.0, 22.0, 8.0, 10.0, 7.0, 3.0, 4.0, 3.0, 6.0, 1.0, 1.0, 0.0, 1.0, 0.0, 0.0, 1.0, 1.0, 1.0, 0.0, 1.0, 0.0, 1.0, 0.0, 1.0, 0.0, 1.0, 1.0], "bins": [-0.025825543329119682, -0.025030596181750298, -0.024235649034380913, -0.023440701887011528, -0.022645756602287292, -0.021850809454917908, -0.021055862307548523, -0.020260915160179138, -0.019465968012809753, -0.01867102086544037, -0.017876073718070984, -0.0170811265707016, -0.016286179423332214, -0.015491233207285404, -0.014696286991238594, -0.01390133984386921, -0.013106392696499825, -0.01231144554913044, -0.011516498401761055, -0.010721552185714245, -0.00992660503834486, -0.009131657890975475, -0.008336711674928665, -0.00754176452755928, -0.006746817380189896, -0.005951870232820511, -0.005156923551112413, -0.004361976869404316, -0.003567029722034931, -0.0027720825746655464, -0.001977135892957449, -0.0011821892112493515, -0.00038724206387996674, 0.0004077048506587744, 0.0012026517651975155, 0.0019975986797362566, 0.0027925455942749977, 0.0035874927416443825, 0.00438243942335248, 0.005177386105060577, 0.005972333252429962, 0.006767280399799347, 0.007562227081507444, 0.008357173763215542, 0.009152120910584927, 0.009947068057954311, 0.010742014274001122, 0.011536961421370506, 0.012331908568739891, 0.013126855716109276, 0.01392180286347866, 0.01471674907952547, 0.015511696226894855, 0.016306642442941666, 0.01710158959031105, 0.017896536737680435, 0.01869148388504982, 0.019486431032419205, 0.02028137817978859, 0.021076325327157974, 0.02187127247452736, 0.022666219621896744, 0.02346116490662098, 0.024256112053990364, 0.02505105920135975]}, "gradients/conv2.0.weight": {"_type": "histogram", "values": [1.0, 0.0, 0.0, 0.0, 0.0, 0.0, 3.0, 1.0, 0.0, 3.0, 2.0, 3.0, 3.0, 3.0, 2.0, 4.0, 4.0, 3.0, 2.0, 3.0, 4.0, 5.0, 8.0, 13.0, 12708.0, 2.0, 4.0, 3.0, 1.0, 3.0, 0.0, 0.0, 1.0, 0.0, 2.0, 0.0, 1.0, 1.0, 1.0, 0.0, 0.0, 0.0, 0.0, 0.0, 0.0, 0.0, 0.0, 1.0, 0.0, 0.0, 0.0, 0.0, 2.0, 1.0, 0.0, 0.0, 0.0, 0.0, 0.0, 0.0, 0.0, 0.0, 1.0, 1.0], "bins": [-0.11181697249412537, -0.1071743294596672, -0.10253168642520905, -0.09788903594017029, -0.09324639290571213, -0.08860374987125397, -0.0839611068367958, -0.07931846380233765, -0.07467581331729889, -0.07003317028284073, -0.06539052724838257, -0.06074788048863411, -0.05610523372888565, -0.05146259069442749, -0.04681994765996933, -0.04217730090022087, -0.03753466159105301, -0.03289201855659485, -0.02824937179684639, -0.02360672876238823, -0.01896408386528492, -0.01432143896818161, -0.00967879593372345, -0.005036149173974991, -0.0003935098648071289, 0.004249134566634893, 0.008891778998076916, 0.01353442296385765, 0.01817706786096096, 0.02281971275806427, 0.02746235579252243, 0.03210500255227089, 0.03674764931201935, 0.04139029234647751, 0.04603293910622597, 0.05067558214068413, 0.05531822890043259, 0.05996087193489075, 0.06460351496934891, 0.06924615800380707, 0.07388880848884583, 0.07853145152330399, 0.08317409455776215, 0.0878167450428009, 0.09245938807725906, 0.09710203111171722, 0.10174467414617538, 0.10638731718063354, 0.1110299602150917, 0.11567260324954987, 0.12031524628400803, 0.12495788931846619, 0.12960053980350494, 0.1342431902885437, 0.13888582587242126, 0.14352847635746002, 0.14817111194133759, 0.15281376242637634, 0.1574563980102539, 0.16209904849529266, 0.16674168407917023, 0.17138433456420898, 0.17602697014808655, 0.1806696206331253, 0.18531227111816406]}, "gradients/conv2.0.bias": {"_type": "histogram", "values": [1.0, 0.0, 0.0, 0.0, 0.0, 0.0, 0.0, 0.0, 1.0, 0.0, 0.0, 0.0, 0.0, 0.0, 0.0, 0.0, 0.0, 0.0, 0.0, 0.0, 0.0, 0.0, 0.0, 0.0, 0.0, 0.0, 0.0, 0.0, 0.0, 0.0, 0.0, 0.0, 0.0, 0.0, 0.0, 0.0, 0.0, 0.0, 0.0, 0.0, 27.0, 0.0, 0.0, 0.0, 1.0, 0.0, 0.0, 0.0, 0.0, 0.0, 0.0, 0.0, 1.0, 0.0, 0.0, 0.0, 0.0, 0.0, 0.0, 0.0, 0.0, 0.0, 0.0, 1.0], "bins": [-0.7450267672538757, -0.7265799641609192, -0.7081332206726074, -0.6896864175796509, -0.6712396740913391, -0.6527928709983826, -0.6343461275100708, -0.6158993244171143, -0.5974525213241577, -0.5790057182312012, -0.5605589747428894, -0.5421121716499329, -0.5236654281616211, -0.5052186250686646, -0.4867718517780304, -0.46832507848739624, -0.4498783349990845, -0.4314315617084503, -0.41298478841781616, -0.394538015127182, -0.37609124183654785, -0.3576444387435913, -0.33919766545295715, -0.320750892162323, -0.30230411887168884, -0.2838573455810547, -0.26541057229042053, -0.24696378409862518, -0.22851701080799103, -0.21007023751735687, -0.19162344932556152, -0.17317667603492737, -0.15472987294197083, -0.13628309965133667, -0.11783631891012192, -0.09938953816890717, -0.08094276487827301, -0.062495991587638855, -0.0440492108464241, -0.02560243010520935, -0.007155656814575195, 0.011291120201349258, 0.029737897217273712, 0.048184674233198166, 0.06663145124912262, 0.08507822453975677, 0.10352500528097153, 0.12197178602218628, 0.14041855931282043, 0.1588653326034546, 0.17731210589408875, 0.1957588940858841, 0.21420566737651825, 0.2326524406671524, 0.25109922885894775, 0.2695460021495819, 0.28799277544021606, 0.3064395487308502, 0.3248863220214844, 0.34333309531211853, 0.3617798686027527, 0.38022667169570923, 0.3986734449863434, 0.41712021827697754, 0.4355669915676117]}, "gradients/conv1.0.weight": {"_type": "histogram", "values": [1.0, 0.0, 0.0, 0.0, 0.0, 0.0, 0.0, 0.0, 0.0, 1.0, 0.0, 0.0, 1.0, 1.0, 0.0, 0.0, 1.0, 0.0, 1.0, 0.0, 0.0, 0.0, 1.0, 1.0, 1.0, 383.0, 3.0, 1.0, 1.0, 0.0, 0.0, 0.0, 0.0, 0.0, 1.0, 0.0, 0.0, 0.0, 0.0, 0.0, 0.0, 0.0, 1.0, 0.0, 0.0, 0.0, 0.0, 0.0, 0.0, 0.0, 0.0, 0.0, 0.0, 0.0, 0.0, 0.0, 0.0, 0.0, 0.0, 0.0, 0.0, 0.0, 0.0, 1.0],