{"gradients/out.bias": {"_type": "histogram", "values": [1.0, 0.0, 0.0, 0.0, 0.0, 0.0, 0.0, 0.0, 0.0, 0.0, 0.0, 0.0, 0.0, 0.0, 0.0, 0.0, 0.0, 0.0, 0.0, 0.0, 0.0, 0.0, 0.0, 0.0, 0.0, 0.0, 0.0, 0.0, 0.0, 1.0, 0.0, 0.0, 6.0, 0.0, 1.0, 0.0, 0.0, 0.0, 0.0, 0.0, 0.0, 0.0, 0.0, 0.0, 0.0, 0.0, 0.0, 0.0, 0.0, 0.0, 0.0, 0.0, 0.0, 0.0, 0.0, 0.0, 0.0, 0.0, 0.0, 0.0, 0.0, 0.0, 0.0, 1.0], "bins": [-0.012424835003912449, -0.012037632055580616, -0.011650429107248783, -0.011263225227594376, -0.010876022279262543, -0.01048881933093071, -0.010101616382598877, -0.009714413434267044, -0.009327210485935211, -0.008940007537603378, -0.008552804589271545, -0.008165601640939713, -0.007778397761285305, -0.007391194812953472, -0.007003991864621639, -0.006616788916289806, -0.006229585036635399, -0.005842382088303566, -0.005455178674310446, -0.005067975725978613, -0.004680772311985493, -0.00429356936365366, -0.003906366415321827, -0.0035191632341593504, -0.003131960518658161, -0.0027447573374956846, -0.002357554156333208, -0.001970351208001375, -0.0015831480268388987, -0.0011959448456764221, -0.0008087418973445892, -0.0004215387161821127, -3.433413803577423e-05, 0.0003528689849190414, 0.000740072107873857, 0.0011272751726210117, 0.0015144783537834883, 0.0019016815349459648, 0.0022888844832777977, 0.0026760876644402742, 0.003063291311264038, 0.0034504944924265146, 0.003837697673588991, 0.004224900621920824, 0.004612104035913944, 0.004999306984245777, 0.00538650993257761, 0.005773712880909443, 0.006160915829241276, 0.006548118777573109, 0.006935322191566229, 0.007322525139898062, 0.007709728553891182, 0.008096931502223015, 0.008484134450554848, 0.00887133739888668, 0.009258540347218513, 0.009645743295550346, 0.01003294624388218, 0.010420149192214012, 0.01080735307186842, 0.011194556020200253, 0.011581758968532085, 0.011968961916863918, 0.012356165796518326]}, "gradients/out.weight": {"_type": "histogram", "values": [2.0, 1.0, 0.0, 0.0, 0.0, 4.0, 1.0, 1.0, 1.0, 1.0, 7.0, 1.0, 2.0, 1.0, 6.0, 5.0, 3.0, 5.0, 8.0, 6.0, 5.0, 11.0, 13.0, 14.0, 10.0, 18.0, 22.0, 24.0, 39.0, 32.0, 66.0, 423.0, 14605.0, 89.0, 36.0, 38.0, 30.0, 21.0, 18.0, 11.0, 14.0, 15.0, 10.0, 6.0, 6.0, 6.0, 6.0, 4.0, 5.0, 6.0, 1.0, 2.0, 1.0, 7.0, 1.0, 1.0, 1.0, 1.0, 4.0, 0.0, 0.0, 0.0, 1.0, 2.0], "bins": [-0.12580130994319916, -0.12188200652599335, -0.11796269565820694, -0.11404338479042053, -0.11012408137321472, -0.10620477795600891, -0.1022854670882225, -0.0983661562204361, -0.09444685280323029, -0.09052754938602448, -0.08660823851823807, -0.08268892765045166, -0.07876962423324585, -0.07485032081604004, -0.07093100994825363, -0.06701169908046722, -0.06309239566326141, -0.059173088520765305, -0.055253781378269196, -0.05133447423577309, -0.04741516709327698, -0.04349585995078087, -0.03957655280828476, -0.03565724566578865, -0.03173793852329254, -0.027818631380796432, -0.023899324238300323, -0.019980017095804214, -0.016060709953308105, -0.012141402810811996, -0.008222095668315887, -0.0043027885258197784, -0.0003834664821624756, 0.0035358406603336334, 0.007455147802829742, 0.011374454945325851, 0.01529376208782196, 0.01921306923031807, 0.02313237637281418, 0.027051683515310287, 0.030970990657806396, 0.034890297800302505, 0.038809604942798615, 0.042728912085294724, 0.04664821922779083, 0.05056752637028694, 0.05448683351278305, 0.05840614065527916, 0.06232544779777527, 0.06624475121498108, 0.07016406208276749, 0.0740833729505539, 0.0780026763677597, 0.08192197978496552, 0.08584129065275192, 0.08976060152053833, 0.09367990493774414, 0.09759920835494995, 0.10151851922273636, 0.10543783009052277, 0.10935713350772858, 0.11327643692493439, 0.1171957477927208, 0.1211150586605072, 0.125034362077713]}, "gradients/conv2.0.weight": {"_type": "histogram", "values": [1.0, 0.0, 1.0, 0.0, 0.0, 0.0, 2.0, 2.0, 1.0, 4.0, 3.0, 5.0, 4.0, 2.0, 5.0, 10.0, 10.0, 11.0, 10.0, 16.0, 23.0, 32.0, 28.0, 51.0, 51.0, 59.0, 72.0, 106.0, 133.0, 182.0, 234.0, 289.0, 413.0, 573.0, 733.0, 1016.0, 1775.0, 2820.0, 1105.0, 769.0, 559.0, 390.0, 308.0, 240.0, 168.0, 126.0, 105.0, 82.0, 55.0, 48.0, 28.0, 35.0, 15.0, 18.0, 18.0, 10.0, 13.0, 10.0, 7.0, 4.0, 5.0, 4.0, 0.0, 1.0], "bins": [-0.02002817578613758, -0.019489485770463943, -0.018950795754790306, -0.01841210573911667, -0.01787341758608818, -0.017334727570414543, -0.016796037554740906, -0.01625734753906727, -0.01571865752339363, -0.015179967507719994, -0.014641277492046356, -0.014102588407695293, -0.013563898392021656, -0.013025208376348019, -0.012486519291996956, -0.011947829276323318, -0.011409139260649681, -0.010870449244976044, -0.010331759229302406, -0.009793070144951344, -0.009254380129277706, -0.008715690113604069, -0.008177001029253006, -0.007638311013579369, -0.007099620997905731, -0.006560930982232094, -0.006022241432219744, -0.005483551882207394, -0.004944861866533756, -0.004406171850860119, -0.003867482300847769, -0.003328792518004775, -0.0027901027351617813, -0.0022514129523187876, -0.0017127231694757938, -0.0011740333866328, -0.0006353436037898064, -9.665382094681263e-05, 0.0004420359618961811, 0.0009807257447391748, 0.0015194155275821686, 0.0020581053104251623, 0.002596795093268156, 0.00313548487611115, 0.0036741746589541435, 0.004212864674627781, 0.004751554224640131, 0.005290243774652481, 0.0058289337903261185, 0.006367623805999756, 0.006906313356012106, 0.007445002906024456, 0.007983692921698093, 0.00852238293737173, 0.009061072021722794, 0.009599762037396431, 0.010138452053070068, 0.010677142068743706, 0.011215832084417343, 0.011754521168768406, 0.012293211184442043, 0.01283190120011568, 0.013370590284466743, 0.01390928030014038, 0.014447970315814018]}, "gradients/conv2.0.bias": {"_type": "histogram", "values": [2.0, 0.0, 0.0, 0.0, 0.0, 1.0, 1.0, 0.0, 0.0, 0.0, 1.0, 0.0, 0.0, 0.0, 0.0, 0.0, 0.0, 0.0, 1.0, 0.0, 0.0, 0.0, 1.0, 3.0, 0.0, 0.0, 0.0, 0.0, 0.0, 0.0, 1.0, 3.0, 2.0, 1.0, 0.0, 0.0, 0.0, 2.0, 0.0, 1.0, 1.0, 2.0, 0.0, 1.0, 2.0, 2.0, 1.0, 0.0, 0.0, 1.0, 0.0, 0.0, 0.0, 0.0, 0.0, 0.0, 0.0, 0.0, 0.0, 0.0, 0.0, 1.0, 0.0, 1.0], "bins": [-0.011730127036571503, -0.011413197964429855, -0.011096268892288208, -0.01077933982014656, -0.010462410748004913, -0.010145481675863266, -0.009828552603721619, -0.009511622600257397, -0.00919469352811575, -0.008877764455974102, -0.008560835383832455, -0.008243906311690807, -0.00792697723954916, -0.007610047701746225, -0.007293118629604578, -0.006976189091801643, -0.006659260485321283, -0.006342331413179636, -0.006025402341037989, -0.005708472803235054, -0.005391543731093407, -0.005074614658951759, -0.004757685586810112, -0.004440756514668465, -0.004123827442526817, -0.00380689837038517, -0.003489969065412879, -0.0031730399932712317, -0.0028561106882989407, -0.0025391816161572933, -0.002222252544015646, -0.001905323239043355, -0.001588393934071064, -0.0012714647455140948, -0.0009545356151647866, -0.0006376064848154783, -0.00032067729625850916, -3.7481077015399933e-06, 0.00031318096444010735, 0.0006301102694123983, 0.0009470395743846893, 0.0012639687629416585, 0.0015808979514986277, 0.001897827023640275, 0.002214756328612566, 0.0025316854007542133, 0.0028486144728958607, 0.0031655437778681517, 0.0034824726171791553, 0.0037994016893208027, 0.00411633076146245, 0.004433260299265385, 0.004750189371407032, 0.005067118443548679, 0.005384047515690327, 0.005700976587831974, 0.006017905659973621, 0.006334834732115269, 0.006651763804256916, 0.006968692876398563, 0.007285622414201498, 0.007602551486343145, 0.00791948102414608, 0.008236410096287727, 0.008553339168429375]}, "gradients/conv1.0.weight": {"_type": "histogram", "values": [1.0, 0.0, 0.0, 0.0, 0.0, 0.0, 1.0, 0.0, 0.0, 0.0, 1.0, 0.0, 3.0, 3.0, 1.0, 3.0, 4.0, 5.0, 3.0, 13.0, 8.0, 10.0, 7.0, 15.0, 11.0, 16.0, 14.0, 15.0, 21.0, 24.0, 18.0, 16.0, 24.0, 14.0, 17.0, 15.0, 19.0, 19.0, 14.0, 10.0, 3.0, 7.0, 2.0, 7.0, 3.0, 8.0, 3.0, 4.0, 2.0, 2.0, 2.0, 2.0, 3.0, 1.0, 0.0, 1.0, 2.0, 0.0, 1.0, 0.0, 0.0, 1.0, 0.0, 1.0],