{"loss": 0.005680299364030361, "_runtime": 37, "_timestamp": 1641462373, "_step": 1954, "gradients/out.bias": {"_type": "histogram", "values": [1.0, 0.0, 0.0, 0.0, 0.0, 0.0, 0.0, 0.0, 0.0, 0.0, 0.0, 0.0, 0.0, 0.0, 0.0, 0.0, 0.0, 0.0, 0.0, 0.0, 0.0, 0.0, 0.0, 0.0, 0.0, 0.0, 1.0, 0.0, 0.0, 2.0, 0.0, 2.0, 1.0, 0.0, 1.0, 0.0, 1.0, 0.0, 0.0, 0.0, 0.0, 0.0, 0.0, 0.0, 0.0, 0.0, 0.0, 0.0, 0.0, 0.0, 0.0, 0.0, 0.0, 0.0, 0.0, 0.0, 0.0, 0.0, 0.0, 0.0, 0.0, 0.0, 0.0, 1.0], "bins": [-0.012108133174479008, -0.01172719243913889, -0.011346250772476196, -0.010965310037136078, -0.010584368370473385, -0.010203427635133266, -0.009822485968470573, -0.009441545233130455, -0.009060604497790337, -0.008679663762450218, -0.008298722095787525, -0.007917781360447407, -0.007536839693784714, -0.007155898958444595, -0.00677495775744319, -0.006394016556441784, -0.006013074889779091, -0.005632133688777685, -0.0052511924877762794, -0.004870251752436161, -0.004489310085773468, -0.00410836935043335, -0.003727428149431944, -0.003346486948430538, -0.0029655462130904198, -0.002584605012089014, -0.0022036638110876083, -0.0018227228429168463, -0.0014417816419154406, -0.0010608404409140348, -0.0006798994727432728, -0.00029895827174186707, 8.198246359825134e-05, 0.00046292360639199615, 0.000843864749185741, 0.0012248058337718248, 0.0016057470347732306, 0.0019866882357746363, 0.0023676292039453983, 0.002748570404946804, 0.003129512071609497, 0.003510453272610903, 0.0038913944736123085, 0.004272335208952427, 0.00465327687561512, 0.005034217610955238, 0.005415158811956644, 0.00579610001295805, 0.006177040748298168, 0.006557981949299574, 0.00693892315030098, 0.007319863885641098, 0.007700805552303791, 0.00808174628764391, 0.008462687954306602, 0.008843628689646721, 0.00922456942498684, 0.009605510160326958, 0.00998645182698965, 0.01036739256232977, 0.010748334228992462, 0.01112927496433258, 0.011510215699672699, 0.011891157366335392, 0.012272099032998085]}, "gradients/out.weight": {"_type": "histogram", "values": [1.0, 0.0, 0.0, 2.0, 2.0, 0.0, 6.0, 4.0, 4.0, 3.0, 5.0, 2.0, 6.0, 4.0, 10.0, 14.0, 8.0, 10.0, 9.0, 26.0, 15.0, 20.0, 25.0, 24.0, 23.0, 35.0, 39.0, 37.0, 66.0, 114.0, 236.0, 2878.0, 11302.0, 263.0, 96.0, 56.0, 35.0, 42.0, 33.0, 24.0, 25.0, 22.0, 22.0, 14.0, 26.0, 9.0, 12.0, 8.0, 14.0, 11.0, 3.0, 3.0, 4.0, 5.0, 4.0, 4.0, 4.0, 5.0, 1.0, 2.0, 2.0, 0.0, 0.0, 1.0], "bins": [-0.09188877791166306, -0.08901918679475784, -0.08614958822727203, -0.08327999711036682, -0.08041040599346161, -0.0775408148765564, -0.07467121630907059, -0.07180162519216537, -0.06893202662467957, -0.06606243550777435, -0.06319283694028854, -0.06032324582338333, -0.05745365470647812, -0.05458405986428261, -0.0517144650220871, -0.048844873905181885, -0.04597528278827667, -0.04310568794608116, -0.04023609682917595, -0.03736650198698044, -0.034496910870075226, -0.031627316027879715, -0.028757721185684204, -0.025888128206133842, -0.023018531501293182, -0.02014893852174282, -0.01727934554219246, -0.014409750699996948, -0.011540157720446587, -0.008670564740896225, -0.005800969898700714, -0.0029313769191503525, -6.179511547088623e-05, 0.0028077983297407627, 0.005677391774952412, 0.008546985685825348, 0.01141657866537571, 0.014286171644926071, 0.017155766487121582, 0.020025359466671944, 0.022894948720932007, 0.02576454170048237, 0.02863413468003273, 0.03150372952222824, 0.03437332063913345, 0.037242915481328964, 0.040112510323524475, 0.04298210144042969, 0.0458517000079155, 0.04872129485011101, 0.05159088596701622, 0.05446048080921173, 0.05733007192611694, 0.060199666768312454, 0.06306926161050797, 0.06593885272741318, 0.06880845129489899, 0.0716780424118042, 0.07454764097929001, 0.07741723209619522, 0.08028682321310043, 0.08315642178058624, 0.08602601289749146, 0.08889560401439667, 0.09176519513130188]}, "gradients/conv2.0.weight": {"_type": "histogram", "values": [2.0, 0.0, 0.0, 0.0, 1.0, 1.0, 4.0, 2.0, 1.0, 1.0, 0.0, 2.0, 7.0, 10.0, 3.0, 6.0, 13.0, 22.0, 24.0, 34.0, 27.0, 50.0, 51.0, 66.0, 82.0, 93.0, 126.0, 164.0, 205.0, 258.0, 303.0, 433.0, 546.0, 736.0, 1003.0, 1387.0, 1797.0, 1294.0, 947.0, 713.0, 564.0, 390.0, 286.0, 234.0, 191.0, 138.0, 128.0, 92.0, 77.0, 58.0, 51.0, 43.0, 22.0, 23.0, 16.0, 17.0, 14.0, 13.0, 9.0, 4.0, 7.0, 5.0, 2.0, 2.0], "bins": [-0.012786056846380234, -0.012436633929610252, -0.012087210081517696, -0.011737787164747715, -0.011388363316655159, -0.011038940399885178, -0.010689517483115196, -0.01034009363502264, -0.009990669786930084, -0.009641246870160103, -0.009291823022067547, -0.008942400105297565, -0.00859297625720501, -0.008243553340435028, -0.007894130423665047, -0.007544706575572491, -0.007195283658802509, -0.006845860276371241, -0.006496436893939972, -0.0061470139771699905, -0.0057975901290774345, -0.005448167212307453, -0.0050987438298761845, -0.004749320447444916, -0.004399897530674934, -0.004050474148243666, -0.003701050765812397, -0.003351627616211772, -0.0030022042337805033, -0.0026527808513492346, -0.0023033577017486095, -0.001953934319317341, -0.0016045114025473595, -0.0012550880201160908, -0.0009056647541001439, -0.000556241488084197, -0.00020681810565292835, 0.00014260527677834034, 0.0004920284263789654, 0.0008414518088102341, 0.00119087565690279, 0.0015402990393340588, 0.0018897223053500056, 0.0022391455713659525, 0.002588568953797221, 0.00293799233622849, 0.003287415485829115, 0.0036368388682603836, 0.003986261785030365, 0.004335685167461634, 0.004685108549892902, 0.005034531466662884, 0.00538395531475544, 0.005733378231525421, 0.00608280161395669, 0.0064322249963879585, 0.006781648378819227, 0.007131071761250496, 0.007480495143681765, 0.007829918526113033, 0.008179341442883015, 0.00852876529097557, 0.008878188207745552, 0.009227611124515533, 0.00957703497260809]}, "gradients/conv2.0.bias": {"_type": "histogram", "values": [1.0, 0.0, 0.0, 0.0, 0.0, 0.0, 0.0, 0.0, 0.0, 0.0, 0.0, 0.0, 0.0, 0.0, 0.0, 0.0, 0.0, 0.0, 0.0, 0.0, 0.0, 0.0, 0.0, 0.0, 0.0, 0.0, 0.0, 0.0, 0.0, 1.0, 0.0, 1.0, 0.0, 0.0, 0.0, 0.0, 3.0, 1.0, 0.0, 1.0, 1.0, 0.0, 2.0, 0.0, 2.0, 0.0, 3.0, 3.0, 1.0, 1.0, 0.0, 0.0, 0.0, 3.0, 1.0, 1.0, 0.0, 2.0, 0.0, 1.0, 0.0, 0.0, 1.0, 2.0], "bins": [-0.013332822360098362, -0.01306201983243227, -0.012791216373443604, -0.012520413845777512, -0.01224961131811142, -0.011978808790445328, -0.011708005331456661, -0.01143720280379057, -0.011166399344801903, -0.01089559681713581, -0.010624793358147144, -0.010353990830481052, -0.01008318830281496, -0.009812384843826294, -0.009541582316160202, -0.00927077978849411, -0.008999977260828018, -0.008729174733161926, -0.00845837127417326, -0.008187568746507168, -0.007916766218841076, -0.007645963225513697, -0.0073751602321863174, -0.0071043577045202255, -0.006833554711192846, -0.006562751717865467, -0.006291949190199375, -0.006021146196871996, -0.005750343203544617, -0.005479540675878525, -0.0052087376825511456, -0.004937934689223766, -0.0046671312302351, -0.0043963282369077206, -0.004125525709241629, -0.0038547227159142494, -0.003583919955417514, -0.0033131171949207783, -0.003042314201593399, -0.0027715114410966635, -0.002500708680599928, -0.0022299059201031923, -0.0019591031596064568, -0.0016883001662790775, -0.001417497405782342, -0.0011466946452856064, -0.000875891768373549, -0.0006050888914614916, -0.000334286130964756, -6.348331226035953e-05, 0.00020731950644403696, 0.00047812232514843345, 0.0007489251438528299, 0.0010197279043495655, 0.001290530781261623, 0.0015613336581736803, 0.0018321364186704159, 0.0021029391791671515, 0.002373741939663887, 0.0026445449329912663, 0.002915347693488002, 0.0031861504539847374, 0.0034569534473121166, 0.003727756207808852, 0.003998558968305588]}, "gradients/conv1.0.weight": {"_type": "histogram",