{"gradients/out.bias": {"_type": "histogram", "values": [1.0, 0.0, 0.0, 0.0, 0.0, 0.0, 0.0, 0.0, 0.0, 0.0, 0.0, 0.0, 0.0, 0.0, 0.0, 0.0, 0.0, 0.0, 0.0, 0.0, 0.0, 1.0, 0.0, 0.0, 0.0, 0.0, 0.0, 1.0, 5.0, 1.0, 0.0, 0.0, 0.0, 0.0, 0.0, 0.0, 0.0, 0.0, 0.0, 0.0, 0.0, 0.0, 0.0, 0.0, 0.0, 0.0, 0.0, 0.0, 0.0, 0.0, 0.0, 0.0, 0.0, 0.0, 0.0, 0.0, 0.0, 0.0, 0.0, 0.0, 0.0, 0.0, 0.0, 1.0], "bins": [-0.00937020592391491, -0.009040693752467632, -0.008711181581020355, -0.008381669409573078, -0.008052157238125801, -0.007722645066678524, -0.00739313242956996, -0.007063620258122683, -0.0067341080866754055, -0.006404595915228128, -0.006075083743780851, -0.005745571106672287, -0.00541605893522501, -0.005086546763777733, -0.004757034592330456, -0.004427522420883179, -0.004098010249435902, -0.0037684980779886246, -0.0034389859065413475, -0.0031094735022634268, -0.0027799613308161497, -0.0024504491593688726, -0.002120936755090952, -0.0017914245836436749, -0.0014619119465351105, -0.0011323997750878334, -0.0008028874872252345, -0.0004733751993626356, -0.00014386302791535854, 0.00018564914353191853, 0.0005151615478098392, 0.0008446737192571163, 0.0011741863563656807, 0.0015036985278129578, 0.0018332108156755567, 0.0021627231035381556, 0.0024922352749854326, 0.0028217474464327097, 0.0031512598507106304, 0.0034807720221579075, 0.0038102837279438972, 0.004139795899391174, 0.004469308070838451, 0.0047988202422857285, 0.0051283324137330055, 0.005457844585180283, 0.005787357222288847, 0.006116869393736124, 0.006446382030844688, 0.0067758942022919655, 0.0071054063737392426, 0.00743491854518652, 0.007764430716633797, 0.008093942888081074, 0.00842345505952835, 0.008752968162298203, 0.009082479402422905, 0.009411991573870182, 0.009741503745317459, 0.010071015916764736, 0.010400528088212013, 0.01073004025965929, 0.011059552431106567, 0.011389065533876419, 0.011718577705323696]}, "gradients/out.weight": {"_type": "histogram", "values": [3.0, 0.0, 1.0, 4.0, 3.0, 3.0, 5.0, 3.0, 10.0, 5.0, 2.0, 5.0, 5.0, 9.0, 13.0, 16.0, 10.0, 30.0, 22.0, 30.0, 23.0, 42.0, 50.0, 100.0, 87.0, 123.0, 210.0, 316.0, 12844.0, 865.0, 166.0, 113.0, 82.0, 79.0, 66.0, 63.0, 32.0, 40.0, 27.0, 29.0, 20.0, 21.0, 14.0, 11.0, 14.0, 9.0, 8.0, 5.0, 8.0, 9.0, 4.0, 4.0, 4.0, 3.0, 3.0, 0.0, 2.0, 1.0, 1.0, 0.0, 1.0, 0.0, 1.0, 1.0], "bins": [-0.09719561040401459, -0.09382936358451843, -0.09046310931444168, -0.08709686249494553, -0.08373060822486877, -0.08036436140537262, -0.07699811458587646, -0.07363186031579971, -0.07026560604572296, -0.0668993592262268, -0.06353310495615005, -0.0601668581366539, -0.05680060386657715, -0.053434357047080994, -0.05006810650229454, -0.04670185595750809, -0.04333560913801193, -0.03996935859322548, -0.036603108048439026, -0.03323686122894287, -0.02987060882151127, -0.026504358276724815, -0.02313810959458351, -0.019771859049797058, -0.016405612230300903, -0.01303936168551445, -0.009673112072050571, -0.006306862458586693, -0.0029406119138002396, 0.0004256386309862137, 0.0037918873131275177, 0.007158137857913971, 0.01052439957857132, 0.013890650123357773, 0.017256900668144226, 0.02062314935028553, 0.023989399895071983, 0.027355650439858437, 0.03072189912199974, 0.034088149666786194, 0.037454403936862946, 0.0408206544816494, 0.04418690502643585, 0.04755315184593201, 0.05091940611600876, 0.05428565293550491, 0.05765190348029137, 0.06101815402507782, 0.06438440084457397, 0.06775064766407013, 0.07111690193414688, 0.07448314875364304, 0.07784940302371979, 0.08121564984321594, 0.0845818966627121, 0.08794815093278885, 0.0913144052028656, 0.09468065202236176, 0.09804690629243851, 0.10141315311193466, 0.10477940738201141, 0.10814565420150757, 0.11151190102100372, 0.11487815529108047, 0.11824440211057663]}, "gradients/conv2.0.weight": {"_type": "histogram", "values": [1.0, 0.0, 0.0, 0.0, 0.0, 0.0, 0.0, 0.0, 0.0, 0.0, 1.0, 0.0, 2.0, 1.0, 1.0, 4.0, 7.0, 8.0, 11.0, 15.0, 21.0, 21.0, 30.0, 32.0, 42.0, 54.0, 78.0, 119.0, 146.0, 178.0, 238.0, 355.0, 450.0, 587.0, 821.0, 1062.0, 1406.0, 1401.0, 1201.0, 942.0, 732.0, 630.0, 475.0, 464.0, 304.0, 228.0, 197.0, 132.0, 116.0, 78.0, 59.0, 49.0, 26.0, 23.0, 16.0, 10.0, 7.0, 7.0, 5.0, 2.0, 1.0, 3.0, 0.0, 1.0], "bins": [-0.01660410687327385, -0.01616191491484642, -0.01571972295641899, -0.015277531929314137, -0.014835340902209282, -0.014393148943781853, -0.013950957916676998, -0.013508765958249569, -0.013066574931144714, -0.012624382972717285, -0.01218219194561243, -0.011739999987185001, -0.011297808960080147, -0.010855617001652718, -0.010413425974547863, -0.009971234016120434, -0.00952904298901558, -0.00908685103058815, -0.008644660003483295, -0.008202468045055866, -0.007760277017951012, -0.0073180850595235825, -0.006875894032418728, -0.006433702073991299, -0.0059915101155638695, -0.005549318622797728, -0.005107127130031586, -0.004664935637265444, -0.004222744144499302, -0.0037805524189025164, -0.0033383609261363745, -0.0028961694333702326, -0.0024539781734347343, -0.0020117866806685925, -0.0015695951879024506, -0.0011274035787209868, -0.000685212085954845, -0.00024302047677338123, 0.00019917101599276066, 0.0006413625087589025, 0.0010835537686944008, 0.0015257452614605427, 0.0019679367542266846, 0.0024101282469928265, 0.0028523197397589684, 0.003294511465355754, 0.003736702958121896, 0.004178894683718681, 0.004621086176484823, 0.005063277669250965, 0.005505469162017107, 0.005947660654783249, 0.006389852147549391, 0.006832043640315533, 0.007274235598742962, 0.0077164266258478165, 0.008158618584275246, 0.008600810542702675, 0.00904300156980753, 0.009485193528234959, 0.009927384555339813, 0.010369576513767242, 0.010811767540872097, 0.011253959499299526, 0.01169615052640438]}, "gradients/conv2.0.bias": {"_type": "histogram", "values": [1.0, 1.0, 1.0, 0.0, 0.0, 0.0, 1.0, 0.0, 1.0, 0.0, 1.0, 1.0, 0.0, 0.0, 1.0, 1.0, 2.0, 3.0, 0.0, 1.0, 0.0, 0.0, 0.0, 1.0, 0.0, 1.0, 1.0, 1.0, 0.0, 0.0, 0.0, 1.0, 0.0, 1.0, 1.0, 0.0, 1.0, 2.0, 0.0, 0.0, 0.0, 1.0, 0.0, 0.0, 1.0, 1.0, 0.0, 1.0, 0.0, 0.0, 0.0, 0.0, 0.0, 0.0, 0.0, 1.0, 0.0, 0.0, 0.0, 0.0, 0.0, 0.0, 1.0, 1.0], "bins": [-0.005750993732362986, -0.0055305673740804195, -0.005310140550136566, -0.005089714191854, -0.004869287833571434, -0.004648861475288868, -0.004428434651345015, -0.0042080082930624485, -0.003987581469118595, -0.0037671548780053854, -0.0035467285197228193, -0.0033263019286096096, -0.0031058755703270435, -0.002885448979213834, -0.002665022388100624, -0.002444596029818058, -0.002224169671535492, -0.0020037430804222822, -0.0017833167221397161, -0.0015628901310265064, -0.0013424636563286185, -0.0011220371816307306, -0.0009016105905175209, -0.000681184115819633, -0.00046075740829110146, -0.0002403309044893831, -1.9904400687664747e-05, 0.00020052213221788406, 0.00042094860691577196, 0.0006413750816136599, 0.0008618016727268696, 0.0010822281474247575, 0.0013026539236307144, 0.0015230803983286023, 0.0017435068730264902, 0.0019639334641397, 0.002184359822422266, 0.0024047864135354757, 0.0026252130046486855, 0.0028456393629312515, 0.0030660657212138176, 0.0032864923123270273, 0.0035069186706095934, 0.003727345261722803, 0.003947771620005369, 0.0041681984439492226, 0.004388624802231789, 0.004609051160514355, 0.004829477984458208, 0.005049904342740774, 0.0052703311666846275, 0.005490757524967194, 0.00571118388324976, 0.005931610241532326, 0.006152037065476179, 0.006372463423758745, 0.006592890247702599, 0.006813316605985165, 0.007033743429929018, 0.007254169788211584, 0.00747459614649415, 0.0076950229704380035, 0.00791544932872057, 0.008135875687003136, 0.008356302045285702]}, "gradients/conv1.0.weight": {"_type": "histogram", "values": [1.0, 0.0, 0.0, 0.0, 0.0, 0.0, 0.0, 0.0, 0.0, 0.0, 0.0, 0.0, 0.0, 0.0, 1.0, 0.0, 0.0, 0.0, 0.0, 1.0, 0.0, 0.0, 0.0, 0.0, 0.0, 0.0, 0.0, 0.0, 0.0, 0.0, 1.0, 1.0, 2.0, 2.0, 4.0, 1.0, 2.0, 7.0, 9.0, 11.0, 28.0, 29.0, 40.0, 44.0, 38.0, 33.0, 41.0, 28.0, 20.0, 19.0, 11.0, 6.0, 5.0, 7.0, 3.0, 2.0, 1.0, 0.0, 0.0, 0.0, 0.0, 0.0, 1.0, 1.0],