{"gradients/out.bias": {"_type": "histogram", "values": [1.0, 0.0, 0.0, 0.0, 0.0, 0.0, 0.0, 0.0, 0.0, 0.0, 1.0, 0.0, 0.0, 0.0, 0.0, 0.0, 0.0, 0.0, 0.0, 0.0, 0.0, 0.0, 0.0, 0.0, 0.0, 0.0, 0.0, 0.0, 0.0, 2.0, 1.0, 0.0, 0.0, 1.0, 1.0, 0.0, 0.0, 0.0, 0.0, 1.0, 0.0, 0.0, 0.0, 0.0, 0.0, 0.0, 0.0, 0.0, 0.0, 0.0, 0.0, 0.0, 0.0, 1.0, 0.0, 0.0, 0.0, 0.0, 0.0, 0.0, 0.0, 0.0, 0.0, 1.0], "bins": [-0.0011566756293177605, -0.0011211128439754248, -0.001085550058633089, -0.0010499872732907534, -0.0010144244879484177, -0.0009788615861907601, -0.0009432988008484244, -0.0009077360155060887, -0.000872173230163753, -0.0008366104448214173, -0.0008010476594790816, -0.000765484815929085, -0.0007299220305867493, -0.0006943592452444136, -0.000658796401694417, -0.0006232336163520813, -0.0005876708310097456, -0.0005521080456674099, -0.0005165452603250742, -0.0004809824167750776, -0.0004454196314327419, -0.0004098568460904062, -0.00037429403164424, -0.00033873121719807386, -0.00030316843185573816, -0.00026760564651340246, -0.0002320428320672363, -0.00019648003217298537, -0.00016091723227873445, -0.00012535443238448352, -8.979163249023259e-05, -5.422881804406643e-05, -1.86659162864089e-05, 1.6896883607842028e-05, 5.245968350209296e-05, 8.802248339634389e-05, 0.00012358528329059482, 0.00015914808318484575, 0.00019471088307909667, 0.00023027369752526283, 0.00026583648286759853, 0.00030139926820993423, 0.0003369620826561004, 0.00037252489710226655, 0.00040808768244460225, 0.00044365046778693795, 0.0004792132822331041, 0.0005147760966792703, 0.000550338882021606, 0.0005859016673639417, 0.0006214644527062774, 0.000657027296256274, 0.0006925900815986097, 0.0007281528669409454, 0.000763715710490942, 0.0007992784958332777, 0.0008348412811756134, 0.0008704040665179491, 0.0009059668518602848, 0.0009415296954102814, 0.0009770924225449562, 0.0010126553243026137, 0.0010482181096449494, 0.0010837808949872851, 0.0011193436803296208]}, "gradients/out.weight": {"_type": "histogram", "values": [1.0, 0.0, 0.0, 2.0, 0.0, 0.0, 1.0, 1.0, 3.0, 1.0, 1.0, 3.0, 1.0, 5.0, 3.0, 8.0, 10.0, 10.0, 19.0, 19.0, 19.0, 35.0, 27.0, 44.0, 46.0, 58.0, 73.0, 97.0, 124.0, 181.0, 287.0, 1009.0, 11915.0, 647.0, 281.0, 203.0, 114.0, 87.0, 67.0, 59.0, 47.0, 32.0, 27.0, 27.0, 17.0, 20.0, 9.0, 12.0, 7.0, 4.0, 2.0, 2.0, 3.0, 1.0, 1.0, 3.0, 1.0, 1.0, 0.0, 0.0, 2.0, 0.0, 0.0, 1.0], "bins": [-0.010576358996331692, -0.010249510407447815, -0.009922660887241364, -0.009595812298357487, -0.00926896370947361, -0.008942114189267159, -0.008615265600383282, -0.008288417011499405, -0.007961567491292953, -0.007634718436747789, -0.007307869847863913, -0.0069810207933187485, -0.006654171738773584, -0.00632732268422842, -0.0060004740953445435, -0.005673625040799379, -0.0053467764519155025, -0.0050199273973703384, -0.004693078808486462, -0.0043662297539412975, -0.004039380699396133, -0.003712531877681613, -0.0033856830559670925, -0.0030588340014219284, -0.0027319854125380516, -0.002405136590823531, -0.002078287536278367, -0.0017514387145638466, -0.0014245897764340043, -0.001097740838304162, -0.0007708920165896416, -0.00044404296204447746, -0.00011719390749931335, 0.00020965500152669847, 0.0005365039105527103, 0.0008633527904748917, 0.001190201728604734, 0.0015170506667345762, 0.0018438994884490967, 0.002170748542994261, 0.002497597597539425, 0.0028244464192539454, 0.0031512954737991095, 0.00347814429551363, 0.003804993350058794, 0.004131842404603958, 0.004458690993487835, 0.004785540048032999, 0.005112388636916876, 0.00543923769146204, 0.005766086280345917, 0.006092935334891081, 0.006419784389436245, 0.006746632978320122, 0.007073482032865286, 0.00740033108741045, 0.007727179676294327, 0.008054028265178204, 0.008380877785384655, 0.008707726374268532, 0.009034574963152409, 0.00936142448335886, 0.009688273072242737, 0.010015122592449188, 0.010341971181333065]}, "gradients/conv2.0.weight": {"_type": "histogram", "values": [1.0, 0.0, 0.0, 4.0, 0.0, 3.0, 3.0, 4.0, 2.0, 4.0, 5.0, 11.0, 9.0, 15.0, 17.0, 27.0, 32.0, 38.0, 33.0, 50.0, 50.0, 87.0, 78.0, 115.0, 142.0, 180.0, 249.0, 354.0, 364.0, 462.0, 659.0, 787.0, 1176.0, 2068.0, 1521.0, 1006.0, 752.0, 576.0, 453.0, 311.0, 257.0, 210.0, 147.0, 125.0, 105.0, 62.0, 53.0, 41.0, 33.0, 29.0, 19.0, 25.0, 18.0, 9.0, 6.0, 3.0, 3.0, 1.0, 1.0, 2.0, 1.0, 0.0, 0.0, 2.0], "bins": [-0.0031415268313139677, -0.00304752541705966, -0.002953524002805352, -0.0028595225885510445, -0.0027655214071273804, -0.0026715199928730726, -0.002577518578618765, -0.002483517164364457, -0.0023895157501101494, -0.0022955143358558416, -0.002201512921601534, -0.00210751174017787, -0.002013510325923562, -0.0019195089116692543, -0.0018255074974149466, -0.0017315060831606388, -0.0016375049017369747, -0.001543503487482667, -0.001449502189643681, -0.0013555007753893733, -0.0012614994775503874, -0.0011674980632960796, -0.0010734966490417719, -0.0009794952347874641, -0.0008854938205331564, -0.0007914924644865096, -0.0006974911084398627, -0.000603489694185555, -0.0005094883381389081, -0.0004154869820922613, -0.00032148556783795357, -0.00022748421179130673, -0.00013348297215998173, -3.9481601561419666e-05, 5.4519769037142396e-05, 0.00014852115418761969, 0.00024252251023426652, 0.00033652386628091335, 0.0004305252805352211, 0.0005245266365818679, 0.0006185278762131929, 0.0007125292322598398, 0.0008065305883064866, 0.0009005320025607944, 0.0009945333003997803, 0.001088534714654088, 0.0011825361289083958, 0.0012765375431627035, 0.0013705389574170113, 0.001464540371671319, 0.001558541669510305, 0.0016525430837646127, 0.0017465443816035986, 0.0018405457958579063, 0.001934547210112214, 0.002028548624366522, 0.002122549805790186, 0.0022165512200444937, 0.0023105526342988014, 0.0024045538157224655, 0.0024985552299767733, 0.002592556644231081, 0.0026865580584853888, 0.0027805594727396965, 0.0028745608869940042]}, "gradients/conv2.0.bias": {"_type": "histogram", "values": [1.0, 0.0, 0.0, 0.0, 0.0, 0.0, 0.0, 0.0, 1.0, 1.0, 1.0, 0.0, 1.0, 0.0, 0.0, 1.0, 0.0, 0.0, 1.0, 0.0, 1.0, 2.0, 0.0, 0.0, 1.0, 1.0, 1.0, 2.0, 1.0, 1.0, 1.0, 2.0, 0.0, 0.0, 0.0, 2.0, 0.0, 0.0, 2.0, 0.0, 0.0, 1.0, 2.0, 0.0, 0.0, 1.0, 0.0, 0.0, 0.0, 0.0, 1.0, 0.0, 0.0, 1.0, 0.0, 0.0, 0.0, 0.0, 0.0, 0.0, 0.0, 0.0, 1.0, 1.0], "bins": [-0.0007528100395575166, -0.0007273039082065225, -0.0007017977768555284, -0.0006762916455045342, -0.0006507854559458792, -0.0006252793245948851, -0.000599773193243891, -0.0005742670618928969, -0.0005487609305419028, -0.0005232547991909087, -0.0004977486678399146, -0.00047224250738509, -0.0004467363760340959, -0.0004212302155792713, -0.0003957240842282772, -0.0003702179528772831, -0.00034471179242245853, -0.0003192056610714644, -0.00029369950061663985, -0.00026819336926564574, -0.00024268723791465163, -0.0002171810920117423, -0.00019167494610883296, -0.00016616881475783885, -0.00014066265430301428, -0.00011515651567606255, -8.965037704911083e-05, -6.414423114620149e-05, -3.863809251924977e-05, -1.3131953892298043e-05, 1.2374192010611296e-05, 3.7880323361605406e-05, 6.338645471259952e-05, 8.889259333955124e-05, 0.00011439873196650296, 0.0001399048778694123, 0.0001654110092204064, 0.00019091715512331575, 0.0002164233010262251, 0.0002419294323772192, 0.0002674355637282133, 0.0002929416950792074, 0.000318447855534032, 0.0003439539868850261, 0.0003694601182360202, 0.0003949662786908448, 0.0004204724100418389, 0.000445978541392833, 0.00047148470184765756, 0.0004969908623024821, 0.0005224969936534762, 0.0005480031250044703, 0.0005735092563554645, 0.0005990153877064586, 0.0006245215190574527, 0.0006500276504084468, 0.0006755338399671018, 0.0007010399713180959, 0.00072654610266909, 0.0007520522922277451, 0.0007775584235787392, 0.0008030645549297333, 0.0008285706862807274, 0.0008540768176317215, 0.0008795829489827156]}, "gradients/conv1.0.weight": {"_type": "histogram",