{"gradients/out.bias": {"_type": "histogram", "values": [2.0, 0.0, 0.0, 0.0, 0.0, 0.0, 0.0, 0.0, 0.0, 0.0, 0.0, 0.0, 0.0, 0.0, 0.0, 0.0, 0.0, 0.0, 0.0, 0.0, 0.0, 0.0, 0.0, 0.0, 0.0, 0.0, 0.0, 0.0, 0.0, 0.0, 0.0, 1.0, 0.0, 0.0, 0.0, 1.0, 1.0, 0.0, 0.0, 1.0, 0.0, 1.0, 0.0, 0.0, 0.0, 0.0, 1.0, 0.0, 0.0, 0.0, 0.0, 0.0, 0.0, 0.0, 0.0, 0.0, 0.0, 0.0, 0.0, 1.0, 0.0, 0.0, 0.0, 1.0], "bins": [-0.01738198846578598, -0.01689402014017105, -0.01640605367720127, -0.015918085351586342, -0.015430117957293987, -0.014942150563001633, -0.014454182237386703, -0.013966214843094349, -0.013478247448801994, -0.01299028005450964, -0.01250231172889471, -0.012014344334602356, -0.011526376940310001, -0.011038409546017647, -0.010550441220402718, -0.010062473826110363, -0.009574505500495434, -0.00908653810620308, -0.00859856978058815, -0.008110602386295795, -0.007622634992003441, -0.007134667132049799, -0.006646699272096157, -0.0061587318778038025, -0.005670763552188873, -0.005182795692235231, -0.004694828297942877, -0.004206860437989235, -0.0037188928108662367, -0.0032309251837432384, -0.0027429573237895966, -0.0022549896966665983, -0.0017670216038823128, -0.0012790539767593145, -0.0007910862332209945, -0.0003031184896826744, 0.00018484913744032383, 0.0006728167645633221, 0.001160784624516964, 0.0016487522516399622, 0.002136719413101673, 0.0026246870402246714, 0.0031126546673476696, 0.0036006225273013115, 0.004088589921593666, 0.004576557781547308, 0.00506452564150095, 0.0055524930357933044, 0.006040461361408234, 0.0065284292213618755, 0.00701639661565423, 0.007504364475607872, 0.007992331869900227, 0.008480299264192581, 0.00896826758980751, 0.009456234984099865, 0.00994420237839222, 0.010432169772684574, 0.010920138098299503, 0.011408105492591858, 0.011896072886884212, 0.012384040281176567, 0.012872008606791496, 0.01335997600108385, 0.01384794432669878]}, "gradients/out.weight": {"_type": "histogram", "values": [1.0, 0.0, 1.0, 1.0, 0.0, 0.0, 1.0, 1.0, 1.0, 1.0, 1.0, 1.0, 3.0, 0.0, 0.0, 3.0, 1.0, 3.0, 1.0, 0.0, 3.0, 3.0, 4.0, 4.0, 3.0, 3.0, 7.0, 6.0, 7.0, 8.0, 13.0, 36.0, 38.0, 15328.0, 69.0, 39.0, 16.0, 15.0, 10.0, 12.0, 2.0, 2.0, 4.0, 2.0, 6.0, 1.0, 0.0, 3.0, 3.0, 1.0, 1.0, 2.0, 1.0, 3.0, 0.0, 1.0, 1.0, 0.0, 0.0, 2.0, 0.0, 0.0, 0.0, 1.0], "bins": [-0.037187688052654266, -0.03607508912682533, -0.0349624902009964, -0.033849895000457764, -0.03273729607462883, -0.031624697148799896, -0.030512098222970963, -0.02939949929714203, -0.028286902233958244, -0.02717430330812931, -0.026061706244945526, -0.024949107319116592, -0.02383650839328766, -0.022723911330103874, -0.02161131240427494, -0.020498715341091156, -0.019386116415262222, -0.01827351748943329, -0.017160920426249504, -0.01604832150042057, -0.014935723505914211, -0.013823125511407852, -0.012710526585578918, -0.01159792859107256, -0.0104853305965662, -0.009372732602059841, -0.008260134607553482, -0.007147535681724548, -0.006034937687218189, -0.00492233969271183, -0.0038097412325441837, -0.0026971427723765373, -0.0015845447778701782, -0.00047194655053317547, 0.0006406516768038273, 0.00175324990414083, 0.002865848131477833, 0.003978446125984192, 0.005091044586151838, 0.006203643046319485, 0.007316241040825844, 0.008428839035332203, 0.009541437029838562, 0.010654035955667496, 0.011766633950173855, 0.012879231944680214, 0.013991830870509148, 0.015104428865015507, 0.016217026859521866, 0.0173296257853508, 0.018442222848534584, 0.019554821774363518, 0.020667418837547302, 0.021780017763376236, 0.02289261668920517, 0.024005215615034103, 0.025117812678217888, 0.02623041160404682, 0.027343008667230606, 0.02845560759305954, 0.029568206518888474, 0.030680803582072258, 0.03179340064525604, 0.032905999571084976, 0.03401859849691391]}, "gradients/conv2.0.weight": {"_type": "histogram", "values": [2.0, 0.0, 0.0, 1.0, 0.0, 1.0, 1.0, 0.0, 2.0, 1.0, 0.0, 0.0, 1.0, 2.0, 0.0, 0.0, 0.0, 2.0, 2.0, 1.0, 2.0, 2.0, 4.0, 4.0, 5.0, 4.0, 12.0, 11.0, 13.0, 20.0, 39.0, 86.0, 12504.0, 24.0, 12.0, 8.0, 6.0, 4.0, 4.0, 0.0, 4.0, 2.0, 2.0, 0.0, 1.0, 3.0, 2.0, 0.0, 2.0, 0.0, 0.0, 1.0, 0.0, 0.0, 0.0, 0.0, 2.0, 0.0, 0.0, 0.0, 0.0, 0.0, 0.0, 1.0], "bins": [-0.0796613097190857, -0.07718133926391602, -0.07470136880874634, -0.07222139090299606, -0.06974142044782639, -0.06726144999265671, -0.06478147208690643, -0.062301501631736755, -0.05982153117656708, -0.0573415607213974, -0.054861586540937424, -0.05238161236047745, -0.04990164190530777, -0.04742167145013809, -0.044941697269678116, -0.04246172308921814, -0.03998175263404846, -0.037501782178878784, -0.03502180799841881, -0.03254183381795883, -0.030061863362789154, -0.027581891044974327, -0.0251019187271595, -0.022621946409344673, -0.020141974091529846, -0.01766200177371502, -0.015182029455900192, -0.012702057138085365, -0.010222084820270538, -0.007742112502455711, -0.005262140184640884, -0.0027821678668260574, -0.00030219554901123047, 0.0021777767688035965, 0.0046577490866184235, 0.00713772140443325, 0.009617693722248077, 0.012097666040062904, 0.014577638357877731, 0.01705761067569256, 0.019537582993507385, 0.022017555311322212, 0.02449752762913704, 0.026977499946951866, 0.029457472264766693, 0.03193744271993637, 0.03441741690039635, 0.03689739108085632, 0.039377361536026, 0.04185733199119568, 0.044337306171655655, 0.04681728035211563, 0.04929725080728531, 0.05177722126245499, 0.05425719544291496, 0.05673716962337494, 0.05921714007854462, 0.061697110533714294, 0.06417708098888397, 0.06665705889463425, 0.06913702934980392, 0.0716169998049736, 0.07409697771072388, 0.07657694816589355, 0.07905691862106323]}, "gradients/conv2.0.bias": {"_type": "histogram", "values": [1.0, 0.0, 0.0, 0.0, 0.0, 0.0, 0.0, 0.0, 0.0, 0.0, 0.0, 0.0, 0.0, 1.0, 0.0, 0.0, 0.0, 0.0, 0.0, 0.0, 0.0, 0.0, 0.0, 0.0, 0.0, 0.0, 0.0, 0.0, 0.0, 0.0, 0.0, 1.0, 0.0, 0.0, 0.0, 0.0, 0.0, 0.0, 0.0, 0.0, 0.0, 0.0, 0.0, 0.0, 0.0, 0.0, 0.0, 0.0, 0.0, 1.0, 0.0, 0.0, 0.0, 0.0, 0.0, 0.0, 0.0, 0.0, 0.0, 27.0, 0.0, 0.0, 0.0, 1.0], "bins": [-0.04125531017780304, -0.04055996611714363, -0.03986462205648422, -0.03916928172111511, -0.038473937660455704, -0.037778593599796295, -0.03708324953913689, -0.03638790547847748, -0.03569256514310837, -0.03499722108244896, -0.03430187702178955, -0.03360653668642044, -0.03291119262576103, -0.032215848565101624, -0.031520504504442215, -0.030825162306427956, -0.030129816383123398, -0.02943447232246399, -0.02873913012444973, -0.02804378606379032, -0.027348443865776062, -0.026653099805116653, -0.025957755744457245, -0.025262413546442986, -0.024567071348428726, -0.023871727287769318, -0.02317638508975506, -0.02248104102909565, -0.02178569883108139, -0.021090354770421982, -0.020395010709762573, -0.019699668511748314, -0.019004322588443756, -0.018308978527784348, -0.017613636329770088, -0.01691829226911068, -0.01622295007109642, -0.015527606010437012, -0.014832262881100178, -0.014136919751763344, -0.01344157662242651, -0.012746233493089676, -0.012050890363752842, -0.011355547234416008, -0.0106602031737566, -0.009964860044419765, -0.009269516915082932, -0.008574172854423523, -0.007878830656409264, -0.00718348752707243, -0.006488143932074308, -0.0057928008027374744, -0.005097457207739353, -0.004402114078402519, -0.0037067709490656853, -0.003011427354067564, -0.0023160839919000864, -0.0016207406297326088, -0.000925397383980453, -0.00023005413822829723, 0.0004652892239391804, 0.001160632586106658, 0.001855975715443492, 0.002551319310441613, 0.003246662439778447]}, "gradients/conv1.0.weight": {"_type": "histogram", "values": [1.0, 0.0, 0.0, 0.0, 0.0, 0.0, 1.0, 0.0, 0.0, 1.0, 0.0, 1.0, 0.0, 1.0, 0.0, 0.0, 0.0, 2.0, 0.0, 0.0, 1.0, 0.0, 1.0, 0.0, 0.0, 1.0, 0.0, 2.0, 0.0, 0.0, 0.0, 0.0, 0.0, 0.0, 4.0, 2.0, 3.0, 1.0, 1.0, 2.0, 2.0, 3.0, 2.0, 10.0, 333.0, 5.0, 1.0, 3.0, 2.0, 2.0, 2.0, 1.0, 1.0, 3.0, 1.0, 1.0, 0.0, 0.0, 0.0, 1.0, 1.0, 0.0, 0.0, 1.0],