{"gradients/out.bias": {"_type": "histogram", "values": [1.0, 0.0, 0.0, 0.0, 0.0, 0.0, 0.0, 0.0, 0.0, 0.0, 0.0, 0.0, 0.0, 0.0, 0.0, 0.0, 0.0, 0.0, 0.0, 0.0, 0.0, 0.0, 0.0, 0.0, 0.0, 0.0, 0.0, 0.0, 0.0, 0.0, 1.0, 0.0, 0.0, 3.0, 2.0, 0.0, 1.0, 0.0, 1.0, 0.0, 0.0, 0.0, 0.0, 0.0, 0.0, 0.0, 0.0, 0.0, 0.0, 0.0, 0.0, 0.0, 0.0, 0.0, 0.0, 0.0, 0.0, 0.0, 0.0, 0.0, 0.0, 0.0, 0.0, 1.0], "bins": [-0.009432134218513966, -0.009155113250017166, -0.008878092281520367, -0.008601071313023567, -0.008324050344526768, -0.008047029376029968, -0.007770008407533169, -0.007492987439036369, -0.00721596647053957, -0.00693894550204277, -0.006661924533545971, -0.0063849035650491714, -0.006107882596552372, -0.0058308616280555725, -0.005553840659558773, -0.005276819691061974, -0.004999798722565174, -0.004722777754068375, -0.004445756785571575, -0.004168735817074776, -0.0038917148485779762, -0.0036146938800811768, -0.0033376729115843773, -0.003060651943087578, -0.0027836309745907784, -0.002506610006093979, -0.0022295890375971794, -0.00195256806910038, -0.0016755471006035805, -0.001398526132106781, -0.0011215051636099815, -0.0008444841951131821, -0.0005674641579389572, -0.00029044318944215775, -1.3422220945358276e-05, 0.0002635987475514412, 0.0005406197160482407, 0.0008176406845450401, 0.0010946616530418396, 0.001371682621538639, 0.0016487035900354385, 0.001925724558532238, 0.0022027455270290375, 0.002479766495525837, 0.0027567874640226364, 0.003033808432519436, 0.0033108294010162354, 0.003587850369513035, 0.0038648713380098343, 0.004141892306506634, 0.004418913275003433, 0.004695934243500233, 0.004972955211997032, 0.005249976180493832, 0.005526997148990631, 0.005804018117487431, 0.00608103908598423, 0.0063580600544810295, 0.006635081022977829, 0.0069121019914746284, 0.007189122959971428, 0.007466143928468227, 0.007743164896965027, 0.008020185865461826, 0.008297206833958626]}, "gradients/out.weight": {"_type": "histogram", "values": [1.0, 1.0, 0.0, 1.0, 2.0, 0.0, 0.0, 1.0, 2.0, 4.0, 3.0, 7.0, 4.0, 6.0, 1.0, 4.0, 6.0, 7.0, 3.0, 12.0, 9.0, 23.0, 14.0, 18.0, 26.0, 24.0, 26.0, 36.0, 61.0, 51.0, 83.0, 97.0, 134.0, 280.0, 12391.0, 1473.0, 270.0, 149.0, 91.0, 76.0, 58.0, 38.0, 25.0, 31.0, 22.0, 20.0, 20.0, 12.0, 6.0, 9.0, 6.0, 4.0, 3.0, 7.0, 4.0, 6.0, 5.0, 2.0, 0.0, 1.0, 1.0, 0.0, 2.0, 1.0], "bins": [-0.08296382427215576, -0.08058051764965057, -0.07819721102714539, -0.0758138969540596, -0.07343059033155441, -0.07104728370904922, -0.06866396963596344, -0.06628066301345825, -0.06389735639095306, -0.061514049768447876, -0.05913073942065239, -0.0567474290728569, -0.054364122450351715, -0.05198081582784653, -0.04959750548005104, -0.047214195132255554, -0.044830888509750366, -0.04244758188724518, -0.04006427153944969, -0.037680961191654205, -0.03529765456914902, -0.03291434794664383, -0.030531037598848343, -0.028147729113698006, -0.02576442062854767, -0.02338111214339733, -0.020997803658246994, -0.018614495173096657, -0.01623118668794632, -0.013847878202795982, -0.011464569717645645, -0.009081261232495308, -0.006697952747344971, -0.0043146442621946335, -0.0019313357770442963, 0.00045197270810604095, 0.002835281193256378, 0.005218589678406715, 0.007601898163557053, 0.00998520664870739, 0.012368515133857727, 0.014751823619008064, 0.0171351321041584, 0.01951844058930874, 0.021901749074459076, 0.024285057559609413, 0.02666836604475975, 0.029051674529910088, 0.031434983015060425, 0.03381828963756561, 0.0362015999853611, 0.038584910333156586, 0.040968216955661774, 0.04335152357816696, 0.04573483392596245, 0.048118144273757935, 0.05050145089626312, 0.05288475751876831, 0.0552680678665638, 0.05765137821435928, 0.06003468483686447, 0.06241799145936966, 0.06480130553245544, 0.06718461215496063, 0.06956791877746582]}, "gradients/conv2.0.weight": {"_type": "histogram", "values": [1.0, 0.0, 0.0, 0.0, 2.0, 1.0, 2.0, 1.0, 0.0, 1.0, 7.0, 1.0, 3.0, 1.0, 2.0, 2.0, 8.0, 10.0, 8.0, 9.0, 14.0, 15.0, 15.0, 29.0, 33.0, 52.0, 53.0, 75.0, 99.0, 124.0, 179.0, 253.0, 359.0, 547.0, 710.0, 1104.0, 1802.0, 3807.0, 1190.0, 676.0, 422.0, 314.0, 222.0, 150.0, 118.0, 94.0, 59.0, 49.0, 37.0, 33.0, 20.0, 11.0, 16.0, 12.0, 8.0, 7.0, 14.0, 3.0, 5.0, 4.0, 0.0, 3.0, 1.0, 3.0], "bins": [-0.03062465414404869, -0.029808426275849342, -0.028992198407649994, -0.028175968676805496, -0.027359740808606148, -0.0265435129404068, -0.02572728507220745, -0.024911057204008102, -0.024094827473163605, -0.023278599604964256, -0.022462371736764908, -0.02164614200592041, -0.02082991413772106, -0.020013686269521713, -0.019197458401322365, -0.018381230533123016, -0.017565002664923668, -0.01674877479672432, -0.01593254692852497, -0.015116318129003048, -0.014300089329481125, -0.013483861461281776, -0.012667633593082428, -0.01185140572488308, -0.011035177856683731, -0.010218949988484383, -0.00940272118896246, -0.008586493320763111, -0.007770264986902475, -0.00695403665304184, -0.006137808784842491, -0.005321580450981855, -0.004505353048443794, -0.0036891247145831585, -0.0028728966135531664, -0.0020566685125231743, -0.0012404401786625385, -0.00042421184480190277, 0.0003920160233974457, 0.0012082443572580814, 0.002024473622441292, 0.0028407019563019276, 0.0036569300573319197, 0.004473158158361912, 0.0052893864922225475, 0.006105614826083183, 0.006921842694282532, 0.0077380710281431675, 0.008554298430681229, 0.009370526298880577, 0.0101867550984025, 0.011002982966601849, 0.011819211766123772, 0.01263543963432312, 0.013451667502522469, 0.014267895370721817, 0.01508412417024374, 0.015900352969765663, 0.01671658083796501, 0.01753280870616436, 0.01834903657436371, 0.019165266305208206, 0.019981492310762405, 0.020797722041606903, 0.02161394990980625]}, "gradients/conv2.0.bias": {"_type": "histogram", "values": [1.0, 0.0, 0.0, 0.0, 0.0, 0.0, 0.0, 0.0, 0.0, 0.0, 1.0, 0.0, 0.0, 0.0, 0.0, 0.0, 0.0, 0.0, 1.0, 0.0, 0.0, 0.0, 0.0, 0.0, 1.0, 1.0, 0.0, 0.0, 0.0, 0.0, 0.0, 0.0, 0.0, 0.0, 2.0, 1.0, 2.0, 2.0, 1.0, 0.0, 0.0, 1.0, 2.0, 2.0, 3.0, 0.0, 1.0, 2.0, 0.0, 1.0, 2.0, 1.0, 0.0, 0.0, 0.0, 0.0, 2.0, 0.0, 0.0, 1.0, 0.0, 0.0, 0.0, 1.0], "bins": [-0.010625192895531654, -0.010386908426880836, -0.010148623026907444, -0.009910338558256626, -0.009672054089605808, -0.00943376962095499, -0.009195484220981598, -0.00895719975233078, -0.008718915283679962, -0.008480630815029144, -0.008242345415055752, -0.008004060946404934, -0.007765776477754116, -0.007527491543442011, -0.007289207074791193, -0.007050922140479088, -0.00681263767182827, -0.006574352737516165, -0.006336068268865347, -0.006097783334553242, -0.005859498865902424, -0.005621213931590319, -0.005382929462939501, -0.005144644528627396, -0.0049063595943152905, -0.004668074660003185, -0.004429790191352367, -0.004191505257040262, -0.003953220788389444, -0.003714935854077339, -0.0034766513854265213, -0.003238366451114416, -0.0030000819824635983, -0.0027617972809821367, -0.002523512579500675, -0.0022852278780192137, -0.002046943176537752, -0.0018086583586409688, -0.0015703736571595073, -0.0013320889556780457, -0.001093804370611906, -0.0008555196691304445, -0.000617234967648983, -0.00037895020795986056, -0.00014066550647839904, 9.76192532107234e-05, 0.0003359039546921849, 0.0005741886561736465, 0.0008124734740704298, 0.0010507581755518913, 0.0012890428770333529, 0.0015273275785148144, 0.001765612279996276, 0.0020038969814777374, 0.0022421819157898426, 0.0024804663844406605, 0.0027187513187527657, 0.002957036020234227, 0.0031953207217156887, 0.0034336054231971502, 0.0036718901246786118, 0.003910175058990717, 0.004148459527641535, 0.00438674446195364, 0.004625028930604458]}, "gradients/conv1.0.weight": {"_type": "histogram", "values": [1.0, 1.0, 0.0, 1.0, 1.0, 0.0, 1.0, 0.0, 0.0, 1.0, 0.0, 2.0, 2.0, 2.0, 5.0, 0.0, 0.0, 2.0, 1.0, 2.0, 1.0, 0.0, 2.0, 4.0, 5.0, 4.0, 5.0, 8.0, 6.0, 12.0, 14.0, 14.0, 12.0, 14.0, 28.0, 36.0, 25.0, 20.0, 14.0, 16.0, 14.0, 10.0, 14.0, 11.0, 13.0, 11.0, 9.0, 10.0, 4.0, 8.0, 5.0, 6.0, 3.0, 6.0, 2.0, 0.0, 2.0, 1.0, 2.0, 1.0, 3.0, 0.0, 2.0, 1.0],