{"gradients/out.bias": {"_type": "histogram", "values": [1.0, 0.0, 0.0, 0.0, 0.0, 0.0, 0.0, 0.0, 0.0, 0.0, 0.0, 0.0, 0.0, 0.0, 0.0, 0.0, 0.0, 0.0, 0.0, 1.0, 0.0, 0.0, 0.0, 0.0, 0.0, 0.0, 0.0, 0.0, 0.0, 1.0, 1.0, 0.0, 1.0, 0.0, 2.0, 0.0, 1.0, 0.0, 0.0, 0.0, 1.0, 0.0, 0.0, 0.0, 0.0, 0.0, 0.0, 0.0, 0.0, 0.0, 0.0, 0.0, 0.0, 0.0, 0.0, 0.0, 0.0, 0.0, 0.0, 0.0, 0.0, 0.0, 0.0, 1.0], "bins": [-0.014868238940834999, -0.01440663356333971, -0.013945029117166996, -0.013483423739671707, -0.013021818362176418, -0.01256021298468113, -0.012098608538508415, -0.011637003161013126, -0.011175397783517838, -0.010713792406022549, -0.010252187959849834, -0.009790582582354546, -0.009328977204859257, -0.008867371827363968, -0.008405767381191254, -0.007944162003695965, -0.007482557557523251, -0.007020952645689249, -0.00655934726819396, -0.006097742356359959, -0.00563613697886467, -0.005174532067030668, -0.004712927155196667, -0.004251321777701378, -0.0037897173315286636, -0.0033281121868640184, -0.0028665070421993732, -0.0024049021303653717, -0.0019432969857007265, -0.0014816918410360813, -0.0010200869292020798, -0.0005584817845374346, -9.687710553407669e-05, 0.0003647279809229076, 0.0008263330673798919, 0.0012879380956292152, 0.0017495432402938604, 0.0022111483849585056, 0.002672753296792507, 0.0031343584414571524, 0.003595964051783085, 0.004057568963617086, 0.004519174341112375, 0.004980779252946377, 0.005442384630441666, 0.005903989542275667, 0.006365594454109669, 0.006827199831604958, 0.007288804277777672, 0.007750409189611673, 0.008212014101445675, 0.008673619478940964, 0.009135224856436253, 0.009596830233931541, 0.010058434680104256, 0.010520040057599545, 0.010981645435094833, 0.011443250812590122, 0.011904855258762836, 0.012366460636258125, 0.012828066013753414, 0.013289671391248703, 0.013751275837421417, 0.014212881214916706, 0.01467448566108942]}, "gradients/out.weight": {"_type": "histogram", "values": [1.0, 0.0, 0.0, 0.0, 1.0, 0.0, 1.0, 0.0, 0.0, 0.0, 0.0, 2.0, 0.0, 0.0, 1.0, 1.0, 0.0, 4.0, 0.0, 0.0, 2.0, 2.0, 2.0, 1.0, 3.0, 1.0, 1.0, 2.0, 8.0, 4.0, 18.0, 37.0, 15489.0, 44.0, 17.0, 9.0, 7.0, 3.0, 0.0, 1.0, 2.0, 0.0, 2.0, 2.0, 1.0, 0.0, 1.0, 3.0, 1.0, 0.0, 1.0, 0.0, 0.0, 2.0, 0.0, 0.0, 0.0, 0.0, 1.0, 0.0, 1.0, 0.0, 0.0, 1.0], "bins": [-0.061340782791376114, -0.05945003405213356, -0.057559285312891006, -0.05566853657364845, -0.0537777878344059, -0.051887039095163345, -0.04999629035592079, -0.04810554161667824, -0.046214792877435684, -0.04432404413819313, -0.04243329539895058, -0.04054254665970802, -0.03865179792046547, -0.036761049181222916, -0.03487030044198036, -0.03297955170273781, -0.031088804826140404, -0.02919805608689785, -0.027307307347655296, -0.025416558608412743, -0.02352580986917019, -0.021635062992572784, -0.01974431425333023, -0.017853565514087677, -0.015962816774845123, -0.01407206803560257, -0.012181319296360016, -0.010290570557117462, -0.008399821817874908, -0.006509074009954929, -0.004618325270712376, -0.002727576531469822, -0.0008368268609046936, 0.0010539217619225383, 0.00294467038474977, 0.00483541889116168, 0.006726167630404234, 0.0086169159039855, 0.010507664643228054, 0.012398413382470608, 0.014289163053035736, 0.01617991179227829, 0.018070660531520844, 0.019961409270763397, 0.02185215801000595, 0.023742906749248505, 0.02563365548849106, 0.027524404227733612, 0.029415151104331017, 0.03130589798092842, 0.033196646720170975, 0.03508739545941353, 0.03697814419865608, 0.038868892937898636, 0.04075964167714119, 0.04265039041638374, 0.0445411391556263, 0.04643188789486885, 0.048322636634111404, 0.05021338537335396, 0.05210413411259651, 0.053994882851839066, 0.05588563159108162, 0.05777638033032417, 0.05966712906956673]}, "gradients/conv2.0.weight": {"_type": "histogram", "values": [1.0, 0.0, 0.0, 0.0, 0.0, 0.0, 0.0, 0.0, 0.0, 0.0, 2.0, 0.0, 0.0, 1.0, 0.0, 1.0, 0.0, 1.0, 5.0, 0.0, 6.0, 1.0, 1.0, 2.0, 1.0, 4.0, 2.0, 5.0, 6.0, 7.0, 11.0, 16.0, 22.0, 35.0, 56.0, 133.0, 12315.0, 72.0, 23.0, 10.0, 10.0, 11.0, 6.0, 1.0, 1.0, 5.0, 0.0, 6.0, 2.0, 0.0, 2.0, 3.0, 1.0, 3.0, 4.0, 0.0, 0.0, 3.0, 0.0, 1.0, 0.0, 0.0, 0.0, 2.0], "bins": [-0.05576276034116745, -0.05422486364841461, -0.052686966955661774, -0.051149070262908936, -0.0496111735701561, -0.04807328060269356, -0.04653538390994072, -0.04499748721718788, -0.04345959052443504, -0.041921693831682205, -0.04038379713892937, -0.03884590044617653, -0.03730800747871399, -0.03577011078596115, -0.03423221409320831, -0.032694317400455475, -0.031156420707702637, -0.0296185240149498, -0.02808062732219696, -0.02654273249208927, -0.025004835799336433, -0.023466939106583595, -0.021929044276475906, -0.020391147583723068, -0.01885325089097023, -0.017315354198217392, -0.015777457505464554, -0.014239562675356865, -0.012701665982604027, -0.011163769289851189, -0.009625873528420925, -0.008087977766990662, -0.006550084799528122, -0.005012188572436571, -0.0034742923453450203, -0.0019363961182534695, -0.00039849989116191864, 0.0011393963359296322, 0.002677292563021183, 0.0042151883244514465, 0.005753085017204285, 0.0072909812442958355, 0.008828877471387386, 0.01036677323281765, 0.011904669925570488, 0.013442566618323326, 0.01498046237975359, 0.016518358141183853, 0.01805625483393669, 0.01959415152668953, 0.021132048219442368, 0.022669943049550056, 0.024207839742302895, 0.025745736435055733, 0.02728363126516342, 0.02882152795791626, 0.030359424650669098, 0.031897321343421936, 0.033435218036174774, 0.03497311472892761, 0.03651101142168045, 0.03804890438914299, 0.03958680108189583, 0.041124697774648666, 0.042662594467401505]}, "gradients/conv2.0.bias": {"_type": "histogram", "values": [1.0, 0.0, 0.0, 0.0, 0.0, 0.0, 0.0, 0.0, 1.0, 0.0, 0.0, 0.0, 0.0, 0.0, 0.0, 0.0, 0.0, 0.0, 0.0, 0.0, 0.0, 0.0, 0.0, 0.0, 0.0, 0.0, 0.0, 0.0, 0.0, 0.0, 0.0, 0.0, 0.0, 0.0, 0.0, 1.0, 2.0, 1.0, 23.0, 0.0, 0.0, 1.0, 0.0, 0.0, 0.0, 0.0, 0.0, 1.0, 0.0, 0.0, 0.0, 0.0, 0.0, 0.0, 0.0, 0.0, 0.0, 0.0, 0.0, 0.0, 0.0, 0.0, 0.0, 1.0], "bins": [-0.08167525380849838, -0.07956376671791077, -0.07745227217674255, -0.07534077763557434, -0.07322929054498672, -0.07111780345439911, -0.0690063089132309, -0.06689481437206268, -0.06478332728147507, -0.06267184019088745, -0.06056034564971924, -0.058448854833841324, -0.05633736401796341, -0.054225873202085495, -0.05211438238620758, -0.050002891570329666, -0.04789140075445175, -0.04577990993857384, -0.04366841912269592, -0.04155692830681801, -0.039445437490940094, -0.03733394667506218, -0.035222455859184265, -0.03311096504330635, -0.030999474227428436, -0.028887983411550522, -0.026776492595672607, -0.024665001779794693, -0.02255351096391678, -0.020442020148038864, -0.01833052933216095, -0.016219038516283035, -0.01410754770040512, -0.011996056884527206, -0.009884566068649292, -0.0077730752527713776, -0.005661584436893463, -0.0035500936210155487, -0.0014386028051376343, 0.0006728880107402802, 0.0027843788266181946, 0.004895869642496109, 0.0070073604583740234, 0.009118851274251938, 0.011230342090129852, 0.013341832906007767, 0.015453323721885681, 0.017564814537763596, 0.01967630535364151, 0.021787796169519424, 0.02389928698539734, 0.026010777801275253, 0.028122268617153168, 0.030233759433031082, 0.032345250248909, 0.03445674106478691, 0.036568231880664825, 0.03867972269654274, 0.040791213512420654, 0.04290270432829857, 0.04501419514417648, 0.0471256859600544, 0.04923717677593231, 0.051348667591810226, 0.05346015840768814]}, "gradients/conv1.0.weight": {"_type": "histogram", "values": [2.0, 1.0, 0.0, 0.0, 0.0, 1.0, 1.0, 0.0, 0.0, 2.0, 1.0, 0.0, 0.0, 0.0, 0.0, 1.0, 2.0, 1.0, 0.0, 0.0, 0.0, 1.0, 0.0, 2.0, 0.0, 0.0, 0.0, 2.0, 5.0, 1.0, 1.0, 4.0, 0.0, 0.0, 0.0, 3.0, 3.0, 1.0, 2.0, 11.0, 320.0, 6.0, 5.0, 3.0, 4.0, 1.0, 5.0, 2.0, 1.0, 1.0, 1.0, 0.0, 0.0, 0.0, 0.0, 0.0, 0.0, 0.0, 0.0, 1.0, 0.0, 1.0, 0.0, 1.0],