{"gradients/out.bias": {"_type": "histogram", "values": [1.0, 0.0, 0.0, 0.0, 0.0, 0.0, 0.0, 0.0, 0.0, 0.0, 0.0, 0.0, 0.0, 0.0, 0.0, 0.0, 0.0, 0.0, 0.0, 0.0, 0.0, 0.0, 0.0, 0.0, 0.0, 0.0, 0.0, 1.0, 0.0, 1.0, 3.0, 2.0, 0.0, 1.0, 0.0, 0.0, 0.0, 0.0, 0.0, 0.0, 0.0, 0.0, 0.0, 0.0, 0.0, 0.0, 0.0, 0.0, 0.0, 0.0, 0.0, 0.0, 0.0, 0.0, 0.0, 0.0, 0.0, 0.0, 0.0, 0.0, 0.0, 0.0, 0.0, 1.0], "bins": [-0.005594969727098942, -0.005414179526269436, -0.00523338932543993, -0.005052598658949137, -0.004871808458119631, -0.004691018257290125, -0.004510227590799332, -0.004329437389969826, -0.00414864718914032, -0.003967856988310814, -0.0037870665546506643, -0.0036062761209905148, -0.003425485920161009, -0.003244695719331503, -0.0030639052856713533, -0.0028831148520112038, -0.002702324651181698, -0.002521534450352192, -0.0023407440166920424, -0.0021599535830318928, -0.001979163382202387, -0.0017983730649575591, -0.0016175827477127314, -0.0014367924304679036, -0.0012560021132230759, -0.0010752117959782481, -0.0008944214787334204, -0.0007136311614885926, -0.0005328408442437649, -0.00035205052699893713, -0.00017126020975410938, 9.530107490718365e-06, 0.0001903204247355461, 0.00037111074198037386, 0.0005519010592252016, 0.0007326913764700294, 0.0009134816937148571, 0.0010942720109596848, 0.0012750623282045126, 0.0014558526454493403, 0.001636642962694168, 0.0018174332799389958, 0.0019982235971838236, 0.002179014030843973, 0.002359804231673479, 0.002540594432502985, 0.0027213848661631346, 0.002902175299823284, 0.00308296550065279, 0.003263755701482296, 0.0034445461351424456, 0.003625336568802595, 0.003806126769632101, 0.003986916970461607, 0.0041677076369524, 0.004348497837781906, 0.004529288038611412, 0.004710078239440918, 0.004890868440270424, 0.005071659106761217, 0.005252449307590723, 0.005433239508420229, 0.005614030174911022, 0.005794820375740528, 0.005975610576570034]}, "gradients/out.weight": {"_type": "histogram", "values": [2.0, 0.0, 1.0, 1.0, 1.0, 1.0, 3.0, 3.0, 2.0, 2.0, 4.0, 4.0, 4.0, 5.0, 5.0, 10.0, 11.0, 9.0, 12.0, 9.0, 23.0, 13.0, 23.0, 20.0, 32.0, 33.0, 34.0, 38.0, 57.0, 87.0, 252.0, 1330.0, 12935.0, 250.0, 82.0, 63.0, 39.0, 33.0, 30.0, 41.0, 19.0, 24.0, 16.0, 22.0, 11.0, 11.0, 12.0, 8.0, 13.0, 3.0, 7.0, 3.0, 6.0, 4.0, 4.0, 1.0, 2.0, 2.0, 0.0, 4.0, 1.0, 1.0, 0.0, 2.0], "bins": [-0.055498071014881134, -0.05376829579472542, -0.052038516849279404, -0.05030874162912369, -0.04857896640896797, -0.046849191188812256, -0.04511941224336624, -0.043389637023210526, -0.04165986180305481, -0.039930086582899094, -0.03820030763745308, -0.03647053241729736, -0.03474075719714165, -0.03301098197698593, -0.03128120303153992, -0.0295514278113842, -0.027821648865938187, -0.02609187178313732, -0.024362096562981606, -0.02263231948018074, -0.020902544260025024, -0.01917276717722416, -0.017442990094423294, -0.015713214874267578, -0.013983435928821564, -0.012253659777343273, -0.010523883625864983, -0.008794106543064117, -0.007064330391585827, -0.005334554240107536, -0.003604777157306671, -0.0018750010058283806, -0.00014522671699523926, 0.001584549667313695, 0.003314326051622629, 0.005044102668762207, 0.006773878820240498, 0.008503654971718788, 0.010233432054519653, 0.011963208205997944, 0.013692982494831085, 0.015422758646309376, 0.017152534797787666, 0.01888231188058853, 0.020612087100744247, 0.022341864183545113, 0.024071641266345978, 0.025801416486501694, 0.027531195431947708, 0.029260972514748573, 0.03099074773490429, 0.032720524817705154, 0.03445030003786087, 0.036180078983306885, 0.0379098542034626, 0.03963962942361832, 0.04136940836906433, 0.04309918358922005, 0.04482896253466606, 0.04655873775482178, 0.04828851297497749, 0.05001828819513321, 0.051748067140579224, 0.05347784236073494, 0.055207617580890656]}, "gradients/conv2.0.weight": {"_type": "histogram", "values": [1.0, 0.0, 2.0, 0.0, 0.0, 1.0, 4.0, 2.0, 4.0, 4.0, 4.0, 10.0, 15.0, 12.0, 18.0, 22.0, 40.0, 39.0, 47.0, 47.0, 56.0, 97.0, 100.0, 155.0, 207.0, 295.0, 437.0, 722.0, 1264.0, 4382.0, 1895.0, 915.0, 564.0, 371.0, 231.0, 185.0, 140.0, 102.0, 75.0, 64.0, 38.0, 31.0, 33.0, 28.0, 36.0, 13.0, 13.0, 14.0, 10.0, 5.0, 9.0, 4.0, 5.0, 2.0, 6.0, 5.0, 3.0, 8.0, 1.0, 1.0, 3.0, 1.0, 1.0, 1.0], "bins": [-0.021458424627780914, -0.020738886669278145, -0.020019348710775375, -0.019299812614917755, -0.018580274656414986, -0.017860736697912216, -0.017141200602054596, -0.016421662643551826, -0.015702124685049057, -0.014982586726546288, -0.014263049699366093, -0.013543512672185898, -0.012823974713683128, -0.012104436755180359, -0.011384899728000164, -0.01066536270081997, -0.0099458247423172, -0.00922628678381443, -0.008506749756634235, -0.007787212263792753, -0.007067674770951271, -0.006348137278109789, -0.005628599785268307, -0.004909062292426825, -0.004189524799585342, -0.0034699873067438602, -0.002750449813902378, -0.002030912321060896, -0.0013113748282194138, -0.0005918373353779316, 0.00012770015746355057, 0.0008472376503050327, 0.001566775143146515, 0.002286312635987997, 0.0030058501288294792, 0.0037253876216709614, 0.0044449251145124435, 0.005164462607353926, 0.005884000100195408, 0.00660353759303689, 0.007323075085878372, 0.008042613044381142, 0.008762150071561337, 0.009481687098741531, 0.0102012250572443, 0.01092076301574707, 0.011640300042927265, 0.01235983707010746, 0.01307937502861023, 0.013798912987112999, 0.014518450014293194, 0.015237987041473389, 0.015957524999976158, 0.016677062958478928, 0.017396599054336548, 0.018116137012839317, 0.018835674971342087, 0.019555212929844856, 0.020274750888347626, 0.020994286984205246, 0.021713824942708015, 0.022433362901210785, 0.023152898997068405, 0.023872436955571175, 0.024591974914073944]}, "gradients/conv2.0.bias": {"_type": "histogram", "values": [1.0, 0.0, 0.0, 1.0, 0.0, 1.0, 0.0, 2.0, 1.0, 1.0, 0.0, 0.0, 0.0, 1.0, 1.0, 0.0, 2.0, 2.0, 0.0, 2.0, 2.0, 1.0, 0.0, 1.0, 1.0, 0.0, 1.0, 1.0, 1.0, 0.0, 0.0, 1.0, 2.0, 0.0, 1.0, 1.0, 0.0, 0.0, 0.0, 1.0, 0.0, 0.0, 0.0, 0.0, 0.0, 0.0, 0.0, 1.0, 0.0, 0.0, 0.0, 0.0, 0.0, 0.0, 0.0, 1.0, 0.0, 0.0, 0.0, 0.0, 0.0, 0.0, 0.0, 1.0], "bins": [-0.003969170618802309, -0.003775587072595954, -0.003582003526389599, -0.0033884197473526, -0.0031948364339768887, -0.00300125265493989, -0.002807669108733535, -0.0026140855625271797, -0.0024205020163208246, -0.0022269184701144695, -0.0020333349239081144, -0.0018397512612864375, -0.0016461677150800824, -0.0014525841688737273, -0.0012590005062520504, -0.0010654169600456953, -0.0008718334138393402, -0.0006782498676329851, -0.0004846662632189691, -0.0002910826588049531, -9.7499112598598e-05, 9.608443360775709e-05, 0.000289668096229434, 0.0004832516424357891, 0.0006768354214727879, 0.000870418967679143, 0.001064002513885498, 0.001257586176507175, 0.00145116972271353, 0.0016447532689198852, 0.001838336931541562, 0.002031920477747917, 0.0022255033254623413, 0.0024190868716686964, 0.0026126704178750515, 0.0028062541969120502, 0.0029998375102877617, 0.0031934212893247604, 0.0033870048355311155, 0.0035805883817374706, 0.003774171695113182, 0.003967755474150181, 0.004161338787525892, 0.004354922566562891, 0.0045485058799386024, 0.004742089658975601, 0.0049356734380126, 0.005129256751388311, 0.00532284053042531, 0.005516424309462309, 0.00571000762283802, 0.005903591401875019, 0.0060971747152507305, 0.006290758494287729, 0.006484341807663441, 0.0066779255867004395, 0.006871509365737438, 0.007065093144774437, 0.007258676458150148, 0.007452260237187147, 0.007645843550562859, 0.007839427329599857, 0.008033011108636856, 0.00822659395635128, 0.008420177735388279]}, "gradients/conv1.0.weight": {"_type": "histogram", "values": [2.0, 0.0, 1.0, 1.0, 0.0, 0.0, 1.0, 1.0, 0.0, 0.0, 1.0, 2.0, 1.0, 2.0, 2.0, 2.0, 3.0, 1.0, 0.0, 3.0, 0.0, 6.0, 9.0, 4.0, 4.0, 8.0, 6.0, 10.0, 13.0, 13.0, 12.0, 15.0, 13.0, 12.0, 30.0, 16.0, 12.0, 21.0, 16.0, 12.0, 21.0, 12.0, 15.0, 3.0, 11.0, 10.0, 8.0, 5.0, 11.0, 8.0, 4.0, 6.0, 3.0, 6.0, 6.0, 6.0, 3.0, 2.0, 2.0, 2.0, 0.0, 0.0, 0.0, 1.0],