{"gradients/out.bias": {"_type": "histogram", "values": [1.0, 0.0, 0.0, 0.0, 0.0, 0.0, 0.0, 0.0, 0.0, 0.0, 0.0, 0.0, 0.0, 0.0, 0.0, 0.0, 1.0, 0.0, 2.0, 0.0, 0.0, 0.0, 1.0, 0.0, 1.0, 0.0, 1.0, 0.0, 0.0, 0.0, 1.0, 0.0, 0.0, 0.0, 0.0, 0.0, 0.0, 0.0, 0.0, 0.0, 1.0, 0.0, 0.0, 0.0, 0.0, 0.0, 0.0, 0.0, 0.0, 0.0, 0.0, 0.0, 0.0, 0.0, 0.0, 0.0, 0.0, 0.0, 0.0, 0.0, 0.0, 0.0, 0.0, 1.0], "bins": [-0.008777710609138012, -0.008442791178822517, -0.008107871748507023, -0.007772952318191528, -0.007438032887876034, -0.007103113457560539, -0.006768194492906332, -0.0064332750625908375, -0.006098355632275343, -0.005763436201959848, -0.005428516771644354, -0.005093597806990147, -0.004758678376674652, -0.0044237589463591576, -0.004088839516043663, -0.0037539200857281685, -0.003419000655412674, -0.0030840812250971794, -0.002749161794781685, -0.002414242597296834, -0.0020793231669813395, -0.001744403736665845, -0.001409484539180994, -0.0010745651088654995, -0.0007396461442112923, -0.00040472677210345864, -6.980739999562502e-05, 0.0002651119139045477, 0.0006000313442200422, 0.0009349507745355368, 0.0012698699720203876, 0.0016047894023358822, 0.0019397102296352386, 0.002274629659950733, 0.0026095490902662277, 0.0029444682877510786, 0.003279387718066573, 0.0036143071483820677, 0.0039492263458669186, 0.004284145776182413, 0.004619065672159195, 0.0049539851024746895, 0.005288904532790184, 0.0056238239631056786, 0.005958743393421173, 0.006293662823736668, 0.006628581788390875, 0.006963501218706369, 0.007298420183360577, 0.007633339613676071, 0.007968259043991566, 0.00830317847430706, 0.008638097904622555, 0.00897301733493805, 0.00930793583393097, 0.009642856195569038, 0.009977774694561958, 0.010312694124877453, 0.010647613555192947, 0.010982532985508442, 0.011317452415823936, 0.011652371846139431, 0.011987291276454926, 0.012322209775447845, 0.012657130137085915]}, "gradients/out.weight": {"_type": "histogram", "values": [3.0, 2.0, 1.0, 2.0, 4.0, 5.0, 4.0, 11.0, 4.0, 11.0, 11.0, 14.0, 20.0, 18.0, 19.0, 35.0, 31.0, 65.0, 55.0, 59.0, 85.0, 138.0, 187.0, 278.0, 431.0, 720.0, 2009.0, 8576.0, 1148.0, 502.0, 306.0, 184.0, 138.0, 108.0, 77.0, 72.0, 57.0, 41.0, 38.0, 36.0, 33.0, 25.0, 19.0, 19.0, 15.0, 9.0, 14.0, 9.0, 9.0, 3.0, 5.0, 3.0, 5.0, 2.0, 1.0, 1.0, 0.0, 0.0, 0.0, 0.0, 2.0, 0.0, 0.0, 1.0], "bins": [-0.07335373014211655, -0.07067056000232697, -0.06798738986253738, -0.0653042197227478, -0.06262105703353882, -0.05993788689374924, -0.057254716753959656, -0.054571546614170074, -0.05188838019967079, -0.04920521005988121, -0.04652204364538193, -0.043838873505592346, -0.041155703365802765, -0.03847253695130348, -0.0357893668115139, -0.03310620039701462, -0.030423030257225037, -0.027739861980080605, -0.025056693702936172, -0.02237352356314659, -0.01969035528600216, -0.017007187008857727, -0.014324016869068146, -0.011640848591923714, -0.008957676589488983, -0.006274507846683264, -0.0035913391038775444, -0.0009081698954105377, 0.0017749983817338943, 0.004458166658878326, 0.007141336798667908, 0.00982450507581234, 0.01250767707824707, 0.015190845355391502, 0.017874013632535934, 0.020557183772325516, 0.023240352049469948, 0.02592352032661438, 0.02860669046640396, 0.03128986060619354, 0.03397302329540253, 0.03665619343519211, 0.03933935984969139, 0.04202252998948097, 0.044705696403980255, 0.047388866543769836, 0.05007203668355942, 0.052755206823349, 0.05543837696313858, 0.05812154710292816, 0.060804713517427444, 0.06348788738250732, 0.06617105007171631, 0.06885422021150589, 0.07153739035129547, 0.07422056049108505, 0.07690373063087463, 0.07958690077066422, 0.0822700709104538, 0.08495323359966278, 0.08763640373945236, 0.09031957387924194, 0.09300274401903152, 0.0956859141588211, 0.09836907684803009]}, "gradients/conv2.0.weight": {"_type": "histogram", "values": [3.0, 1.0, 1.0, 3.0, 2.0, 1.0, 4.0, 6.0, 5.0, 7.0, 9.0, 16.0, 20.0, 16.0, 18.0, 35.0, 34.0, 45.0, 57.0, 62.0, 82.0, 121.0, 132.0, 186.0, 189.0, 253.0, 329.0, 385.0, 492.0, 612.0, 703.0, 1068.0, 2704.0, 1308.0, 866.0, 606.0, 461.0, 395.0, 319.0, 235.0, 203.0, 150.0, 122.0, 118.0, 97.0, 78.0, 59.0, 38.0, 31.0, 29.0, 16.0, 15.0, 10.0, 14.0, 11.0, 5.0, 4.0, 0.0, 2.0, 5.0, 1.0, 0.0, 0.0, 1.0], "bins": [-0.017402395606040955, -0.016870932653546333, -0.016339469701051712, -0.01580800674855709, -0.01527654379606247, -0.014745080843567848, -0.014213616959750652, -0.013682154007256031, -0.01315069105476141, -0.012619228102266788, -0.012087765149772167, -0.011556302197277546, -0.01102483831346035, -0.010493375360965729, -0.009961912408471107, -0.009430449455976486, -0.008898986503481865, -0.008367523550987244, -0.007836060598492622, -0.007304597180336714, -0.0067731342278420925, -0.006241671275347471, -0.005710207857191563, -0.005178744904696941, -0.00464728195220232, -0.004115818999707699, -0.003584355814382434, -0.003052892629057169, -0.0025214296765625477, -0.0019899667240679264, -0.0014585035387426615, -0.0009270403534173965, -0.00039557553827762604, 0.00013588753063231707, 0.0006673505995422602, 0.0011988136684522033, 0.0017302767373621464, 0.0022617396898567677, 0.0027932028751820326, 0.0033246660605072975, 0.003856129013001919, 0.00438759196549654, 0.004919054917991161, 0.00545051833614707, 0.005981981288641691, 0.0065134442411363125, 0.007044907659292221, 0.007576370611786842, 0.008107833564281464, 0.008639296516776085, 0.009170759469270706, 0.009702222421765327, 0.010233685374259949, 0.01076514832675457, 0.011296612210571766, 0.011828075163066387, 0.012359538115561008, 0.01289100106805563, 0.013422464020550251, 0.013953926973044872, 0.014485390856862068, 0.01501685380935669, 0.01554831676185131, 0.016079779714345932, 0.016611242666840553]}, "gradients/conv2.0.bias": {"_type": "histogram", "values": [1.0, 0.0, 0.0, 0.0, 0.0, 0.0, 0.0, 0.0, 1.0, 0.0, 0.0, 0.0, 1.0, 0.0, 1.0, 0.0, 0.0, 2.0, 0.0, 1.0, 0.0, 0.0, 1.0, 0.0, 0.0, 2.0, 2.0, 2.0, 0.0, 1.0, 3.0, 3.0, 1.0, 0.0, 0.0, 0.0, 0.0, 2.0, 4.0, 0.0, 0.0, 0.0, 0.0, 0.0, 0.0, 0.0, 1.0, 0.0, 0.0, 0.0, 0.0, 1.0, 1.0, 0.0, 0.0, 0.0, 0.0, 0.0, 0.0, 0.0, 0.0, 0.0, 0.0, 1.0], "bins": [-0.011658313684165478, -0.011248727329075336, -0.010839140973985195, -0.010429554618895054, -0.010019967332482338, -0.009610380977392197, -0.009200794622302055, -0.008791208267211914, -0.008381621912121773, -0.007972035557031631, -0.00756244920194149, -0.007152862381190062, -0.00674327602609992, -0.006333689671009779, -0.00592410285025835, -0.005514516495168209, -0.005104930140078068, -0.0046953437849879265, -0.004285757429897785, -0.0038761706091463566, -0.0034665842540562153, -0.003056997898966074, -0.002647411311045289, -0.002237824723124504, -0.0018282383680343628, -0.0014186518965288997, -0.0010090654250234365, -0.0005994789535179734, -0.0001898924820125103, 0.000219693873077631, 0.000629280460998416, 0.001038867048919201, 0.0014484534040093422, 0.0018580398755148053, 0.0022676263470202684, 0.0026772129349410534, 0.0030867992900311947, 0.003496385645121336, 0.003905972233042121, 0.004315558820962906, 0.004725145176053047, 0.0051347315311431885, 0.00554431788623333, 0.005953904706984758, 0.0063634910620749, 0.006773077417165041, 0.00718266423791647, 0.007592250593006611, 0.008001836948096752, 0.008411423303186893, 0.008821009658277035, 0.009230596013367176, 0.009640183299779892, 0.010049769654870033, 0.010459356009960175, 0.010868942365050316, 0.011278528720140457, 0.011688115075230598, 0.01209770143032074, 0.012507287785410881, 0.012916874140501022, 0.013326460495591164, 0.01373604778200388, 0.01414563413709402, 0.014555220492184162]}, "gradients/conv1.0.weight": {"_type": "histogram", "values": [2.0, 0.0, 1.0, 1.0, 0.0, 2.0, 1.0, 1.0, 1.0, 2.0, 3.0, 1.0, 1.0, 2.0, 3.0, 2.0, 8.0, 4.0, 5.0, 3.0, 4.0, 7.0, 8.0, 8.0, 9.0, 12.0, 7.0, 5.0, 11.0, 11.0, 10.0, 6.0, 5.0, 9.0, 17.0, 20.0, 32.0, 15.0, 34.0, 12.0, 1.0, 4.0, 5.0, 7.0, 10.0, 10.0, 13.0, 4.0, 5.0, 15.0, 7.0, 6.0, 3.0, 2.0, 0.0, 2.0, 4.0, 6.0, 3.0, 4.0, 2.0, 0.0, 1.0, 1.0],