{"gradients/out.bias": {"_type": "histogram", "values": [1.0, 0.0, 0.0, 0.0, 0.0, 0.0, 0.0, 0.0, 0.0, 0.0, 0.0, 0.0, 1.0, 0.0, 0.0, 0.0, 0.0, 0.0, 0.0, 0.0, 0.0, 0.0, 0.0, 0.0, 0.0, 0.0, 0.0, 0.0, 0.0, 0.0, 0.0, 0.0, 0.0, 0.0, 0.0, 0.0, 1.0, 0.0, 4.0, 0.0, 0.0, 0.0, 0.0, 0.0, 0.0, 0.0, 0.0, 0.0, 0.0, 0.0, 0.0, 1.0, 0.0, 0.0, 0.0, 0.0, 0.0, 0.0, 0.0, 0.0, 0.0, 0.0, 0.0, 2.0], "bins": [-0.022661779075860977, -0.022067507728934288, -0.0214732363820076, -0.02087896503508091, -0.02028469368815422, -0.019690420478582382, -0.019096149131655693, -0.018501877784729004, -0.017907606437802315, -0.017313335090875626, -0.016719063743948936, -0.016124792397022247, -0.015530520118772984, -0.014936248771846294, -0.01434197649359703, -0.013747705146670341, -0.013153433799743652, -0.012559162452816963, -0.011964891105890274, -0.01137061882764101, -0.010776347480714321, -0.010182076133787632, -0.009587803855538368, -0.008993532508611679, -0.00839926116168499, -0.007804989814758301, -0.007210718002170324, -0.006616446189582348, -0.006022174842655659, -0.00542790349572897, -0.004833631683140993, -0.004239359870553017, -0.0036450885236263275, -0.0030508169438689947, -0.002456545364111662, -0.0018622737843543291, -0.0012680022045969963, -0.0006737306248396635, -7.94590450823307e-05, 0.0005148127675056458, 0.001109084114432335, 0.0017033556941896677, 0.0022976272739470005, 0.0028918988537043333, 0.003486170433461666, 0.004080441780388355, 0.004674713592976332, 0.005268985405564308, 0.005863256752490997, 0.0064575280994176865, 0.007051799912005663, 0.007646071724593639, 0.008240343071520329, 0.008834614418447018, 0.009428886696696281, 0.01002315804362297, 0.01061742939054966, 0.011211700737476349, 0.011805972084403038, 0.012400244362652302, 0.012994515709578991, 0.01358878705650568, 0.014183059334754944, 0.014777330681681633, 0.015371602028608322]}, "gradients/out.weight": {"_type": "histogram", "values": [2.0, 0.0, 0.0, 1.0, 1.0, 0.0, 1.0, 0.0, 2.0, 0.0, 1.0, 0.0, 2.0, 4.0, 3.0, 1.0, 0.0, 1.0, 4.0, 4.0, 2.0, 3.0, 4.0, 7.0, 8.0, 8.0, 21.0, 30.0, 12.0, 26.0, 31.0, 76.0, 15225.0, 37.0, 23.0, 21.0, 23.0, 21.0, 17.0, 9.0, 7.0, 10.0, 3.0, 1.0, 4.0, 4.0, 2.0, 1.0, 1.0, 2.0, 5.0, 3.0, 1.0, 0.0, 0.0, 1.0, 0.0, 1.0, 0.0, 1.0, 0.0, 1.0, 0.0, 1.0], "bins": [-0.14720390737056732, -0.14264246821403503, -0.13808101415634155, -0.13351957499980927, -0.12895813584327698, -0.12439669668674469, -0.1198352500796318, -0.11527380347251892, -0.11071236431598663, -0.10615092515945435, -0.10158947855234146, -0.09702803194522858, -0.09246659278869629, -0.087905153632164, -0.08334370702505112, -0.07878226041793823, -0.07422082126140594, -0.06965938210487366, -0.06509793549776077, -0.06053649261593819, -0.0559750497341156, -0.051413606852293015, -0.04685216397047043, -0.04229072108864784, -0.037729278206825256, -0.03316783532500267, -0.028606392443180084, -0.024044949561357498, -0.019483506679534912, -0.014922063797712326, -0.01036062091588974, -0.005799178034067154, -0.0012377351522445679, 0.003323707729578018, 0.007885150611400604, 0.01244659349322319, 0.017008036375045776, 0.021569479256868362, 0.02613092213869095, 0.030692365020513535, 0.03525380790233612, 0.03981525078415871, 0.04437669366598129, 0.04893813654780388, 0.053499579429626465, 0.05806102231144905, 0.06262246519327164, 0.06718391180038452, 0.07174535095691681, 0.0763067901134491, 0.08086823672056198, 0.08542968332767487, 0.08999112248420715, 0.09455256164073944, 0.09911400824785233, 0.10367545485496521, 0.1082368940114975, 0.11279833316802979, 0.11735977977514267, 0.12192122638225555, 0.12648266553878784, 0.13104410469532013, 0.13560554385185242, 0.1401669979095459, 0.14472843706607819]}, "gradients/conv2.0.weight": {"_type": "histogram", "values": [1.0, 0.0, 0.0, 0.0, 1.0, 1.0, 0.0, 0.0, 1.0, 1.0, 0.0, 1.0, 2.0, 1.0, 3.0, 2.0, 6.0, 2.0, 5.0, 7.0, 5.0, 12.0, 15.0, 22.0, 10.0, 18.0, 25.0, 31.0, 40.0, 56.0, 80.0, 114.0, 195.0, 353.0, 11272.0, 158.0, 100.0, 48.0, 44.0, 36.0, 39.0, 19.0, 19.0, 9.0, 14.0, 7.0, 4.0, 7.0, 1.0, 3.0, 1.0, 4.0, 1.0, 0.0, 1.0, 0.0, 1.0, 1.0, 0.0, 0.0, 0.0, 0.0, 0.0, 1.0], "bins": [-0.11023027449846268, -0.10699832439422607, -0.10376636683940887, -0.10053441673517227, -0.09730246663093567, -0.09407050907611847, -0.09083855897188187, -0.08760660886764526, -0.08437465131282806, -0.08114270120859146, -0.07791074365377426, -0.07467879354953766, -0.07144683599472046, -0.06821488589048386, -0.06498293578624725, -0.06175098195672035, -0.05851902812719345, -0.05528707429766655, -0.05205512046813965, -0.048823170363903046, -0.045591216534376144, -0.04235926270484924, -0.03912731260061264, -0.03589535877108574, -0.03266340494155884, -0.029431451112031937, -0.026199499145150185, -0.022967547178268433, -0.01973559334874153, -0.01650363951921463, -0.013271687552332878, -0.010039735585451126, -0.006807789206504822, -0.003575836308300495, -0.0003438834100961685, 0.002888069488108158, 0.006120022386312485, 0.009351976215839386, 0.012583928182721138, 0.01581588014960289, 0.01904783397912979, 0.022279787808656693, 0.025511739775538445, 0.028743691742420197, 0.0319756455719471, 0.035207599401474, 0.0384395495057106, 0.0416715033352375, 0.044903457164764404, 0.048135410994291306, 0.05136736482381821, 0.05459931492805481, 0.05783126875758171, 0.06106322258710861, 0.06429517269134521, 0.06752713024616241, 0.07075908035039902, 0.07399103045463562, 0.07722298800945282, 0.08045493811368942, 0.08368688821792603, 0.08691884577274323, 0.09015079587697983, 0.09338274598121643, 0.09661470353603363]}, "gradients/conv2.0.bias": {"_type": "histogram", "values": [1.0, 0.0, 0.0, 0.0, 0.0, 0.0, 1.0, 0.0, 0.0, 0.0, 1.0, 0.0, 0.0, 0.0, 0.0, 0.0, 0.0, 0.0, 0.0, 0.0, 0.0, 0.0, 0.0, 0.0, 0.0, 0.0, 0.0, 0.0, 0.0, 0.0, 1.0, 0.0, 1.0, 0.0, 0.0, 0.0, 0.0, 25.0, 0.0, 0.0, 0.0, 0.0, 0.0, 0.0, 0.0, 0.0, 0.0, 0.0, 1.0, 0.0, 0.0, 0.0, 0.0, 0.0, 0.0, 0.0, 0.0, 0.0, 0.0, 0.0, 0.0, 0.0, 0.0, 1.0], "bins": [-0.16881440579891205, -0.16427399218082428, -0.1597335785627365, -0.15519316494464874, -0.15065275132656097, -0.1461123377084732, -0.14157192409038544, -0.13703152537345886, -0.1324911117553711, -0.12795069813728333, -0.12341028451919556, -0.11886987090110779, -0.11432945728302002, -0.10978904366493225, -0.10524863749742508, -0.10070822387933731, -0.09616780281066895, -0.09162738919258118, -0.08708697557449341, -0.08254656195640564, -0.07800614833831787, -0.0734657347202301, -0.06892532855272293, -0.06438491493463516, -0.059844501316547394, -0.055304087698459625, -0.05076367408037186, -0.04622326418757439, -0.04168285056948662, -0.03714243695139885, -0.03260202705860138, -0.02806161344051361, -0.023521214723587036, -0.018980801105499268, -0.014440389350056648, -0.009899976663291454, -0.00535956397652626, -0.0008191503584384918, 0.0037212613970041275, 0.008261673152446747, 0.012802086770534515, 0.017342500388622284, 0.021882912144064903, 0.026423323899507523, 0.03096373751759529, 0.03550415113568306, 0.04004456102848053, 0.0445849746465683, 0.04912538826465607, 0.053665801882743835, 0.058206215500831604, 0.06274662911891937, 0.06728704273700714, 0.07182745635509491, 0.07636786252260208, 0.08090827614068985, 0.08544868975877762, 0.08998910337686539, 0.09452951699495316, 0.09906993061304092, 0.1036103367805481, 0.10815075039863586, 0.11269116401672363, 0.1172315776348114, 0.12177199125289917]}, "gradients/conv1.0.weight": {"_type": "histogram", "values": [2.0, 1.0, 2.0, 1.0, 0.0, 0.0, 1.0, 0.0, 0.0, 0.0, 1.0, 1.0, 0.0, 2.0, 1.0, 5.0, 2.0, 0.0, 4.0, 3.0, 0.0, 14.0, 2.0, 11.0, 8.0, 10.0, 14.0, 14.0, 25.0, 47.0, 124.0, 23.0, 10.0, 9.0, 6.0, 7.0, 3.0, 9.0, 7.0, 6.0, 4.0, 3.0, 3.0, 4.0, 0.0, 2.0, 2.0, 1.0, 0.0, 1.0, 1.0, 0.0, 0.0, 0.0, 0.0, 0.0, 1.0, 0.0, 0.0, 0.0, 2.0, 0.0, 0.0, 1.0],