{"gradients/out.bias": {"_type": "histogram", "values": [1.0, 0.0, 0.0, 0.0, 0.0, 0.0, 0.0, 0.0, 0.0, 0.0, 0.0, 1.0, 0.0, 0.0, 0.0, 1.0, 0.0, 0.0, 0.0, 0.0, 0.0, 0.0, 0.0, 0.0, 0.0, 0.0, 0.0, 0.0, 0.0, 0.0, 1.0, 2.0, 1.0, 0.0, 0.0, 0.0, 0.0, 0.0, 0.0, 1.0, 0.0, 0.0, 0.0, 0.0, 0.0, 0.0, 0.0, 0.0, 0.0, 0.0, 0.0, 0.0, 0.0, 1.0, 0.0, 0.0, 0.0, 0.0, 0.0, 0.0, 0.0, 0.0, 0.0, 1.0], "bins": [-0.000751115323510021, -0.0007268496556207538, -0.0007025839295238256, -0.0006783182616345584, -0.0006540525937452912, -0.0006297868676483631, -0.0006055211997590959, -0.0005812555318698287, -0.0005569898057729006, -0.0005327241378836334, -0.0005084584117867053, -0.00048419274389743805, -0.0004599270469043404, -0.0004356613499112427, -0.0004113956820219755, -0.00038712998502887785, -0.0003628642880357802, -0.00033859859104268253, -0.00031433289404958487, -0.00029006722616031766, -0.00026580152916722, -0.00024153583217412233, -0.0002172701497329399, -0.00019300446729175746, -0.0001687387702986598, -0.00014447307330556214, -0.0001202073908643797, -9.594170114723966e-05, -7.16760114300996e-05, -4.741032171295956e-05, -2.314463199581951e-05, 1.1210504453629255e-06, 2.5386689230799675e-05, 4.9652378947939724e-05, 7.391806866507977e-05, 9.818375838221982e-05, 0.00012244944809935987, 0.00014671514509245753, 0.00017098082753363997, 0.0001952465099748224, 0.00021951220696792006, 0.00024377790396101773, 0.0002680436009541154, 0.0002923092688433826, 0.00031657496583648026, 0.0003408406628295779, 0.00036510633071884513, 0.0003893720277119428, 0.00041363772470504045, 0.0004379034216981381, 0.0004621691186912358, 0.000486434786580503, 0.0005107005126774311, 0.0005349661805666983, 0.0005592318484559655, 0.0005834975745528936, 0.0006077632424421608, 0.000632028910331428, 0.0006562946364283562, 0.0006805603043176234, 0.0007048259722068906, 0.0007290916983038187, 0.0007533573661930859, 0.0007776230340823531, 0.0008018887601792812]}, "gradients/out.weight": {"_type": "histogram", "values": [1.0, 0.0, 0.0, 0.0, 0.0, 2.0, 1.0, 0.0, 0.0, 1.0, 0.0, 0.0, 0.0, 4.0, 1.0, 4.0, 5.0, 7.0, 7.0, 10.0, 13.0, 16.0, 25.0, 35.0, 35.0, 40.0, 69.0, 95.0, 148.0, 165.0, 256.0, 509.0, 10279.0, 2640.0, 507.0, 239.0, 174.0, 117.0, 70.0, 49.0, 37.0, 21.0, 30.0, 11.0, 13.0, 7.0, 7.0, 6.0, 7.0, 4.0, 3.0, 2.0, 2.0, 0.0, 2.0, 0.0, 2.0, 0.0, 0.0, 1.0, 0.0, 0.0, 0.0, 1.0], "bins": [-0.007572711445391178, -0.007342399563640356, -0.007112088147550821, -0.006881776265799999, -0.0066514648497104645, -0.006421152967959642, -0.00619084108620882, -0.005960529670119286, -0.0057302177883684635, -0.0054999059066176414, -0.005269594490528107, -0.005039282608777285, -0.0048089707270264626, -0.004578659310936928, -0.004348347429186106, -0.004118035547435284, -0.003887724131345749, -0.0036574124824255705, -0.003427100833505392, -0.00319678895175457, -0.0029664773028343916, -0.002736165653914213, -0.002505853772163391, -0.0022755421232432127, -0.0020452304743230343, -0.0018149188254028559, -0.0015846070600673556, -0.0013542952947318554, -0.001123983645811677, -0.0008936719968914986, -0.0006633602315559983, -0.0004330484662204981, -0.00020273681730031967, 2.7574889827519655e-05, 0.000257886596955359, 0.0004881983040831983, 0.0007185100112110376, 0.000948821660131216, 0.0011791334254667163, 0.0014094451908022165, 0.001639756839722395, 0.0018700684886425734, 0.0021003801375627518, 0.002330692019313574, 0.0025610036682337523, 0.0027913153171539307, 0.0030216271989047527, 0.003251938847824931, 0.0034822504967451096, 0.003712562145665288, 0.003942873794585466, 0.0041731856763362885, 0.004403497092425823, 0.004633808974176645, 0.004864120855927467, 0.005094432272017002, 0.005324744153767824, 0.005555056035518646, 0.005785367451608181, 0.006015679333359003, 0.006245991215109825, 0.00647630263119936, 0.006706614512950182, 0.006936926394701004, 0.007167237810790539]}, "gradients/conv2.0.weight": {"_type": "histogram", "values": [1.0, 0.0, 0.0, 0.0, 1.0, 2.0, 5.0, 4.0, 10.0, 15.0, 17.0, 26.0, 32.0, 52.0, 56.0, 65.0, 84.0, 144.0, 166.0, 240.0, 307.0, 426.0, 589.0, 826.0, 1188.0, 1824.0, 3085.0, 1192.0, 736.0, 480.0, 306.0, 258.0, 152.0, 98.0, 87.0, 64.0, 61.0, 34.0, 38.0, 26.0, 16.0, 16.0, 10.0, 8.0, 18.0, 6.0, 7.0, 1.0, 1.0, 3.0, 3.0, 0.0, 0.0, 2.0, 3.0, 1.0, 2.0, 1.0, 0.0, 0.0, 2.0, 0.0, 2.0, 1.0], "bins": [-0.003172915428876877, -0.003052607411518693, -0.002932299394160509, -0.002811991609632969, -0.002691683592274785, -0.002571375574916601, -0.0024510675575584173, -0.0023307595402002335, -0.0022104515228420496, -0.0020901435054838657, -0.001969835488125682, -0.0018495275871828198, -0.001729219569824636, -0.001608911668881774, -0.00148860365152359, -0.0013682956341654062, -0.0012479877332225442, -0.0011276797158643603, -0.0010073718149214983, -0.0008870637975633144, -0.0007667557802051306, -0.0006464478210546076, -0.0005261398619040847, -0.0004058318445459008, -0.0002855239436030388, -0.00016521595534868538, -4.490798164624721e-05, 7.539999205619097e-05, 0.00019570798031054437, 0.0003160159685648978, 0.0004363239277154207, 0.0005566319450736046, 0.0006769399624317884, 0.0007972479215823114, 0.0009175559389404953, 0.0010378638980910182, 0.001158171915449202, 0.001278479816392064, 0.001398787833750248, 0.0015190958511084318, 0.0016394038684666157, 0.0017597118858247995, 0.0018800197867676616, 0.0020003276877105236, 0.0021206357050687075, 0.0022409437224268913, 0.002361251739785075, 0.002481559757143259, 0.0026018675416707993, 0.002722175559028983, 0.002842483576387167, 0.002962791360914707, 0.003083099378272891, 0.003203407395631075, 0.0033237154129892588, 0.0034440234303474426, 0.0035643314477056265, 0.0036846394650638103, 0.003804947482421994, 0.003925255499780178, 0.004045563284307718, 0.004165871534496546, 0.004286179319024086, 0.0044064875692129135, 0.004526795353740454]}, "gradients/conv2.0.bias": {"_type": "histogram", "values": [3.0, 0.0, 0.0, 0.0, 0.0, 0.0, 0.0, 0.0, 0.0, 0.0, 0.0, 0.0, 0.0, 0.0, 1.0, 0.0, 1.0, 1.0, 1.0, 0.0, 4.0, 4.0, 1.0, 2.0, 0.0, 1.0, 0.0, 2.0, 1.0, 0.0, 1.0, 1.0, 0.0, 1.0, 1.0, 0.0, 0.0, 1.0, 1.0, 0.0, 1.0, 0.0, 0.0, 1.0, 1.0, 0.0, 0.0, 0.0, 0.0, 0.0, 0.0, 0.0, 0.0, 0.0, 0.0, 0.0, 0.0, 0.0, 0.0, 0.0, 0.0, 0.0, 0.0, 1.0], "bins": [-0.001061593764461577, -0.001021907082758844, -0.0009822204010561109, -0.0009425337193533778, -0.0009028470376506448, -0.0008631603559479117, -0.0008234736742451787, -0.0007837869925424457, -0.0007441003108397126, -0.0007044136291369796, -0.0006647269474342465, -0.0006250402657315135, -0.0005853535840287805, -0.0005456669023260474, -0.0005059802206233144, -0.00046629353892058134, -0.0004266068572178483, -0.00038692017551511526, -0.0003472334938123822, -0.0003075468121096492, -0.00026786013040691614, -0.0002281734487041831, -0.00018848676700145006, -0.00014880008529871702, -0.00010911340359598398, -6.942672189325094e-05, -2.9740040190517902e-05, 9.946641512215137e-06, 4.963332321494818e-05, 8.932000491768122e-05, 0.00012900668662041426, 0.0001686933683231473, 0.00020838005002588034, 0.0002480667317286134, 0.0002877534134313464, 0.00032744009513407946, 0.0003671267768368125, 0.00040681345853954554, 0.0004465001402422786, 0.0004861868219450116, 0.0005258735036477447, 0.0005655601853504777, 0.0006052468670532107, 0.0006449335487559438, 0.0006846202304586768, 0.0007243069121614099, 0.0007639935938641429, 0.0008036802755668759, 0.000843366957269609, 0.000883053638972342, 0.000922740320675075, 0.0009624270023778081, 0.0010021136840805411, 0.0010418003657832742, 0.0010814870474860072, 0.0011211737291887403, 0.0011608604108914733, 0.0012005470925942063, 0.0012402337742969394, 0.0012799204559996724, 0.0013196071377024055, 0.0013592938194051385, 0.0013989805011078715, 0.0014386671828106046, 0.0014783538645133376]}, "gradients/conv1.0.weight": {"_type": "histogram",