{"gradients/out.bias": {"_type": "histogram", "values": [1.0, 0.0, 0.0, 0.0, 0.0, 0.0, 0.0, 0.0, 0.0, 0.0, 2.0, 0.0, 0.0, 0.0, 0.0, 0.0, 0.0, 0.0, 0.0, 0.0, 0.0, 0.0, 0.0, 0.0, 0.0, 0.0, 0.0, 0.0, 1.0, 0.0, 1.0, 0.0, 1.0, 0.0, 0.0, 0.0, 1.0, 0.0, 0.0, 0.0, 1.0, 0.0, 0.0, 0.0, 0.0, 0.0, 0.0, 0.0, 0.0, 0.0, 0.0, 0.0, 0.0, 0.0, 0.0, 0.0, 0.0, 0.0, 0.0, 0.0, 1.0, 0.0, 0.0, 1.0], "bins": [-0.008226816542446613, -0.007962970994412899, -0.007699124980717897, -0.007435278967022896, -0.0071714334189891815, -0.006907587870955467, -0.006643741857260466, -0.006379895843565464, -0.00611605029553175, -0.005852204747498035, -0.005588358733803034, -0.005324512720108032, -0.005060667172074318, -0.004796821624040604, -0.004532975610345602, -0.0042691295966506, -0.004005284048616886, -0.003741438267752528, -0.0034775924868881702, -0.0032137467060238123, -0.0029499009251594543, -0.0026860551442950964, -0.0024222093634307384, -0.0021583635825663805, -0.0018945178017020226, -0.0016306720208376646, -0.0013668262399733067, -0.0011029804591089487, -0.0008391346782445908, -0.0005752888973802328, -0.00031144311651587486, -4.7597335651516914e-05, 0.00021624751389026642, 0.00048009329475462437, 0.0007439390756189823, 0.0010077848564833403, 0.0012716306373476982, 0.0015354764182120562, 0.001799322199076414, 0.002063167979940772, 0.00232701376080513, 0.002590859541669488, 0.002854705322533846, 0.003118551103398204, 0.003382396884262562, 0.0036462426651269197, 0.003910088445991278, 0.004173934459686279, 0.004437780007719994, 0.004701625555753708, 0.0049654715694487095, 0.005229317583143711, 0.005493163131177425, 0.00575700867921114, 0.006020854692906141, 0.006284700706601143, 0.006548546254634857, 0.0068123918026685715, 0.007076237816363573, 0.007340083830058575, 0.007603929378092289, 0.007867774926126003, 0.008131621405482292, 0.008395466953516006, 0.00865931250154972]}, "gradients/out.weight": {"_type": "histogram", "values": [1.0, 0.0, 0.0, 3.0, 0.0, 1.0, 0.0, 2.0, 1.0, 2.0, 3.0, 1.0, 1.0, 2.0, 0.0, 1.0, 1.0, 2.0, 0.0, 2.0, 1.0, 2.0, 4.0, 3.0, 1.0, 1.0, 1.0, 6.0, 8.0, 2.0, 12.0, 20.0, 55.0, 15396.0, 45.0, 34.0, 15.0, 13.0, 4.0, 1.0, 4.0, 3.0, 2.0, 2.0, 3.0, 1.0, 0.0, 2.0, 2.0, 3.0, 1.0, 2.0, 1.0, 0.0, 3.0, 0.0, 0.0, 0.0, 1.0, 0.0, 0.0, 1.0, 1.0, 1.0], "bins": [-0.019921187311410904, -0.01932014711201191, -0.018719106912612915, -0.01811806671321392, -0.017517026513814926, -0.01691598631441593, -0.016314946115016937, -0.015713904052972794, -0.015112864784896374, -0.01451182458549738, -0.013910784386098385, -0.01330974418669939, -0.012708703055977821, -0.012107662856578827, -0.011506622657179832, -0.010905582457780838, -0.010304542258381844, -0.009703502058982849, -0.009102461859583855, -0.00850142166018486, -0.007900381460785866, -0.007299340795725584, -0.006698300130665302, -0.006097259931266308, -0.005496219731867313, -0.004895179532468319, -0.0042941393330693245, -0.0036930986680090427, -0.0030920584686100483, -0.002491018269211054, -0.0018899778369814157, -0.0012889374047517776, -0.000687895342707634, -8.68550268933177e-05, 0.0005141852889209986, 0.0011152256047353148, 0.0017162659205496311, 0.0023173061199486256, 0.0029183465521782637, 0.0035193869844079018, 0.004120427183806896, 0.004721467383205891, 0.005322507582604885, 0.005923548247665167, 0.006524588447064161, 0.007125628646463156, 0.0077266693115234375, 0.008327709510922432, 0.008928749710321426, 0.00952978990972042, 0.010130830109119415, 0.01073187030851841, 0.011332910507917404, 0.011933950707316399, 0.012534991838037968, 0.013136032037436962, 0.013737072236835957, 0.014338112436234951, 0.014939152635633945, 0.01554019283503294, 0.01614123396575451, 0.016742274165153503, 0.017343314364552498, 0.017944354563951492, 0.018545394763350487]}, "gradients/conv2.0.weight": {"_type": "histogram", "values": [1.0, 0.0, 0.0, 0.0, 0.0, 0.0, 0.0, 0.0, 0.0, 0.0, 0.0, 0.0, 1.0, 2.0, 0.0, 0.0, 0.0, 0.0, 0.0, 0.0, 1.0, 0.0, 0.0, 0.0, 0.0, 1.0, 0.0, 1.0, 0.0, 2.0, 1.0, 3.0, 4.0, 7.0, 4.0, 4.0, 5.0, 1.0, 5.0, 11.0, 6.0, 12.0, 16.0, 15.0, 21.0, 12582.0, 36.0, 23.0, 9.0, 4.0, 4.0, 3.0, 4.0, 3.0, 3.0, 0.0, 0.0, 0.0, 0.0, 2.0, 0.0, 0.0, 2.0, 1.0], "bins": [-0.07712116837501526, -0.07543402165174484, -0.07374687492847443, -0.07205972075462341, -0.070372574031353, -0.06868542730808258, -0.06699828058481216, -0.06531113386154175, -0.06362397968769073, -0.06193683296442032, -0.060249682515859604, -0.05856253579258919, -0.05687538534402847, -0.05518823862075806, -0.05350109189748764, -0.051813941448926926, -0.05012679845094681, -0.04843965172767639, -0.04675250127911568, -0.04506535455584526, -0.043378204107284546, -0.04169105738401413, -0.04000391066074371, -0.038316760212183, -0.036629609763622284, -0.03494246304035187, -0.03325531259179115, -0.03156816586852074, -0.02988101728260517, -0.028193868696689606, -0.02650672011077404, -0.024819571524858475, -0.023132426664233208, -0.021445278078317642, -0.019758129492402077, -0.01807098090648651, -0.016383834183216095, -0.01469668559730053, -0.013009537011384964, -0.011322389356791973, -0.009635241702198982, -0.007948093116283417, -0.006260945461690426, -0.00457379687577486, -0.002886648755520582, -0.001199500635266304, 0.0004876479506492615, 0.0021747956052422523, 0.0038619451224803925, 0.005549093242734671, 0.007236241362988949, 0.008923389948904514, 0.010610537603497505, 0.01229768618941307, 0.013984834775328636, 0.0156719833612442, 0.017359130084514618, 0.019046278670430183, 0.02073342725634575, 0.022420573979616165, 0.02410772256553173, 0.025794871151447296, 0.02748201973736286, 0.029169168323278427, 0.030856316909193993]}, "gradients/conv2.0.bias": {"_type": "histogram", "values": [1.0, 0.0, 0.0, 0.0, 0.0, 0.0, 0.0, 0.0, 0.0, 0.0, 0.0, 0.0, 0.0, 1.0, 0.0, 0.0, 0.0, 0.0, 1.0, 0.0, 1.0, 0.0, 0.0, 0.0, 0.0, 0.0, 0.0, 0.0, 0.0, 25.0, 0.0, 0.0, 0.0, 1.0, 0.0, 1.0, 0.0, 0.0, 0.0, 0.0, 0.0, 0.0, 0.0, 0.0, 0.0, 0.0, 0.0, 0.0, 0.0, 0.0, 0.0, 0.0, 0.0, 0.0, 0.0, 0.0, 0.0, 0.0, 0.0, 0.0, 0.0, 0.0, 0.0, 1.0], "bins": [-0.0738685354590416, -0.07138343155384064, -0.06889833509922028, -0.06641323119401932, -0.06392812728881836, -0.061443030834198, -0.05895792692899704, -0.05647282674908638, -0.05398772656917572, -0.05150262638926506, -0.0490175262093544, -0.04653242230415344, -0.04404732212424278, -0.04156222194433212, -0.039077118039131165, -0.036592017859220505, -0.034106917679309845, -0.031621817499399185, -0.029136715456843376, -0.026651613414287567, -0.024166513234376907, -0.021681413054466248, -0.01919631101191044, -0.01671120896935463, -0.01422610878944397, -0.011741007678210735, -0.009255906566977501, -0.0067708054557442665, -0.004285704344511032, -0.0018006032332777977, 0.0006844978779554367, 0.0031695999205112457, 0.0056547001004219055, 0.00813980121165514, 0.010624902322888374, 0.013110003434121609, 0.015595104545354843, 0.018080204725265503, 0.020565306767821312, 0.02305040881037712, 0.02553550899028778, 0.02802060917019844, 0.03050571121275425, 0.03299081325531006, 0.03547591343522072, 0.03796101361513138, 0.040446117520332336, 0.042931217700242996, 0.045416317880153656, 0.047901418060064316, 0.050386518239974976, 0.052871622145175934, 0.055356722325086594, 0.05784182250499725, 0.06032692641019821, 0.06281203031539917, 0.06529712677001953, 0.06778223067522049, 0.07026732712984085, 0.07275243103504181, 0.07523752748966217, 0.07772263139486313, 0.08020773530006409, 0.08269283175468445, 0.0851779356598854]}, "gradients/conv1.0.weight": {"_type": "histogram", "values": [1.0, 0.0, 0.0, 0.0, 0.0, 0.0, 0.0, 1.0, 0.0, 0.0, 0.0, 0.0, 0.0, 0.0, 1.0, 1.0, 1.0, 1.0, 0.0, 362.0, 3.0, 1.0, 1.0, 2.0, 0.0, 2.0, 1.0, 2.0, 2.0, 2.0, 3.0, 0.0, 0.0, 0.0, 1.0, 1.0, 2.0, 1.0, 1.0, 1.0, 0.0, 0.0, 0.0, 0.0, 0.0, 0.0, 1.0, 1.0, 0.0, 0.0, 1.0, 0.0, 1.0, 0.0, 0.0, 0.0, 0.0, 1.0, 0.0, 0.0, 0.0, 0.0, 0.0, 1.0],