{"gradients/out.bias": {"_type": "histogram", "values": [1.0, 0.0, 0.0, 0.0, 0.0, 0.0, 0.0, 0.0, 1.0, 0.0, 0.0, 0.0, 0.0, 0.0, 0.0, 1.0, 0.0, 0.0, 0.0, 0.0, 0.0, 0.0, 0.0, 0.0, 0.0, 0.0, 1.0, 0.0, 0.0, 2.0, 1.0, 0.0, 0.0, 0.0, 0.0, 0.0, 0.0, 0.0, 0.0, 1.0, 0.0, 0.0, 0.0, 0.0, 1.0, 0.0, 0.0, 0.0, 0.0, 0.0, 0.0, 0.0, 0.0, 0.0, 0.0, 0.0, 0.0, 0.0, 0.0, 0.0, 0.0, 0.0, 0.0, 1.0], "bins": [-0.012522317469120026, -0.012087120674550533, -0.011651923879981041, -0.011216727085411549, -0.010781530290842056, -0.010346334427595139, -0.009911136701703072, -0.009475940838456154, -0.009040744043886662, -0.00860554724931717, -0.008170350454747677, -0.0077351536601781845, -0.0072999573312699795, -0.006864760536700487, -0.006429563742130995, -0.00599436741322279, -0.00555917015299201, -0.005123973358422518, -0.0046887765638530254, -0.00425358023494482, -0.003818383440375328, -0.0033831866458058357, -0.0029479898512363434, -0.0025127932894974947, -0.0020775962620973587, -0.0016423995839431882, -0.0012072029057890177, -0.0007720061112195253, -0.0003368094330653548, 9.838724508881569e-05, 0.000533584039658308, 0.0009687806013971567, 0.0014039771631360054, 0.001839173841290176, 0.0022743705194443464, 0.0027095673140138388, 0.0031447638757526875, 0.00357996067032218, 0.004015157464891672, 0.004450353793799877, 0.0048855505883693695, 0.005320747382938862, 0.005755944177508354, 0.0061911409720778465, 0.0066263373009860516, 0.007061534095555544, 0.007496730890125036, 0.007931927219033241, 0.008367124944925308, 0.0088023217394948, 0.009237518534064293, 0.009672715328633785, 0.010107912123203278, 0.010543107986450195, 0.010978305712342262, 0.01141350157558918, 0.011848698370158672, 0.012283895164728165, 0.012719091959297657, 0.01315428875386715, 0.013589485548436642, 0.014024682343006134, 0.014459878206253052, 0.014895075000822544, 0.015330271795392036]}, "gradients/out.weight": {"_type": "histogram", "values": [2.0, 0.0, 1.0, 3.0, 1.0, 1.0, 1.0, 3.0, 5.0, 4.0, 9.0, 4.0, 14.0, 6.0, 22.0, 14.0, 12.0, 29.0, 20.0, 37.0, 40.0, 41.0, 53.0, 76.0, 85.0, 91.0, 103.0, 132.0, 161.0, 229.0, 298.0, 496.0, 9643.0, 2002.0, 579.0, 353.0, 268.0, 193.0, 150.0, 110.0, 67.0, 56.0, 55.0, 43.0, 35.0, 24.0, 12.0, 14.0, 14.0, 19.0, 12.0, 9.0, 9.0, 9.0, 1.0, 1.0, 2.0, 1.0, 3.0, 2.0, 0.0, 0.0, 0.0, 1.0], "bins": [-0.12303603440523148, -0.11928242444992065, -0.11552881449460983, -0.11177520453929901, -0.10802159458398819, -0.10426798462867737, -0.10051438212394714, -0.09676076471805573, -0.0930071622133255, -0.08925355225801468, -0.08549994230270386, -0.08174633234739304, -0.07799272239208221, -0.07423911243677139, -0.07048550248146057, -0.06673189997673035, -0.06297828257083893, -0.05922467261552811, -0.055471062660217285, -0.051717452704906464, -0.04796384274959564, -0.04421023279428482, -0.0404566265642643, -0.036703016608953476, -0.03294941037893295, -0.02919580042362213, -0.02544219046831131, -0.021688582375645638, -0.017934972420334816, -0.014181362465023994, -0.010427754372358322, -0.006674144417047501, -0.0029205307364463806, 0.0008330787532031536, 0.004586688242852688, 0.008340297266840935, 0.012093907222151756, 0.015847517177462578, 0.01960112527012825, 0.02335473522543907, 0.02710834890604019, 0.030861958861351013, 0.034615568816661835, 0.038369178771972656, 0.04212278872728348, 0.0458763986825943, 0.04963000491261482, 0.053383614867925644, 0.05713722109794617, 0.06089083105325699, 0.06464444100856781, 0.06839805096387863, 0.07215166091918945, 0.07590527087450027, 0.0796588808298111, 0.08341248333454132, 0.08716610074043274, 0.09091971069574356, 0.09467332065105438, 0.0984269306063652, 0.10218054056167603, 0.10593415051698685, 0.10968776047229767, 0.1134413629770279, 0.11719497293233871]}, "gradients/conv2.0.weight": {"_type": "histogram", "values": [2.0, 0.0, 0.0, 0.0, 0.0, 0.0, 0.0, 2.0, 2.0, 1.0, 2.0, 0.0, 2.0, 5.0, 2.0, 6.0, 6.0, 11.0, 15.0, 10.0, 13.0, 16.0, 24.0, 27.0, 33.0, 47.0, 76.0, 115.0, 121.0, 196.0, 299.0, 411.0, 643.0, 1278.0, 5978.0, 2139.0, 500.0, 249.0, 156.0, 113.0, 66.0, 61.0, 40.0, 27.0, 28.0, 19.0, 10.0, 3.0, 7.0, 4.0, 4.0, 2.0, 5.0, 5.0, 3.0, 5.0, 1.0, 1.0, 3.0, 2.0, 0.0, 2.0, 0.0, 2.0], "bins": [-0.08824930340051651, -0.08571282774209976, -0.08317635953426361, -0.08063988387584686, -0.07810340821743011, -0.07556693255901337, -0.07303046435117722, -0.07049398869276047, -0.06795752048492432, -0.06542104482650757, -0.06288457661867142, -0.06034810096025467, -0.05781162530183792, -0.05527515336871147, -0.05273868143558502, -0.050202205777168274, -0.047665730118751526, -0.045129258185625076, -0.04259278252720833, -0.04005631059408188, -0.03751983493566513, -0.03498336300253868, -0.03244689106941223, -0.029910417273640633, -0.027373943477869034, -0.024837469682097435, -0.022300995886325836, -0.019764523953199387, -0.017228050157427788, -0.014691576361656189, -0.012155103497207165, -0.00961863063275814, -0.007082156836986542, -0.00454568350687623, -0.0020092101767659187, 0.0005272631533443928, 0.0030637364834547043, 0.005600210279226303, 0.008136683143675327, 0.010673156008124352, 0.01320962980389595, 0.01574610359966755, 0.018282577395439148, 0.020819049328565598, 0.023355523124337196, 0.025891996920108795, 0.028428468853235245, 0.030964942649006844, 0.03350141644477844, 0.03603788837790489, 0.03857436403632164, 0.04111083596944809, 0.04364731162786484, 0.04618378356099129, 0.04872025549411774, 0.051256731152534485, 0.053793203085660934, 0.056329675018787384, 0.05886615067720413, 0.06140262261033058, 0.06393909454345703, 0.06647557020187378, 0.06901204586029053, 0.07154851406812668, 0.07408498972654343]}, "gradients/conv2.0.bias": {"_type": "histogram", "values": [1.0, 0.0, 0.0, 0.0, 0.0, 0.0, 0.0, 0.0, 0.0, 0.0, 0.0, 1.0, 0.0, 1.0, 0.0, 0.0, 0.0, 1.0, 0.0, 1.0, 0.0, 0.0, 0.0, 0.0, 1.0, 0.0, 0.0, 1.0, 0.0, 1.0, 2.0, 1.0, 1.0, 1.0, 0.0, 1.0, 0.0, 2.0, 1.0, 0.0, 1.0, 0.0, 0.0, 1.0, 1.0, 1.0, 1.0, 0.0, 1.0, 2.0, 2.0, 0.0, 2.0, 0.0, 0.0, 1.0, 0.0, 0.0, 0.0, 0.0, 1.0, 0.0, 0.0, 1.0], "bins": [-0.01503027230501175, -0.014669375494122505, -0.014308477751910686, -0.013947580941021442, -0.013586683198809624, -0.01322578638792038, -0.012864889577031136, -0.012503992766141891, -0.012143095023930073, -0.011782198213040829, -0.01142130047082901, -0.011060403659939766, -0.010699506849050522, -0.010338609106838703, -0.009977712295949459, -0.00961681455373764, -0.009255917742848396, -0.008895020931959152, -0.008534123189747334, -0.00817322637885809, -0.007812329102307558, -0.007451431825757027, -0.007090535014867783, -0.006729637738317251, -0.00636874046176672, -0.006007843185216188, -0.005646945908665657, -0.005286049097776413, -0.004925151821225882, -0.00456425454467535, -0.004203357733786106, -0.0038424604572355747, -0.0034815631806850433, -0.003120665904134512, -0.002759768860414624, -0.0023988718166947365, -0.002037974540144205, -0.0016770773800089955, -0.001316180219873786, -0.0009552831761538982, -0.0005943858996033669, -0.0002334887394681573, 0.00012740842066705227, 0.0004883055808022618, 0.0008492027409374714, 0.001210099901072681, 0.0015709970612078905, 0.0019318941049277782, 0.0022927913814783096, 0.002653688658028841, 0.0030145857017487288, 0.0033754827454686165, 0.003736380022019148, 0.004097277298569679, 0.004458174109458923, 0.004819071386009455, 0.005179968662559986, 0.0055408659391105175, 0.005901763215661049, 0.006262660026550293, 0.006623557303100824, 0.006984454579651356, 0.0073453513905406, 0.007706248667091131, 0.008067145943641663]}, "gradients/conv1.0.weight": {"_type": "histogram", "values": [1.0, 0.0, 0.0, 0.0, 1.0, 0.0, 1.0, 1.0, 0.0, 1.0, 1.0, 0.0, 1.0, 0.0, 0.0, 0.0, 0.0, 0.0, 0.0, 1.0, 1.0, 1.0, 0.0, 1.0, 0.0, 4.0, 1.0, 1.0, 0.0, 2.0, 2.0, 2.0, 2.0, 5.0, 9.0, 4.0, 10.0, 9.0, 17.0, 17.0, 13.0, 28.0, 52.0, 42.0, 24.0, 13.0, 7.0, 5.0, 5.0, 8.0, 9.0, 9.0, 7.0, 8.0, 6.0, 8.0, 7.0, 15.0, 14.0, 10.0, 8.0, 2.0, 3.0, 1.0],