{"gradients/out.bias": {"_type": "histogram", "values": [1.0, 0.0, 0.0, 1.0, 0.0, 0.0, 0.0, 0.0, 0.0, 0.0, 0.0, 0.0, 0.0, 0.0, 0.0, 0.0, 0.0, 0.0, 0.0, 0.0, 2.0, 1.0, 0.0, 0.0, 0.0, 0.0, 0.0, 0.0, 0.0, 0.0, 0.0, 0.0, 0.0, 0.0, 0.0, 0.0, 0.0, 0.0, 0.0, 0.0, 0.0, 0.0, 1.0, 0.0, 1.0, 0.0, 0.0, 0.0, 0.0, 0.0, 1.0, 0.0, 1.0, 0.0, 0.0, 0.0, 0.0, 0.0, 0.0, 0.0, 0.0, 0.0, 0.0, 1.0], "bins": [-0.0244239941239357, -0.02365809492766857, -0.022892195731401443, -0.022126294672489166, -0.02136039547622204, -0.02059449627995491, -0.019828595221042633, -0.019062696024775505, -0.018296796828508377, -0.01753089763224125, -0.01676499843597412, -0.015999097377061844, -0.015233198180794716, -0.014467298984527588, -0.013701398856937885, -0.012935498729348183, -0.012169599533081055, -0.011403700336813927, -0.010637800209224224, -0.009871900081634521, -0.009106000885367393, -0.008340101689100266, -0.007574201561510563, -0.006808301899582148, -0.006042402237653732, -0.005276502575725317, -0.004510602913796902, -0.0037447032518684864, -0.002978803589940071, -0.002212903928011656, -0.0014470042660832405, -0.0006811046041548252, 8.479692041873932e-05, 0.0008506965823471546, 0.00161659624427557, 0.002382495906203985, 0.0031483955681324005, 0.003914295230060816, 0.004680194891989231, 0.005446094553917646, 0.006211994215846062, 0.006977893877774477, 0.007743793539702892, 0.008509693667292595, 0.009275592863559723, 0.010041492059826851, 0.010807392187416553, 0.011573292315006256, 0.012339191511273384, 0.013105090707540512, 0.013870990835130215, 0.014636890962719917, 0.015402790158987045, 0.016168689355254173, 0.0169345885515213, 0.01770048961043358, 0.018466388806700706, 0.019232288002967834, 0.01999818906188011, 0.02076408825814724, 0.021529987454414368, 0.022295886650681496, 0.023061785846948624, 0.0238276869058609, 0.02459358610212803]}, "gradients/out.weight": {"_type": "histogram", "values": [1.0, 0.0, 0.0, 0.0, 0.0, 0.0, 1.0, 1.0, 0.0, 0.0, 0.0, 0.0, 0.0, 0.0, 1.0, 5.0, 0.0, 0.0, 2.0, 2.0, 5.0, 7.0, 5.0, 3.0, 5.0, 9.0, 10.0, 10.0, 15.0, 15.0, 30.0, 15259.0, 164.0, 40.0, 16.0, 8.0, 7.0, 13.0, 7.0, 6.0, 3.0, 6.0, 6.0, 7.0, 0.0, 3.0, 0.0, 1.0, 4.0, 1.0, 0.0, 0.0, 0.0, 0.0, 0.0, 0.0, 1.0, 0.0, 0.0, 0.0, 0.0, 0.0, 0.0, 1.0], "bins": [-0.0843542143702507, -0.08171571791172028, -0.07907721400260925, -0.07643871009349823, -0.0738002136349678, -0.07116171717643738, -0.06852321326732635, -0.06588470935821533, -0.0632462128996849, -0.06060771271586418, -0.05796921253204346, -0.05533071234822273, -0.05269221216440201, -0.050053711980581284, -0.04741521179676056, -0.044776711612939835, -0.04213821142911911, -0.039499711245298386, -0.03686121106147766, -0.03422271087765694, -0.03158421069383621, -0.028945710510015488, -0.026307210326194763, -0.02366871014237404, -0.021030209958553314, -0.01839170977473259, -0.015753209590911865, -0.01311470940709114, -0.010476209223270416, -0.007837709039449692, -0.005199208855628967, -0.002560708671808243, 7.778406143188477e-05, 0.0027162842452526093, 0.005354784429073334, 0.007993284612894058, 0.010631784796714783, 0.013270284980535507, 0.01590878516435623, 0.018547285348176956, 0.02118578553199768, 0.023824285715818405, 0.02646278589963913, 0.029101286083459854, 0.03173978626728058, 0.0343782864511013, 0.03701678663492203, 0.03965528681874275, 0.04229378700256348, 0.0449322871863842, 0.047570787370204926, 0.05020928755402565, 0.052847787737846375, 0.0554862879216671, 0.058124788105487823, 0.06076328828930855, 0.06340178847312927, 0.0660402923822403, 0.06867878884077072, 0.07131728529930115, 0.07395578920841217, 0.0765942931175232, 0.07923278957605362, 0.08187128603458405, 0.08450978994369507]}, "gradients/conv2.0.weight": {"_type": "histogram", "values": [1.0, 0.0, 0.0, 0.0, 0.0, 0.0, 1.0, 1.0, 1.0, 2.0, 0.0, 2.0, 0.0, 0.0, 2.0, 0.0, 3.0, 2.0, 3.0, 1.0, 1.0, 8.0, 7.0, 2.0, 9.0, 11.0, 4.0, 10.0, 16.0, 28.0, 55.0, 12544.0, 14.0, 15.0, 6.0, 8.0, 8.0, 2.0, 3.0, 3.0, 3.0, 1.0, 2.0, 1.0, 1.0, 1.0, 0.0, 1.0, 1.0, 3.0, 2.0, 1.0, 3.0, 1.0, 3.0, 0.0, 0.0, 0.0, 0.0, 0.0, 0.0, 0.0, 2.0, 1.0], "bins": [-0.17279404401779175, -0.16723553836345673, -0.1616770476102829, -0.15611854195594788, -0.15056005120277405, -0.14500154554843903, -0.139443039894104, -0.13388454914093018, -0.12832604348659515, -0.12276754528284073, -0.1172090470790863, -0.11165054142475128, -0.10609204322099686, -0.10053354501724243, -0.09497503936290741, -0.08941654115915298, -0.08385804295539856, -0.07829954475164413, -0.07274104654788971, -0.06718254089355469, -0.06162404268980026, -0.05606554448604584, -0.050507042557001114, -0.04494854062795639, -0.039390042424201965, -0.03383154422044754, -0.028273042291402817, -0.022714542225003242, -0.017156042158603668, -0.011597542092204094, -0.00603904202580452, -0.00048054009675979614, 0.005077958106994629, 0.010636458173394203, 0.016194958239793777, 0.021753458306193352, 0.027311958372592926, 0.03287045657634735, 0.038428958505392075, 0.0439874604344368, 0.04954595863819122, 0.05510445684194565, 0.06066295877099037, 0.0662214607000351, 0.07177995890378952, 0.07733845710754395, 0.08289696276187897, 0.08845546096563339, 0.09401395916938782, 0.09957245737314224, 0.10513095557689667, 0.11068946123123169, 0.11624795943498611, 0.12180645763874054, 0.12736496329307556, 0.1329234540462494, 0.1384819597005844, 0.14404046535491943, 0.14959895610809326, 0.15515746176242828, 0.1607159674167633, 0.16627445816993713, 0.17183296382427216, 0.17739146947860718, 0.182949960231781]}, "gradients/conv2.0.bias": {"_type": "histogram", "values": [1.0, 0.0, 0.0, 0.0, 0.0, 0.0, 0.0, 0.0, 0.0, 0.0, 0.0, 0.0, 0.0, 0.0, 0.0, 0.0, 0.0, 0.0, 0.0, 0.0, 0.0, 0.0, 0.0, 0.0, 0.0, 0.0, 1.0, 28.0, 0.0, 1.0, 0.0, 0.0, 0.0, 0.0, 0.0, 0.0, 0.0, 0.0, 0.0, 0.0, 0.0, 0.0, 0.0, 0.0, 0.0, 0.0, 0.0, 0.0, 0.0, 0.0, 0.0, 0.0, 0.0, 0.0, 0.0, 0.0, 0.0, 0.0, 0.0, 0.0, 0.0, 0.0, 0.0, 1.0], "bins": [-0.16584432125091553, -0.15977485477924347, -0.1537054032087326, -0.14763593673706055, -0.1415664702653885, -0.13549701869487762, -0.12942755222320557, -0.1233580932021141, -0.11728863418102264, -0.11121917515993118, -0.10514970868825912, -0.09908024966716766, -0.0930107906460762, -0.08694133162498474, -0.08087186515331268, -0.07480240613222122, -0.06873293966054916, -0.0626634806394577, -0.05659401789307594, -0.05052455514669418, -0.04445509612560272, -0.03838563337922096, -0.0323161706328392, -0.02624671161174774, -0.020177245140075684, -0.014107784256339073, -0.008038322441279888, -0.001968860626220703, 0.004100600257515907, 0.010170061141252518, 0.016239523887634277, 0.02230898290872574, 0.0283784419298172, 0.03444790467619896, 0.04051736369729042, 0.04658682644367218, 0.05265628546476364, 0.0587257482111454, 0.06479521095752716, 0.07086466997861862, 0.07693412899971008, 0.08300358802080154, 0.0890730544924736, 0.09514251351356506, 0.10121197253465652, 0.10728143155574799, 0.11335089802742004, 0.1194203570485115, 0.12548983097076416, 0.13155929744243622, 0.13762874901294708, 0.14369821548461914, 0.1497676819562912, 0.15583713352680206, 0.16190659999847412, 0.16797605156898499, 0.17404551804065704, 0.1801149845123291, 0.18618443608283997, 0.19225390255451202, 0.19832336902618408, 0.20439282059669495, 0.210462287068367, 0.21653175354003906, 0.22260120511054993]}, "gradients/conv1.0.weight": {"_type": "histogram", "values": [2.0, 0.0, 0.0, 0.0, 0.0, 1.0, 0.0, 1.0, 1.0, 0.0, 0.0, 0.0, 0.0, 0.0, 0.0, 1.0, 0.0, 0.0, 1.0, 2.0, 1.0, 1.0, 1.0, 1.0, 4.0, 1.0, 4.0, 4.0, 5.0, 3.0, 6.0, 325.0, 12.0, 7.0, 2.0, 1.0, 1.0, 0.0, 2.0, 2.0, 1.0, 0.0, 2.0, 0.0, 0.0, 0.0, 1.0, 0.0, 0.0, 0.0, 1.0, 0.0, 1.0, 0.0, 0.0, 0.0, 0.0, 0.0, 1.0, 0.0, 0.0, 0.0, 0.0, 1.0],