{"loss": 0.1343768686056137, "_runtime": 37, "_timestamp": 1641462938, "_step": 1954, "gradients/out.bias": {"_type": "histogram", "values": [1.0, 0.0, 0.0, 0.0, 0.0, 0.0, 0.0, 0.0, 0.0, 0.0, 0.0, 1.0, 0.0, 0.0, 0.0, 0.0, 0.0, 0.0, 0.0, 0.0, 1.0, 0.0, 0.0, 0.0, 0.0, 0.0, 0.0, 0.0, 1.0, 1.0, 1.0, 0.0, 1.0, 0.0, 0.0, 0.0, 0.0, 0.0, 0.0, 1.0, 1.0, 0.0, 0.0, 0.0, 0.0, 0.0, 0.0, 0.0, 0.0, 0.0, 0.0, 0.0, 0.0, 0.0, 0.0, 0.0, 0.0, 0.0, 0.0, 0.0, 0.0, 0.0, 0.0, 1.0], "bins": [-0.01965312473475933, -0.018990177661180496, -0.01832723058760166, -0.017664283514022827, -0.017001336440443993, -0.016338389366865158, -0.015675442293286324, -0.015012495219707489, -0.014349548146128654, -0.01368660107254982, -0.013023653998970985, -0.012360706925392151, -0.011697759851813316, -0.011034812778234482, -0.010371865704655647, -0.009708918631076813, -0.009045971557497978, -0.008383024483919144, -0.007720077410340309, -0.007057130336761475, -0.00639418326318264, -0.0057312361896038055, -0.005068289116024971, -0.0044053420424461365, -0.003742394968867302, -0.0030794478952884674, -0.002416500821709633, -0.0017535537481307983, -0.0010906066745519638, -0.00042765960097312927, 0.00023528747260570526, 0.0008982345461845398, 0.001561179757118225, 0.0022241268306970596, 0.002887073904275894, 0.0035500209778547287, 0.004212968051433563, 0.004875915125012398, 0.005538862198591232, 0.006201809272170067, 0.006864756345748901, 0.007527703419327736, 0.00819065049290657, 0.008853597566485405, 0.00951654464006424, 0.010179491713643074, 0.010842438787221909, 0.011505385860800743, 0.012168332934379578, 0.012831280007958412, 0.013494227081537247, 0.014157174155116081, 0.014820121228694916, 0.01548306830227375, 0.016146015375852585, 0.01680896244943142, 0.017471909523010254, 0.01813485659658909, 0.018797803670167923, 0.019460750743746758, 0.020123697817325592, 0.020786644890904427, 0.02144959196448326, 0.022112539038062096, 0.02277548611164093]}, "gradients/out.weight": {"_type": "histogram", "values": [2.0, 1.0, 1.0, 4.0, 2.0, 2.0, 3.0, 3.0, 8.0, 10.0, 24.0, 20.0, 29.0, 31.0, 29.0, 33.0, 51.0, 68.0, 86.0, 109.0, 120.0, 195.0, 180.0, 261.0, 360.0, 565.0, 1463.0, 8835.0, 1162.0, 575.0, 369.0, 250.0, 183.0, 144.0, 95.0, 80.0, 51.0, 57.0, 36.0, 21.0, 31.0, 17.0, 22.0, 10.0, 15.0, 9.0, 8.0, 9.0, 8.0, 8.0, 3.0, 2.0, 1.0, 2.0, 4.0, 1.0, 2.0, 2.0, 3.0, 1.0, 2.0, 0.0, 1.0, 1.0], "bins": [-0.11965084075927734, -0.11527978628873825, -0.11090873181819916, -0.10653768479824066, -0.10216663032770157, -0.09779557585716248, -0.09342452883720398, -0.08905347436666489, -0.0846824198961258, -0.0803113654255867, -0.07594031095504761, -0.07156926393508911, -0.06719820946455002, -0.06282715499401093, -0.05845610424876213, -0.054085053503513336, -0.04971399903297424, -0.04534294456243515, -0.040971893817186356, -0.03660084307193756, -0.03222978860139847, -0.027858735993504524, -0.02348768338561058, -0.019116630777716637, -0.014745578169822693, -0.010374525561928749, -0.006003472954034805, -0.0016324203461408615, 0.0027386322617530823, 0.007109684869647026, 0.01148073747754097, 0.015851790085434914, 0.020222827792167664, 0.024593880400061607, 0.02896493300795555, 0.033335983753204346, 0.03770703822374344, 0.04207809269428253, 0.046449143439531326, 0.05082019418478012, 0.055191248655319214, 0.05956230312585831, 0.0639333575963974, 0.0683044046163559, 0.07267545908689499, 0.07704651355743408, 0.08141756057739258, 0.08578861504793167, 0.09015966951847076, 0.09453072398900986, 0.09890177845954895, 0.10327282547950745, 0.10764387995004654, 0.11201493442058563, 0.11638598144054413, 0.12075703591108322, 0.12512809038162231, 0.1294991374015808, 0.1338701993227005, 0.138241246342659, 0.1426123082637787, 0.14698335528373718, 0.15135440230369568, 0.15572546422481537, 0.16009651124477386]}, "gradients/conv2.0.weight": {"_type": "histogram", "values": [2.0, 1.0, 2.0, 2.0, 5.0, 3.0, 3.0, 4.0, 7.0, 11.0, 11.0, 5.0, 18.0, 12.0, 20.0, 18.0, 28.0, 38.0, 56.0, 69.0, 80.0, 113.0, 119.0, 157.0, 163.0, 212.0, 248.0, 329.0, 449.0, 604.0, 746.0, 937.0, 1217.0, 1311.0, 1219.0, 1072.0, 887.0, 609.0, 490.0, 356.0, 274.0, 205.0, 147.0, 127.0, 81.0, 65.0, 52.0, 39.0, 26.0, 21.0, 32.0, 19.0, 14.0, 17.0, 13.0, 7.0, 12.0, 6.0, 1.0, 1.0, 2.0, 1.0, 2.0, 3.0], "bins": [-0.027479475364089012, -0.02665892243385315, -0.025838367640972137, -0.025017814710736275, -0.024197261780500412, -0.02337670885026455, -0.022556155920028687, -0.021735601127147675, -0.020915048196911812, -0.02009449526667595, -0.019273940473794937, -0.018453387543559074, -0.01763283461332321, -0.01681228168308735, -0.015991728752851486, -0.015171173959970474, -0.014350621029734612, -0.013530068099498749, -0.012709514237940311, -0.011888960376381874, -0.011068407446146011, -0.010247854515910149, -0.009427300654351711, -0.008606746792793274, -0.007786193862557411, -0.006965640466660261, -0.006145087070763111, -0.005324533674865961, -0.004503980278968811, -0.003683426883071661, -0.002862873487174511, -0.002042320091277361, -0.0012217648327350616, -0.0004012114368379116, 0.00041934195905923843, 0.0012398953549563885, 0.0020604487508535385, 0.0028810021467506886, 0.0037015555426478386, 0.004522108938544989, 0.005342662334442139, 0.006163215730339289, 0.006983769126236439, 0.007804322522133589, 0.008624875918030739, 0.009445428848266602, 0.010265982709825039, 0.011086536571383476, 0.011907089501619339, 0.012727642431855202, 0.013548196293413639, 0.014368750154972076, 0.01518930308520794, 0.016009856015443802, 0.016830410808324814, 0.017650963738560677, 0.01847151666879654, 0.019292069599032402, 0.020112622529268265, 0.020933177322149277, 0.02175373025238514, 0.022574283182621002, 0.023394837975502014, 0.024215390905737877, 0.02503594383597374]}, "gradients/conv2.0.bias": {"_type": "histogram", "values": [1.0, 0.0, 0.0, 0.0, 0.0, 0.0, 0.0, 1.0, 1.0, 0.0, 0.0, 0.0, 0.0, 0.0, 0.0, 0.0, 0.0, 0.0, 1.0, 0.0, 0.0, 0.0, 0.0, 0.0, 0.0, 1.0, 0.0, 2.0, 1.0, 1.0, 1.0, 1.0, 0.0, 1.0, 1.0, 2.0, 2.0, 2.0, 2.0, 0.0, 1.0, 1.0, 2.0, 0.0, 0.0, 0.0, 0.0, 1.0, 0.0, 0.0, 2.0, 2.0, 0.0, 0.0, 0.0, 0.0, 0.0, 0.0, 1.0, 0.0, 0.0, 0.0, 0.0, 1.0], "bins": [-0.0211914274841547, -0.0205702967941761, -0.019949164241552353, -0.019328033551573753, -0.018706900998950005, -0.018085770308971405, -0.017464637756347656, -0.016843507066369057, -0.016222376376390457, -0.015601244755089283, -0.014980113133788109, -0.014358981512486935, -0.01373784989118576, -0.013116719201207161, -0.012495587579905987, -0.011874455958604813, -0.011253323405981064, -0.01063219178467989, -0.010011060163378716, -0.009389928542077541, -0.008768796920776367, -0.008147666230797768, -0.0075265346094965935, -0.006905402988195419, -0.006284271366894245, -0.005663139745593071, -0.005042008124291897, -0.00442087696865201, -0.003799745347350836, -0.0031786137260496616, -0.002557482337579131, -0.0019363509491086006, -0.0013152193278074265, -0.0006940878229215741, -7.295631803572178e-05, 0.0005481751868501306, 0.001169306691735983, 0.001790438313037157, 0.0024115697015076876, 0.003032701089978218, 0.0036538327112793922, 0.004274964332580566, 0.004896095953881741, 0.005517227109521627, 0.006138358730822802, 0.006759490352123976, 0.007380621507763863, 0.008001753129065037, 0.008622884750366211, 0.009244016371667385, 0.00986514799296856, 0.010486279614269733, 0.011107411235570908, 0.011728541925549507, 0.012349673546850681, 0.012970805168151855, 0.01359193678945303, 0.014213068410754204, 0.014834200032055378, 0.015455331653356552, 0.01607646234333515, 0.0166975948959589, 0.0173187255859375, 0.01793985813856125, 0.01856098882853985]}, "gradients/conv1.0.weight": {"_type": "histogram", "values": [1.0, 1.0, 0.0, 0.0, 2.0, 3.0, 2.0, 1.0, 1.0, 3.0, 5.0, 5.0, 2.0, 2.0, 5.0, 3.0, 0.0, 7.0, 15.0, 16.0, 30.0, 26.0, 32.0, 44.0, 38.0, 25.0, 31.0, 19.0, 12.0, 7.0, 6.0, 3.0, 6.0, 7.0, 6.0, 0.0, 0.0, 4.0, 3.0, 2.0, 1.0, 0.0, 2.0, 4.0, 1.0, 3.0, 0.0, 0.0, 0.0, 0.0, 1.0, 1.0, 1.0, 2.0, 3.0, 1.0, 1.0, 0.0, 1.0, 0.0, 0.0, 1.0, 0.0, 2.0],