{"gradients/out.bias": {"_type": "histogram", "values": [1.0, 0.0, 1.0, 0.0, 0.0, 0.0, 0.0, 0.0, 0.0, 0.0, 0.0, 0.0, 0.0, 0.0, 0.0, 0.0, 0.0, 0.0, 0.0, 0.0, 0.0, 0.0, 0.0, 0.0, 0.0, 0.0, 0.0, 0.0, 0.0, 0.0, 0.0, 0.0, 1.0, 0.0, 0.0, 1.0, 0.0, 1.0, 0.0, 0.0, 0.0, 0.0, 0.0, 1.0, 0.0, 1.0, 0.0, 0.0, 0.0, 0.0, 0.0, 1.0, 0.0, 0.0, 0.0, 1.0, 0.0, 0.0, 0.0, 0.0, 0.0, 0.0, 0.0, 1.0], "bins": [-0.018988190218806267, -0.01847018115222454, -0.017952173948287964, -0.017434164881706238, -0.01691615581512451, -0.016398148611187935, -0.01588013954460621, -0.015362131409347057, -0.014844123274087906, -0.014326115138828754, -0.013808107003569603, -0.013290097936987877, -0.012772089801728725, -0.012254081666469574, -0.011736072599887848, -0.011218064464628696, -0.010700056329369545, -0.010182048194110394, -0.009664040058851242, -0.009146030992269516, -0.008628022857010365, -0.008110014721751213, -0.007592006120830774, -0.0070739975199103355, -0.006555989384651184, -0.006037981249392033, -0.005519972648471594, -0.005001964047551155, -0.004483955912292004, -0.003965947777032852, -0.0034479391761124134, -0.0029299308080226183, -0.0024119243025779724, -0.0018939159344881773, -0.0013759075663983822, -0.0008578991983085871, -0.00033989083021879196, 0.00017811753787100315, 0.0006961259059607983, 0.0012141342740505934, 0.0017321426421403885, 0.0022501510102301836, 0.0027681593783199787, 0.003286167746409774, 0.003804176114499569, 0.00432218424975872, 0.004840192850679159, 0.005358201451599598, 0.005876209586858749, 0.006394217722117901, 0.00691222632303834, 0.007430234923958778, 0.00794824305921793, 0.008466251194477081, 0.008984260261058807, 0.009502268396317959, 0.01002027653157711, 0.010538284666836262, 0.011056292802095413, 0.01157430186867714, 0.01209231000393629, 0.012610318139195442, 0.013128327205777168, 0.01364633534103632, 0.014164343476295471]}, "gradients/out.weight": {"_type": "histogram", "values": [1.0, 0.0, 0.0, 0.0, 0.0, 1.0, 0.0, 0.0, 0.0, 0.0, 0.0, 0.0, 0.0, 0.0, 2.0, 2.0, 1.0, 2.0, 0.0, 1.0, 0.0, 2.0, 1.0, 0.0, 3.0, 3.0, 4.0, 3.0, 2.0, 2.0, 5.0, 4.0, 4.0, 5.0, 13.0, 20.0, 21.0, 157.0, 15274.0, 58.0, 16.0, 24.0, 8.0, 8.0, 7.0, 2.0, 3.0, 2.0, 1.0, 3.0, 1.0, 2.0, 1.0, 2.0, 1.0, 2.0, 1.0, 2.0, 0.0, 1.0, 0.0, 0.0, 0.0, 2.0], "bins": [-0.05876894295215607, -0.05722343176603317, -0.05567792057991028, -0.054132409393787384, -0.05258689820766449, -0.051041387021541595, -0.0494958758354187, -0.04795036464929581, -0.04640485346317291, -0.04485934227705002, -0.043313831090927124, -0.04176831990480423, -0.040222808718681335, -0.03867729753255844, -0.03713178634643555, -0.03558627516031265, -0.03404076024889946, -0.032495249062776566, -0.03094973787665367, -0.029404226690530777, -0.027858715504407883, -0.02631320431828499, -0.024767691269516945, -0.02322218008339405, -0.021676667034626007, -0.020131155848503113, -0.01858564466238022, -0.017040133476257324, -0.015494621358811855, -0.013949110172688961, -0.012403598055243492, -0.010858086869120598, -0.009312573820352554, -0.00776706263422966, -0.0062215509824454784, -0.004676039330661297, -0.0031305281445384026, -0.0015850169584155083, -3.950484097003937e-05, 0.001506006345152855, 0.0030515156686306, 0.004597026854753494, 0.006142538506537676, 0.0076880501583218575, 0.009233561344444752, 0.010779072530567646, 0.012324584648013115, 0.01387009583413601, 0.015415608882904053, 0.016961120069026947, 0.01850663125514984, 0.020052142441272736, 0.02159765362739563, 0.023143164813518524, 0.024688677862286568, 0.026234189048409462, 0.027779700234532356, 0.02932521142065525, 0.030870722606778145, 0.03241623565554619, 0.03396174684166908, 0.03550725802779198, 0.03705276921391487, 0.038598280400037766, 0.04014379158616066]}, "gradients/conv2.0.weight": {"_type": "histogram", "values": [1.0, 0.0, 0.0, 0.0, 0.0, 0.0, 0.0, 2.0, 1.0, 0.0, 0.0, 2.0, 1.0, 0.0, 2.0, 1.0, 1.0, 4.0, 3.0, 0.0, 3.0, 3.0, 2.0, 2.0, 6.0, 8.0, 4.0, 5.0, 7.0, 7.0, 20.0, 24.0, 17.0, 27.0, 97.0, 12420.0, 31.0, 16.0, 18.0, 10.0, 10.0, 8.0, 11.0, 7.0, 3.0, 2.0, 4.0, 0.0, 1.0, 1.0, 1.0, 1.0, 1.0, 1.0, 1.0, 1.0, 0.0, 1.0, 0.0, 0.0, 0.0, 0.0, 0.0, 1.0], "bins": [-0.054599158465862274, -0.05304185673594475, -0.05148455500602722, -0.049927253276109695, -0.04836995154619217, -0.046812646090984344, -0.04525534808635712, -0.04369804263114929, -0.042140740901231766, -0.04058343917131424, -0.03902613744139671, -0.03746883571147919, -0.03591153398156166, -0.034354232251644135, -0.03279692679643631, -0.031239625066518784, -0.029682325199246407, -0.02812502346932888, -0.026567721739411354, -0.02501041814684868, -0.023453116416931152, -0.021895814687013626, -0.0203385129570961, -0.018781211227178574, -0.017223909497261047, -0.01566660776734352, -0.01410930510610342, -0.012552003376185894, -0.010994700714945793, -0.009437398985028267, -0.00788009725511074, -0.00632279459387064, -0.004765491932630539, -0.0032081897370517254, -0.0016508877743035555, -9.358581155538559e-05, 0.001463716384023428, 0.0030210185796022415, 0.004578320309519768, 0.006135622970759869, 0.0076929256319999695, 0.009250227361917496, 0.010807530023157597, 0.012364831753075123, 0.013922134414315224, 0.01547943614423275, 0.017036737874150276, 0.01859404146671295, 0.02015134133398533, 0.021708643063902855, 0.02326594479382038, 0.024823248386383057, 0.026380550116300583, 0.02793785184621811, 0.029495153576135635, 0.03105245530605316, 0.03260975703597069, 0.034167058765888214, 0.03572436049580574, 0.03728166222572327, 0.03883896395564079, 0.04039626568555832, 0.041953571140766144, 0.04351087287068367, 0.045068174600601196]}, "gradients/conv2.0.bias": {"_type": "histogram", "values": [2.0, 0.0, 0.0, 0.0, 0.0, 0.0, 0.0, 0.0, 0.0, 0.0, 0.0, 0.0, 0.0, 0.0, 0.0, 0.0, 0.0, 0.0, 0.0, 0.0, 0.0, 0.0, 0.0, 0.0, 0.0, 0.0, 0.0, 0.0, 0.0, 0.0, 0.0, 0.0, 0.0, 0.0, 0.0, 0.0, 0.0, 0.0, 0.0, 0.0, 0.0, 0.0, 1.0, 0.0, 0.0, 0.0, 0.0, 0.0, 0.0, 0.0, 0.0, 0.0, 0.0, 0.0, 0.0, 0.0, 0.0, 0.0, 0.0, 0.0, 0.0, 0.0, 0.0, 29.0], "bins": [-0.0594821572303772, -0.05855274945497513, -0.05762334167957306, -0.05669393017888069, -0.05576452240347862, -0.05483511462807655, -0.053905703127384186, -0.05297629535198212, -0.05204688757658005, -0.05111747980117798, -0.05018807202577591, -0.04925866052508354, -0.04832925274968147, -0.047399844974279404, -0.046470433473587036, -0.04554102569818497, -0.0446116179227829, -0.04368221014738083, -0.04275280237197876, -0.04182339087128639, -0.04089398309588432, -0.039964575320482254, -0.039035163819789886, -0.03810575604438782, -0.03717634826898575, -0.03624694049358368, -0.03531753271818161, -0.03438812121748924, -0.03345871344208717, -0.032529305666685104, -0.03159989416599274, -0.030670486390590668, -0.0297410786151886, -0.02881167083978653, -0.02788226120173931, -0.026952851563692093, -0.026023443788290024, -0.025094036012887955, -0.024164626374840736, -0.023235216736793518, -0.02230580896139145, -0.02137640118598938, -0.02044699154794216, -0.019517581909894943, -0.018588174134492874, -0.017658766359090805, -0.016729356721043587, -0.01579994708299637, -0.0148705393075943, -0.013941130600869656, -0.013011721894145012, -0.012082313187420368, -0.011152904480695724, -0.01022349577397108, -0.009294087067246437, -0.008364678360521793, -0.00743526965379715, -0.006505860947072506, -0.005576452240347862, -0.0046470435336232185, -0.003717634826898575, -0.002788226120173931, -0.0018588174134492874, -0.0009294087067246437, 0.0]}, "gradients/conv1.0.weight": {"_type": "histogram", "values": [1.0, 0.0, 0.0, 0.0, 0.0, 0.0, 0.0, 1.0, 0.0, 0.0, 0.0, 0.0, 0.0, 0.0, 0.0, 0.0, 0.0, 2.0, 3.0, 1.0, 1.0, 0.0, 0.0, 0.0, 1.0, 0.0, 0.0, 2.0, 0.0, 0.0, 2.0, 0.0, 0.0, 0.0, 0.0, 1.0, 5.0, 0.0, 4.0, 0.0, 4.0, 1.0, 4.0, 26.0, 287.0, 10.0, 13.0, 2.0, 6.0, 2.0, 6.0, 3.0, 0.0, 2.0, 1.0, 2.0, 2.0, 0.0, 0.0, 1.0, 0.0, 1.0, 1.0, 2.0],