{"gradients/out.bias": {"_type": "histogram", "values": [1.0, 0.0, 0.0, 0.0, 0.0, 0.0, 0.0, 0.0, 0.0, 0.0, 0.0, 0.0, 0.0, 0.0, 0.0, 0.0, 0.0, 0.0, 0.0, 0.0, 1.0, 1.0, 0.0, 0.0, 0.0, 0.0, 0.0, 0.0, 0.0, 0.0, 0.0, 0.0, 0.0, 0.0, 0.0, 3.0, 0.0, 0.0, 1.0, 0.0, 0.0, 0.0, 0.0, 1.0, 0.0, 0.0, 0.0, 0.0, 0.0, 0.0, 0.0, 0.0, 0.0, 0.0, 0.0, 0.0, 1.0, 0.0, 0.0, 0.0, 0.0, 0.0, 0.0, 1.0], "bins": [-0.005170461721718311, -0.00502353347837925, -0.004876605235040188, -0.004729676526039839, -0.004582748282700777, -0.004435820039361715, -0.004288891796022654, -0.004141963552683592, -0.003995034843683243, -0.003848106600344181, -0.0037011781241744757, -0.003554249880835414, -0.0034073214046657085, -0.003260393161326647, -0.003113464917987585, -0.0029665366746485233, -0.0028196084313094616, -0.0026726801879704, -0.0025257517118006945, -0.0023788234684616327, -0.0022318949922919273, -0.0020849667489528656, -0.0019380385056138039, -0.0017911101458594203, -0.0016441817861050367, -0.0014972534263506532, -0.0013503250665962696, -0.0012033968232572079, -0.0010564684635028243, -0.0009095401037484407, -0.0007626118022017181, -0.0006156835006549954, -0.0004687551409006119, -0.00032182681025005877, -0.00017489847959950566, -2.7970148948952556e-05, 0.00011895818170160055, 0.0002658865414559841, 0.00041281484300270677, 0.0005597431445494294, 0.000706671504303813, 0.0008535998640581965, 0.0010005282238125801, 0.0011474564671516418, 0.0012943848269060254, 0.001441313186660409, 0.0015882414299994707, 0.0017351697897538543, 0.0018820981495082378, 0.0020290263928472996, 0.002175954869017005, 0.0023228831123560667, 0.002469811588525772, 0.002616739831864834, 0.0027636680752038956, 0.0029105963185429573, 0.0030575247947126627, 0.0032044530380517244, 0.00335138151422143, 0.0034983097575604916, 0.0036452380008995533, 0.0037921664770692587, 0.003939094953238964, 0.004086023196578026, 0.0042329514399170876]}, "gradients/out.weight": {"_type": "histogram", "values": [1.0, 0.0, 1.0, 1.0, 0.0, 1.0, 1.0, 2.0, 0.0, 0.0, 1.0, 3.0, 2.0, 4.0, 4.0, 7.0, 3.0, 9.0, 6.0, 18.0, 19.0, 22.0, 26.0, 35.0, 48.0, 45.0, 49.0, 59.0, 64.0, 75.0, 105.0, 129.0, 165.0, 285.0, 655.0, 11860.0, 824.0, 314.0, 185.0, 124.0, 108.0, 79.0, 65.0, 55.0, 47.0, 34.0, 36.0, 23.0, 26.0, 10.0, 10.0, 12.0, 9.0, 3.0, 3.0, 1.0, 0.0, 1.0, 1.0, 2.0, 0.0, 2.0, 0.0, 1.0], "bins": [-0.0395071767270565, -0.03838926553726196, -0.03727135434746742, -0.03615344315767288, -0.03503552824258804, -0.0339176170527935, -0.03279970586299896, -0.03168179467320442, -0.03056388348340988, -0.02944597229361534, -0.02832805924117565, -0.02721014805138111, -0.02609223686158657, -0.02497432380914688, -0.02385641261935234, -0.0227385014295578, -0.02162058837711811, -0.02050267718732357, -0.01938476413488388, -0.01826685294508934, -0.0171489417552948, -0.01603103056550026, -0.01491311751306057, -0.01379520632326603, -0.01267729327082634, -0.011559381149709225, -0.010441469959914684, -0.00932355783879757, -0.008205646649003029, -0.007087734527885914, -0.005969822406768799, -0.004851911216974258, -0.003734000027179718, -0.0026160883717238903, -0.001498176483437419, -0.00038026459515094757, 0.0007376470603048801, 0.0018555587157607079, 0.002973470836877823, 0.004091382026672363, 0.005209293216466904, 0.006327204871922731, 0.007445116527378559, 0.008563028648495674, 0.009680939838290215, 0.01079885195940733, 0.011916764080524445, 0.013034675270318985, 0.014152588322758675, 0.01527050044387579, 0.016388412564992905, 0.017506323754787445, 0.018624234944581985, 0.019742146134376526, 0.020860059186816216, 0.021977970376610756, 0.023095883429050446, 0.024213794618844986, 0.025331707671284676, 0.026449618861079216, 0.027567530050873756, 0.028685443103313446, 0.029803354293107986, 0.030921265482902527, 0.03203917667269707]}, "gradients/conv2.0.weight": {"_type": "histogram", "values": [4.0, 0.0, 0.0, 1.0, 1.0, 1.0, 2.0, 1.0, 2.0, 4.0, 2.0, 3.0, 9.0, 11.0, 6.0, 3.0, 8.0, 6.0, 10.0, 4.0, 13.0, 6.0, 13.0, 9.0, 7.0, 27.0, 29.0, 29.0, 51.0, 59.0, 88.0, 113.0, 132.0, 190.0, 288.0, 502.0, 913.0, 1812.0, 3722.0, 2015.0, 1008.0, 525.0, 355.0, 234.0, 166.0, 105.0, 82.0, 65.0, 31.0, 28.0, 20.0, 19.0, 10.0, 11.0, 8.0, 10.0, 9.0, 3.0, 6.0, 1.0, 1.0, 3.0, 2.0, 2.0], "bins": [-0.02872547321021557, -0.027977589517831802, -0.027229705825448036, -0.02648182213306427, -0.025733936578035355, -0.02498605288565159, -0.024238169193267822, -0.023490285500884056, -0.02274240180850029, -0.021994518116116524, -0.021246634423732758, -0.020498748868703842, -0.019750865176320076, -0.01900298148393631, -0.018255097791552544, -0.017507214099168777, -0.016759328544139862, -0.016011444851756096, -0.015263560228049755, -0.014515676535665989, -0.013767791911959648, -0.013019908219575882, -0.012272024527192116, -0.01152414083480835, -0.010776257142424583, -0.010028373450040817, -0.009280488826334476, -0.00853260513395071, -0.007784720975905657, -0.007036836817860603, -0.006288953125476837, -0.005541068967431784, -0.004793182015419006, -0.004045297857373953, -0.003297413932159543, -0.002549530006945133, -0.0018016458489000797, -0.0010537616908550262, -0.00030587799847126007, 0.0004420061595737934, 0.0011898912489414215, 0.0019377752905711532, 0.002685659332200885, 0.0034335432574152946, 0.004181427415460348, 0.004929311573505402, 0.005677195265889168, 0.006425079423934221, 0.0071729626506567, 0.007920846343040466, 0.008668730966746807, 0.009416614659130573, 0.010164499282836914, 0.01091238297522068, 0.011660266667604446, 0.012408150359988213, 0.013156034983694553, 0.01390391867607832, 0.01465180329978466, 0.015399686992168427, 0.016147570684552193, 0.01689545437693596, 0.017643339931964874, 0.01839122362434864, 0.019139107316732407]}, "gradients/conv2.0.bias": {"_type": "histogram", "values": [1.0, 0.0, 0.0, 0.0, 0.0, 0.0, 0.0, 0.0, 0.0, 0.0, 0.0, 0.0, 0.0, 0.0, 0.0, 0.0, 0.0, 2.0, 1.0, 1.0, 0.0, 0.0, 0.0, 0.0, 0.0, 1.0, 0.0, 0.0, 0.0, 2.0, 3.0, 1.0, 0.0, 0.0, 2.0, 0.0, 1.0, 3.0, 1.0, 0.0, 2.0, 0.0, 2.0, 0.0, 1.0, 1.0, 0.0, 0.0, 1.0, 1.0, 0.0, 0.0, 0.0, 1.0, 1.0, 0.0, 0.0, 0.0, 0.0, 2.0, 0.0, 0.0, 0.0, 1.0], "bins": [-0.006919891107827425, -0.006725906860083342, -0.006531922612339258, -0.006337938364595175, -0.006143954582512379, -0.005949970334768295, -0.005755986087024212, -0.0055620018392801285, -0.005368017591536045, -0.005174033343791962, -0.004980049096047878, -0.004786064848303795, -0.0045920806005597115, -0.004398096818476915, -0.004204112570732832, -0.0040101283229887486, -0.003816144075244665, -0.0036221598275005817, -0.0034281755797564983, -0.0032341915648430586, -0.003040207317098975, -0.0028462230693548918, -0.002652239054441452, -0.0024582548066973686, -0.0022642705589532852, -0.002070286311209202, -0.0018763021798804402, -0.0016823180485516787, -0.0014883338008075953, -0.0012943495530635118, -0.0011003654217347503, -0.0009063812904059887, -0.000712396577000618, -0.0005184123874641955, -0.000324428197927773, -0.0001304440083913505, 6.354018114507198e-05, 0.0002575243706814945, 0.00045150856021791697, 0.0006454926915466785, 0.000839476939290762, 0.0010334611870348454, 0.001227445318363607, 0.0014214294496923685, 0.001615413697436452, 0.0018093979451805353, 0.002003381960093975, 0.0021973662078380585, 0.002391350455582142, 0.0025853347033262253, 0.0027793189510703087, 0.0029733029659837484, 0.003167287213727832, 0.0033612714614719152, 0.003555255476385355, 0.0037492397241294384, 0.003943223971873522, 0.004137208219617605, 0.004331192467361689, 0.004525176715105772, 0.004719160497188568, 0.0049131447449326515, 0.005107128992676735, 0.005301113240420818, 0.005495097488164902]}, "gradients/conv1.0.weight": {"_type": "histogram", "values": [1.0, 0.0, 1.0, 1.0, 0.0, 0.0, 1.0, 0.0, 2.0, 2.0, 2.0, 3.0, 4.0, 5.0, 5.0, 3.0, 4.0, 2.0, 3.0, 11.0, 2.0, 4.0, 3.0, 15.0, 10.0, 8.0, 13.0, 11.0, 14.0, 15.0, 17.0, 11.0, 14.0, 12.0, 18.0, 15.0, 10.0, 15.0, 10.0, 9.0, 14.0, 3.0, 10.0, 11.0, 4.0, 6.0, 11.0, 9.0, 8.0, 3.0, 2.0, 4.0, 3.0, 7.0, 8.0, 4.0, 5.0, 3.0, 2.0, 1.0, 2.0, 2.0, 1.0, 1.0],