{"gradients/out.bias": {"_type": "histogram", "values": [1.0, 0.0, 1.0, 0.0, 0.0, 0.0, 0.0, 0.0, 0.0, 0.0, 0.0, 0.0, 0.0, 1.0, 0.0, 0.0, 0.0, 0.0, 0.0, 0.0, 0.0, 1.0, 2.0, 0.0, 0.0, 0.0, 0.0, 0.0, 1.0, 1.0, 0.0, 0.0, 0.0, 0.0, 1.0, 0.0, 0.0, 0.0, 0.0, 0.0, 0.0, 0.0, 0.0, 0.0, 0.0, 0.0, 0.0, 0.0, 0.0, 0.0, 0.0, 0.0, 0.0, 0.0, 0.0, 0.0, 0.0, 0.0, 0.0, 0.0, 0.0, 0.0, 0.0, 1.0], "bins": [-0.028426997363567352, -0.02723499946296215, -0.02604300156235695, -0.024851005524396896, -0.023659007623791695, -0.022467009723186493, -0.02127501368522644, -0.02008301578462124, -0.018891017884016037, -0.017699019983410835, -0.016507022082805634, -0.015315026044845581, -0.01412302814424038, -0.012931030243635178, -0.01173903327435255, -0.010547036305069923, -0.009355038404464722, -0.00816304050385952, -0.006971043534576893, -0.0057790460996329784, -0.004587048664689064, -0.0033950512297451496, -0.002203053794801235, -0.001011056825518608, 0.00018094107508659363, 0.001372938510030508, 0.0025649359449744225, 0.003756933379918337, 0.004948930814862251, 0.006140928249806166, 0.00733292568475008, 0.008524922654032707, 0.00971691682934761, 0.010908914729952812, 0.01210091169923544, 0.013292908668518066, 0.014484906569123268, 0.01567690446972847, 0.016868900507688522, 0.018060898408293724, 0.019252896308898926, 0.020444894209504128, 0.02163689211010933, 0.02282888814806938, 0.024020886048674583, 0.025212883949279785, 0.026404879987239838, 0.02759687788784504, 0.02878887578845024, 0.029980873689055443, 0.031172871589660645, 0.0323648676276207, 0.03355686366558075, 0.0347488634288311, 0.03594085946679115, 0.037132859230041504, 0.038324855268001556, 0.03951685130596161, 0.04070885106921196, 0.04190084710717201, 0.04309284687042236, 0.044284842908382416, 0.04547683894634247, 0.04666883498430252, 0.04786083474755287]}, "gradients/out.weight": {"_type": "histogram", "values": [1.0, 0.0, 1.0, 0.0, 1.0, 6.0, 5.0, 5.0, 5.0, 11.0, 10.0, 18.0, 24.0, 26.0, 36.0, 55.0, 62.0, 106.0, 127.0, 218.0, 277.0, 413.0, 633.0, 1019.0, 1829.0, 6276.0, 2014.0, 926.0, 490.0, 286.0, 184.0, 105.0, 90.0, 64.0, 57.0, 51.0, 47.0, 20.0, 23.0, 24.0, 17.0, 10.0, 22.0, 18.0, 4.0, 10.0, 6.0, 5.0, 6.0, 3.0, 5.0, 7.0, 4.0, 3.0, 2.0, 4.0, 2.0, 1.0, 1.0, 0.0, 2.0, 1.0, 0.0, 2.0], "bins": [-0.14088648557662964, -0.1353514939546585, -0.12981650233268738, -0.12428151071071625, -0.11874651163816452, -0.11321152001619339, -0.10767652839422226, -0.10214152932167053, -0.0966065376996994, -0.09107154607772827, -0.08553655445575714, -0.08000156283378601, -0.07446656376123428, -0.06893157213926315, -0.06339658051729202, -0.057861585170030594, -0.05232659727334976, -0.04679160565137863, -0.0412566103041172, -0.03572161868214607, -0.030186625197529793, -0.024651631712913513, -0.019116640090942383, -0.013581644743680954, -0.008046656847000122, -0.0025116638280451298, 0.0030233291909098625, 0.008558321744203568, 0.014093315228819847, 0.019628308713436127, 0.025163300335407257, 0.030698295682668686, 0.036233291029930115, 0.041768282651901245, 0.047303277999162674, 0.052838269621133804, 0.05837326496839523, 0.06390825659036636, 0.0694432482123375, 0.07497824728488922, 0.08051323890686035, 0.08604823052883148, 0.09158322215080261, 0.09711821377277374, 0.10265321284532547, 0.1081882044672966, 0.11372319608926773, 0.11925819516181946, 0.12479317933320999, 0.13032817840576172, 0.13586317002773285, 0.14139816164970398, 0.1469331532716751, 0.15246814489364624, 0.15800313651561737, 0.1635381281375885, 0.16907311975955963, 0.17460811138153076, 0.1801431030035019, 0.18567809462547302, 0.19121308624744415, 0.19674807786941528, 0.2022830843925476, 0.20781807601451874, 0.21335306763648987]}, "gradients/conv2.0.weight": {"_type": "histogram", "values": [1.0, 1.0, 0.0, 0.0, 0.0, 1.0, 0.0, 0.0, 0.0, 2.0, 0.0, 0.0, 0.0, 1.0, 0.0, 0.0, 0.0, 2.0, 3.0, 2.0, 4.0, 9.0, 8.0, 9.0, 11.0, 18.0, 26.0, 30.0, 24.0, 48.0, 47.0, 65.0, 78.0, 129.0, 159.0, 309.0, 582.0, 842.0, 1556.0, 3416.0, 3865.0, 832.0, 358.0, 146.0, 73.0, 36.0, 30.0, 17.0, 14.0, 8.0, 11.0, 9.0, 4.0, 5.0, 2.0, 3.0, 0.0, 0.0, 0.0, 0.0, 1.0, 0.0, 0.0, 3.0], "bins": [-0.06837300956249237, -0.06666621565818787, -0.06495942175388336, -0.06325262039899826, -0.061545826494693756, -0.05983903259038925, -0.05813223496079445, -0.056425437331199646, -0.05471864342689514, -0.05301184952259064, -0.051305051892995834, -0.04959825426340103, -0.04789146035909653, -0.04618466645479202, -0.04447786882519722, -0.04277107119560242, -0.04106427729129791, -0.03935748338699341, -0.037650685757398605, -0.0359438881278038, -0.0342370942234993, -0.032530300319194794, -0.03082350268959999, -0.029116706922650337, -0.027409911155700684, -0.02570311538875103, -0.023996319621801376, -0.022289523854851723, -0.02058272808790207, -0.018875932320952415, -0.017169136554002762, -0.015462340787053108, -0.013755545020103455, -0.012048749253153801, -0.010341953486204147, -0.008635157719254494, -0.00692836195230484, -0.0052215661853551865, -0.003514770418405533, -0.0018079746514558792, -0.00010117888450622559, 0.001605616882443428, 0.0033124126493930817, 0.005019208416342735, 0.006726004183292389, 0.008432799950242043, 0.010139595717191696, 0.01184639148414135, 0.013553187251091003, 0.015259983018040657, 0.01696677878499031, 0.018673574551939964, 0.020380370318889618, 0.02208716608583927, 0.023793961852788925, 0.02550075761973858, 0.027207553386688232, 0.028914349153637886, 0.03062114492058754, 0.03232794255018234, 0.03403473645448685, 0.03574153035879135, 0.037448327988386154, 0.03915512561798096, 0.04086191952228546]}, "gradients/conv2.0.bias": {"_type": "histogram", "values": [1.0, 0.0, 0.0, 0.0, 0.0, 0.0, 0.0, 0.0, 0.0, 0.0, 2.0, 0.0, 0.0, 0.0, 0.0, 0.0, 1.0, 0.0, 3.0, 0.0, 2.0, 0.0, 1.0, 1.0, 1.0, 2.0, 1.0, 1.0, 0.0, 1.0, 2.0, 1.0, 2.0, 0.0, 1.0, 1.0, 0.0, 0.0, 2.0, 1.0, 0.0, 0.0, 2.0, 0.0, 0.0, 0.0, 0.0, 0.0, 0.0, 0.0, 1.0, 0.0, 0.0, 0.0, 0.0, 0.0, 0.0, 0.0, 1.0, 0.0, 0.0, 0.0, 0.0, 1.0], "bins": [-0.01737130992114544, -0.016863923519849777, -0.016356535255908966, -0.015849148854613304, -0.015341761521995068, -0.014834374189376831, -0.014326986856758595, -0.013819599524140358, -0.013312213122844696, -0.01280482579022646, -0.012297438457608223, -0.011790052056312561, -0.011282664723694324, -0.010775277391076088, -0.010267890058457851, -0.009760502725839615, -0.009253115393221378, -0.008745728060603142, -0.008238340727984905, -0.007730953861027956, -0.007223566994071007, -0.00671617966145277, -0.006208792328834534, -0.005701404996216297, -0.005194017663598061, -0.004686630330979824, -0.004179243464022875, -0.0036718561314046383, -0.0031644690316170454, -0.0026570819318294525, -0.002149694599211216, -0.001642307499423623, -0.0011349199339747429, -0.0006275327759794891, -0.00012014561798423529, 0.00038724159821867943, 0.0008946286980062723, 0.0014020157977938652, 0.0019094031304121017, 0.0024167902301996946, 0.002924176864326, 0.003431563964113593, 0.003938951063901186, 0.0044463383965194225, 0.004953725263476372, 0.005461112596094608, 0.005968499928712845, 0.006475887261331081, 0.006983274593949318, 0.0074906619265675545, 0.007998049259185791, 0.008505435660481453, 0.00901282299309969, 0.009520210325717926, 0.010027597658336163, 0.010534984990954399, 0.011042371392250061, 0.011549758724868298, 0.012057146057486534, 0.012564532458782196, 0.013071919791400433, 0.013579307124018669, 0.014086694456636906, 0.014594081789255142, 0.015101469121873379]}, "gradients/conv1.0.weight": {"_type": "histogram", "values": [2.0, 0.0, 1.0, 1.0, 0.0, 0.0, 0.0, 1.0, 0.0, 1.0, 1.0, 0.0, 0.0, 1.0, 2.0, 0.0, 2.0, 0.0, 1.0, 0.0, 0.0, 0.0, 3.0, 2.0, 1.0, 3.0, 2.0, 1.0, 2.0, 2.0, 0.0, 1.0, 1.0, 1.0, 2.0, 1.0, 1.0, 4.0, 1.0, 3.0, 3.0, 5.0, 12.0, 8.0, 5.0, 11.0, 14.0, 8.0, 18.0, 11.0, 21.0, 8.0, 17.0, 18.0, 20.0, 29.0, 27.0, 37.0, 65.0, 13.0, 4.0, 1.0, 0.0, 1.0],