{"gradients/out.bias": {"_type": "histogram", "values": [1.0, 0.0, 0.0, 0.0, 0.0, 0.0, 0.0, 0.0, 0.0, 0.0, 0.0, 0.0, 0.0, 0.0, 0.0, 0.0, 0.0, 0.0, 0.0, 0.0, 0.0, 0.0, 0.0, 1.0, 0.0, 0.0, 0.0, 0.0, 0.0, 0.0, 0.0, 0.0, 0.0, 3.0, 1.0, 2.0, 0.0, 0.0, 1.0, 0.0, 0.0, 0.0, 0.0, 0.0, 0.0, 0.0, 0.0, 0.0, 0.0, 0.0, 0.0, 0.0, 0.0, 0.0, 0.0, 0.0, 0.0, 0.0, 0.0, 0.0, 0.0, 0.0, 0.0, 1.0], "bins": [-0.015427809208631516, -0.014961241744458675, -0.014494674280285835, -0.014028106816112995, -0.013561539351940155, -0.01309497095644474, -0.0126284034922719, -0.01216183602809906, -0.01169526856392622, -0.01122870109975338, -0.01076213363558054, -0.0102955661714077, -0.009828997775912285, -0.00936243124306202, -0.008895862847566605, -0.008429295383393764, -0.007962727919220924, -0.007496160455048084, -0.007029592990875244, -0.006563025061041117, -0.006096457596868277, -0.0056298901326954365, -0.005163322202861309, -0.004696754738688469, -0.004230187274515629, -0.0037636198103427887, -0.003297052113339305, -0.002830484416335821, -0.002363916952162981, -0.001897349487990141, -0.0014307817909866571, -0.0009642140939831734, -0.0004976466298103333, -3.1079049222171307e-05, 0.00043548853136599064, 0.0009020561119541526, 0.0013686236925423145, 0.0018351911567151546, 0.0023017588537186384, 0.002768326550722122, 0.0032348940148949623, 0.0037014614790678024, 0.0041680289432406425, 0.00463459687307477, 0.00510116433724761, 0.00556773180142045, 0.006034299731254578, 0.006500867195427418, 0.006967434659600258, 0.007434002123773098, 0.007900569587945938, 0.008367137052118778, 0.008833704516291618, 0.009300272911787033, 0.009766840375959873, 0.010233407840132713, 0.010699975304305553, 0.011166542768478394, 0.011633110232651234, 0.012099677696824074, 0.012566246092319489, 0.013032812625169754, 0.013499381020665169, 0.013965948484838009, 0.014432515949010849]}, "gradients/out.weight": {"_type": "histogram", "values": [1.0, 0.0, 0.0, 0.0, 0.0, 1.0, 0.0, 1.0, 1.0, 0.0, 0.0, 6.0, 3.0, 3.0, 4.0, 4.0, 4.0, 6.0, 11.0, 10.0, 14.0, 28.0, 18.0, 18.0, 29.0, 40.0, 68.0, 80.0, 105.0, 146.0, 230.0, 488.0, 13282.0, 489.0, 158.0, 95.0, 49.0, 59.0, 53.0, 31.0, 22.0, 20.0, 21.0, 26.0, 8.0, 12.0, 7.0, 5.0, 4.0, 2.0, 4.0, 4.0, 6.0, 0.0, 0.0, 1.0, 1.0, 0.0, 1.0, 0.0, 0.0, 0.0, 0.0, 1.0], "bins": [-0.1571739912033081, -0.15231062471866608, -0.14744725823402405, -0.14258389174938202, -0.13772052526474, -0.13285715878009796, -0.12799379229545593, -0.1231304258108139, -0.11826705932617188, -0.11340369284152985, -0.10854032635688782, -0.10367695987224579, -0.09881359338760376, -0.09395022690296173, -0.0890868604183197, -0.08422349393367767, -0.07936012744903564, -0.07449676096439362, -0.06963339447975159, -0.06477002799510956, -0.05990666151046753, -0.0550432950258255, -0.05017992854118347, -0.04531656205654144, -0.040453195571899414, -0.035589829087257385, -0.030726462602615356, -0.025863096117973328, -0.0209997296333313, -0.01613636314868927, -0.011272996664047241, -0.006409630179405212, -0.0015462636947631836, 0.003317102789878845, 0.008180469274520874, 0.013043835759162903, 0.01790720224380493, 0.02277056872844696, 0.02763393521308899, 0.03249730169773102, 0.03736066818237305, 0.042224034667015076, 0.047087401151657104, 0.05195076763629913, 0.05681413412094116, 0.06167750060558319, 0.06654086709022522, 0.07140423357486725, 0.07626760005950928, 0.0811309665441513, 0.08599433302879333, 0.09085769951343536, 0.09572106599807739, 0.10058443248271942, 0.10544779896736145, 0.11031116545200348, 0.11517453193664551, 0.12003789842128754, 0.12490126490592957, 0.1297646313905716, 0.13462799787521362, 0.13949136435985565, 0.14435473084449768, 0.1492180973291397, 0.15408146381378174]}, "gradients/conv2.0.weight": {"_type": "histogram", "values": [1.0, 0.0, 1.0, 0.0, 0.0, 0.0, 0.0, 1.0, 0.0, 0.0, 1.0, 2.0, 1.0, 1.0, 0.0, 0.0, 0.0, 3.0, 0.0, 0.0, 1.0, 2.0, 6.0, 5.0, 5.0, 12.0, 15.0, 10.0, 13.0, 11.0, 28.0, 35.0, 32.0, 55.0, 87.0, 109.0, 156.0, 217.0, 337.0, 500.0, 730.0, 1153.0, 2065.0, 2844.0, 1658.0, 941.0, 599.0, 372.0, 296.0, 148.0, 114.0, 58.0, 57.0, 44.0, 24.0, 13.0, 16.0, 9.0, 5.0, 1.0, 2.0, 2.0, 1.0, 1.0], "bins": [-0.08642712980508804, -0.08442307263612747, -0.0824190229177475, -0.08041496574878693, -0.07841090857982635, -0.07640685886144638, -0.07440280169248581, -0.07239874452352524, -0.07039469480514526, -0.06839063763618469, -0.06638658791780472, -0.06438253074884415, -0.062378477305173874, -0.0603744238615036, -0.05837036669254303, -0.05636631324887276, -0.054362256079912186, -0.05235820263624191, -0.05035414546728134, -0.04835009202361107, -0.046346038579940796, -0.044341981410980225, -0.04233792796730995, -0.04033387452363968, -0.03832981735467911, -0.036325763911008835, -0.034321706742048264, -0.03231765329837799, -0.030313599854707718, -0.028309544548392296, -0.026305489242076874, -0.0243014357984066, -0.02229737862944603, -0.020293323323130608, -0.018289269879460335, -0.016285214573144913, -0.014281160198152065, -0.012277105823159218, -0.010273050516843796, -0.008268996141850948, -0.00626494362950325, -0.004260889254510403, -0.002256834413856268, -0.0002527795732021332, 0.0017512748017907143, 0.0037553291767835617, 0.005759384483098984, 0.007763438858091831, 0.009767495095729828, 0.011771549470722675, 0.013775603845715523, 0.015779659152030945, 0.017783712595701218, 0.01978776790201664, 0.021791823208332062, 0.023795876652002335, 0.025799931958317757, 0.02780398726463318, 0.02980804070830345, 0.031812094151973724, 0.033816151320934296, 0.03582020476460457, 0.03782425820827484, 0.03982831537723541, 0.041832368820905685]}, "gradients/conv2.0.bias": {"_type": "histogram", "values": [1.0, 0.0, 0.0, 0.0, 0.0, 0.0, 0.0, 0.0, 0.0, 0.0, 0.0, 0.0, 0.0, 0.0, 0.0, 0.0, 0.0, 0.0, 0.0, 1.0, 0.0, 0.0, 0.0, 0.0, 1.0, 0.0, 1.0, 2.0, 1.0, 0.0, 0.0, 1.0, 1.0, 1.0, 0.0, 0.0, 0.0, 1.0, 2.0, 0.0, 0.0, 2.0, 0.0, 1.0, 1.0, 2.0, 3.0, 0.0, 0.0, 3.0, 0.0, 0.0, 1.0, 0.0, 3.0, 0.0, 0.0, 0.0, 1.0, 0.0, 0.0, 1.0, 0.0, 1.0], "bins": [-0.015004794113337994, -0.014657213352620602, -0.014309631660580635, -0.013962050899863243, -0.013614470139145851, -0.013266888447105885, -0.012919307686388493, -0.012571725994348526, -0.012224145233631134, -0.011876564472913742, -0.011528982780873775, -0.011181402020156384, -0.010833820328116417, -0.010486239567399025, -0.010138658806681633, -0.009791078045964241, -0.009443496353924274, -0.009095915593206882, -0.008748333901166916, -0.008400753140449524, -0.008053172379732132, -0.007705590687692165, -0.007358009926974773, -0.007010428700596094, -0.006662847474217415, -0.006315266247838736, -0.005967685021460056, -0.005620104260742664, -0.005272523034363985, -0.004924941807985306, -0.004577361047267914, -0.0042297798208892345, -0.0038821985945105553, -0.003534617368131876, -0.0031870363745838404, -0.0028394553810358047, -0.0024918741546571255, -0.002144292928278446, -0.0017967119347304106, -0.001449130941182375, -0.0011015497148036957, -0.0007539686048403382, -0.0004063874948769808, -5.880638491362333e-05, 0.0002887747250497341, 0.0006363558350130916, 0.000983936944976449, 0.0013315179385244846, 0.001679099164903164, 0.002026680391281843, 0.002374261384829879, 0.0027218423783779144, 0.0030694236047565937, 0.003417004831135273, 0.0037645858246833086, 0.004112166818231344, 0.0044597480446100235, 0.004807329270988703, 0.005154910497367382, 0.005502491258084774, 0.005850072484463453, 0.006197653710842133, 0.0065452344715595245, 0.006892815697938204, 0.007240396924316883]}, "gradients/conv1.0.weight": {"_type": "histogram", "values": [1.0, 1.0, 0.0, 0.0, 0.0, 0.0, 0.0, 2.0, 2.0, 6.0, 6.0, 6.0, 8.0, 9.0, 10.0, 7.0, 15.0, 8.0, 19.0, 10.0, 20.0, 11.0, 15.0, 18.0, 16.0, 15.0, 12.0, 11.0, 13.0, 18.0, 12.0, 20.0, 11.0, 9.0, 7.0, 10.0, 4.0, 3.0, 6.0, 8.0, 3.0, 7.0, 1.0, 3.0, 2.0, 3.0, 3.0, 4.0, 4.0, 2.0, 2.0, 4.0, 2.0, 1.0, 1.0, 2.0, 2.0, 1.0, 1.0, 1.0, 0.0, 1.0, 0.0, 1.0],