{"gradients/out.bias": {"_type": "histogram", "values": [1.0, 0.0, 0.0, 0.0, 0.0, 0.0, 0.0, 0.0, 0.0, 0.0, 0.0, 0.0, 0.0, 0.0, 0.0, 0.0, 0.0, 0.0, 0.0, 0.0, 1.0, 0.0, 0.0, 0.0, 0.0, 2.0, 0.0, 0.0, 0.0, 2.0, 1.0, 0.0, 1.0, 0.0, 1.0, 0.0, 0.0, 0.0, 0.0, 0.0, 0.0, 0.0, 0.0, 0.0, 0.0, 0.0, 0.0, 0.0, 0.0, 0.0, 0.0, 0.0, 0.0, 0.0, 0.0, 0.0, 0.0, 0.0, 0.0, 0.0, 0.0, 0.0, 0.0, 1.0], "bins": [-0.013829294592142105, -0.01335491705685854, -0.012880540452897549, -0.012406162917613983, -0.011931786313652992, -0.011457408778369427, -0.010983031243085861, -0.01050865463912487, -0.010034277103841305, -0.00955989956855774, -0.009085522964596748, -0.008611145429313183, -0.008136768825352192, -0.007662391290068626, -0.007188014220446348, -0.00671363715082407, -0.006239260081201792, -0.0057648830115795135, -0.005290505941957235, -0.004816128872334957, -0.004341751337051392, -0.0038673742674291134, -0.003392997197806835, -0.0029186198953539133, -0.0024442430585622787, -0.0019698659889400005, -0.0014954886864870787, -0.0010211116168648005, -0.0005467344308272004, -7.235724478960037e-05, 0.00040201982483267784, 0.0008763971272855997, 0.0013507744297385216, 0.0018251516157761216, 0.0022995288018137217, 0.002773905871436, 0.0032482831738889217, 0.0037226602435112, 0.004197037313133478, 0.004671414382755756, 0.005145791918039322, 0.0056201689876616, 0.006094546057283878, 0.006568923592567444, 0.007043300662189722, 0.007517677731812, 0.007992055267095566, 0.008466431871056557, 0.008940808475017548, 0.009415186010301113, 0.009889562614262104, 0.01036394014954567, 0.01083831675350666, 0.011312694288790226, 0.011787071824073792, 0.012261448428034782, 0.012735825963318348, 0.013210203498601913, 0.013684580102562904, 0.01415895763784647, 0.01463333424180746, 0.015107711777091026, 0.015582088381052017, 0.016056466847658157, 0.016530843451619148]}, "gradients/out.weight": {"_type": "histogram", "values": [1.0, 1.0, 0.0, 0.0, 1.0, 0.0, 0.0, 1.0, 0.0, 0.0, 1.0, 2.0, 4.0, 6.0, 9.0, 9.0, 11.0, 18.0, 9.0, 19.0, 18.0, 27.0, 30.0, 41.0, 51.0, 80.0, 94.0, 154.0, 255.0, 540.0, 2630.0, 10327.0, 526.0, 252.0, 142.0, 88.0, 57.0, 40.0, 40.0, 35.0, 28.0, 20.0, 19.0, 19.0, 16.0, 13.0, 10.0, 9.0, 7.0, 7.0, 3.0, 2.0, 4.0, 0.0, 0.0, 0.0, 0.0, 0.0, 2.0, 0.0, 0.0, 0.0, 0.0, 2.0], "bins": [-0.10664543509483337, -0.10321051627397537, -0.09977559745311737, -0.09634067863225937, -0.09290575981140137, -0.08947083353996277, -0.08603591471910477, -0.08260099589824677, -0.07916607707738876, -0.07573115825653076, -0.07229623943567276, -0.06886132061481476, -0.06542639434337616, -0.061991479247808456, -0.058556556701660156, -0.055121637880802155, -0.05168671905994415, -0.04825180023908615, -0.04481688141822815, -0.04138195887207985, -0.03794704005122185, -0.034512121230363846, -0.031077200546860695, -0.027642279863357544, -0.024207361042499542, -0.02077244222164154, -0.01733752153813839, -0.013902601785957813, -0.010467682033777237, -0.007032763212919235, -0.0035978425294160843, -0.00016292184591293335, 0.0032719969749450684, 0.006706916727125645, 0.010141836479306221, 0.013576756231486797, 0.017011675983667374, 0.020446594804525375, 0.023881515488028526, 0.027316436171531677, 0.03075135499238968, 0.03418627381324768, 0.03762119263410568, 0.04105611518025398, 0.044491034001111984, 0.047925952821969986, 0.051360875368118286, 0.05479579418897629, 0.05823071300983429, 0.06166563183069229, 0.06510055065155029, 0.0685354694724083, 0.0719703882932663, 0.0754053145647049, 0.0788402333855629, 0.0822751522064209, 0.0857100710272789, 0.0891449898481369, 0.0925799086689949, 0.0960148274898529, 0.0994497537612915, 0.10288466513156891, 0.10631959140300751, 0.10975451022386551, 0.11318942904472351]}, "gradients/conv2.0.weight": {"_type": "histogram", "values": [1.0, 0.0, 0.0, 0.0, 0.0, 0.0, 0.0, 0.0, 0.0, 1.0, 2.0, 2.0, 4.0, 2.0, 4.0, 6.0, 5.0, 3.0, 6.0, 11.0, 15.0, 19.0, 24.0, 26.0, 27.0, 44.0, 50.0, 62.0, 114.0, 102.0, 150.0, 166.0, 238.0, 265.0, 383.0, 523.0, 643.0, 833.0, 1112.0, 1442.0, 1481.0, 1215.0, 948.0, 681.0, 541.0, 402.0, 296.0, 237.0, 199.0, 134.0, 103.0, 69.0, 48.0, 40.0, 19.0, 36.0, 14.0, 13.0, 11.0, 6.0, 7.0, 7.0, 7.0, 1.0], "bins": [-0.016347523778676987, -0.01594066247344017, -0.015533801168203354, -0.015126939862966537, -0.014720078557729721, -0.014313217252492905, -0.013906355947256088, -0.013499494642019272, -0.013092633336782455, -0.012685772031545639, -0.012278910726308823, -0.011872049421072006, -0.01146518811583519, -0.011058326810598373, -0.010651465505361557, -0.01024460420012474, -0.009837742894887924, -0.009430881589651108, -0.009024020284414291, -0.008617158979177475, -0.008210297673940659, -0.007803436368703842, -0.007396575063467026, -0.006989713758230209, -0.0065828533843159676, -0.006175992079079151, -0.005769130773842335, -0.005362269468605518, -0.004955408163368702, -0.0045485468581318855, -0.004141685552895069, -0.0037348244804888964, -0.0033279629424214363, -0.00292110163718462, -0.0025142403319478035, -0.002107379026710987, -0.0017005178378894925, -0.001293656649067998, -0.0008867953438311815, -0.0004799340385943651, -7.307250052690506e-05, 0.0003337887756060809, 0.0007406500517390668, 0.0011475112987682223, 0.0015543726040050387, 0.0019612337928265333, 0.0023680950980633497, 0.002774956403300166, 0.003181817475706339, 0.0035886787809431553, 0.003995540086179972, 0.004402401391416788, 0.0048092626966536045, 0.005216123536229134, 0.00562298484146595, 0.006029846146702766, 0.006436707451939583, 0.006843568757176399, 0.007250430062413216, 0.007657291367650032, 0.008064152672886848, 0.008471013978123665, 0.008877875283360481, 0.009284736588597298, 0.009691597893834114]}, "gradients/conv2.0.bias": {"_type": "histogram", "values": [1.0, 0.0, 0.0, 0.0, 0.0, 1.0, 0.0, 0.0, 0.0, 0.0, 0.0, 0.0, 0.0, 0.0, 1.0, 0.0, 0.0, 0.0, 0.0, 2.0, 2.0, 0.0, 1.0, 0.0, 1.0, 1.0, 2.0, 0.0, 0.0, 0.0, 0.0, 0.0, 2.0, 0.0, 1.0, 1.0, 1.0, 0.0, 4.0, 1.0, 0.0, 0.0, 0.0, 2.0, 0.0, 0.0, 1.0, 0.0, 1.0, 0.0, 0.0, 0.0, 0.0, 1.0, 1.0, 1.0, 0.0, 1.0, 0.0, 0.0, 0.0, 0.0, 0.0, 2.0], "bins": [-0.01004035398364067, -0.009719030931591988, -0.00939770694822073, -0.009076383896172047, -0.008755059912800789, -0.008433736860752106, -0.008112413808703423, -0.007791090290993452, -0.007469766773283482, -0.007148443255573511, -0.006827119737863541, -0.0065057966858148575, -0.006184473168104887, -0.0058631496503949165, -0.005541826598346233, -0.005220503080636263, -0.004899179562926292, -0.004577856045216322, -0.0042565325275063515, -0.003935209475457668, -0.003613885957747698, -0.0032925624400377274, -0.0029712391551584005, -0.0026499158702790737, -0.0023285923525691032, -0.0020072688348591328, -0.001685945549979806, -0.0013646221486851573, -0.0010432987473905087, -0.00072197534609586, -0.00040065194480121136, -7.932865992188454e-05, 0.00024199392646551132, 0.00056331732776016, 0.0008846407290548086, 0.0012059641303494573, 0.001527287531644106, 0.0018486109329387546, 0.002169934334233403, 0.00249125761911273, 0.0028125811368227005, 0.003133904654532671, 0.003455227939411998, 0.0037765512242913246, 0.004097874742001295, 0.0044191982597112656, 0.004740521311759949, 0.005061844829469919, 0.00538316834717989, 0.00570449186488986, 0.006025815382599831, 0.006347138434648514, 0.006668461952358484, 0.006989785470068455, 0.007311108522117138, 0.007632432039827108, 0.007953755557537079, 0.008275078609585762, 0.00859640259295702, 0.008917725645005703, 0.00923904962837696, 0.009560372680425644, 0.009881695732474327, 0.01020301878452301, 0.010524342767894268]}, "gradients/conv1.0.weight": {"_type": "histogram", "values": [1.0, 0.0, 1.0, 0.0, 1.0, 0.0, 3.0, 0.0, 2.0, 0.0, 2.0, 1.0, 1.0, 0.0, 1.0, 2.0, 3.0, 3.0, 2.0, 1.0, 1.0, 2.0, 7.0, 2.0, 9.0, 4.0, 9.0, 4.0, 8.0, 8.0, 10.0, 17.0, 14.0, 19.0, 20.0, 20.0, 21.0, 22.0, 20.0, 20.0, 21.0, 15.0, 12.0, 12.0, 12.0, 12.0, 11.0, 5.0, 5.0, 5.0, 4.0, 5.0, 1.0, 2.0, 2.0, 0.0, 4.0, 2.0, 1.0, 2.0, 2.0, 2.0, 1.0, 1.0],