{"gradients/out.bias": {"_type": "histogram", "values": [1.0, 0.0, 0.0, 0.0, 0.0, 0.0, 0.0, 0.0, 0.0, 0.0, 0.0, 0.0, 0.0, 0.0, 0.0, 0.0, 0.0, 0.0, 0.0, 0.0, 0.0, 0.0, 0.0, 0.0, 1.0, 0.0, 0.0, 0.0, 0.0, 0.0, 0.0, 0.0, 0.0, 0.0, 4.0, 0.0, 1.0, 0.0, 1.0, 0.0, 1.0, 0.0, 0.0, 0.0, 0.0, 0.0, 0.0, 0.0, 0.0, 0.0, 0.0, 0.0, 0.0, 0.0, 0.0, 0.0, 0.0, 0.0, 0.0, 0.0, 0.0, 0.0, 0.0, 1.0], "bins": [-0.0021360714454203844, -0.002073652343824506, -0.002011233242228627, -0.0019488142570480704, -0.0018863952718675137, -0.001823976170271635, -0.0017615570686757565, -0.0016991379670798779, -0.001636718981899321, -0.0015742998803034425, -0.0015118808951228857, -0.001449461793527007, -0.0013870426919311285, -0.0013246237067505717, -0.0012622046051546931, -0.0011997856199741364, -0.0011373665183782578, -0.0010749474167823792, -0.0010125284316018224, -0.0009501093300059438, -0.0008876902866177261, -0.0008252712432295084, -0.0007628521416336298, -0.0007004330982454121, -0.0006380140548571944, -0.0005755950114689767, -0.000513175968080759, -0.00045075686648488045, -0.00038833782309666276, -0.00032591877970844507, -0.00026349970721639693, -0.00020108063472434878, -0.00013866182416677475, -7.624276622664183e-05, -1.3823708286508918e-05, 4.8595349653624e-05, 0.00011101440759375691, 0.0001734334509819746, 0.00023585252347402275, 0.0002982715959660709, 0.0003606906393542886, 0.00042310968274250627, 0.0004855287552345544, 0.0005479478277266026, 0.0006103668711148202, 0.0006727859145030379, 0.0007352050160989165, 0.0007976240594871342, 0.0008600431028753519, 0.0009224621462635696, 0.0009848811896517873, 0.0010473002912476659, 0.0011097192764282227, 0.0011721383780241013, 0.0012345574796199799, 0.0012969765812158585, 0.0013593955663964152, 0.0014218146679922938, 0.0014842336531728506, 0.0015466527547687292, 0.0016090718563646078, 0.0016714908415451646, 0.0017339099431410432, 0.0017963289283216, 0.0018587480299174786]}, "gradients/out.weight": {"_type": "histogram", "values": [1.0, 0.0, 1.0, 0.0, 1.0, 0.0, 0.0, 0.0, 2.0, 3.0, 3.0, 3.0, 1.0, 1.0, 4.0, 0.0, 4.0, 6.0, 7.0, 9.0, 13.0, 8.0, 14.0, 11.0, 22.0, 47.0, 36.0, 62.0, 67.0, 79.0, 128.0, 261.0, 669.0, 13090.0, 564.0, 193.0, 96.0, 67.0, 47.0, 27.0, 32.0, 20.0, 13.0, 14.0, 7.0, 9.0, 9.0, 6.0, 1.0, 2.0, 3.0, 4.0, 3.0, 2.0, 3.0, 1.0, 1.0, 1.0, 0.0, 0.0, 0.0, 1.0, 0.0, 1.0], "bins": [-0.013971725478768349, -0.01355110015720129, -0.013130474835634232, -0.012709850445389748, -0.012289225123822689, -0.01186859980225563, -0.011447975412011147, -0.011027350090444088, -0.01060672476887703, -0.01018609944730997, -0.009765474125742912, -0.009344849735498428, -0.00892422441393137, -0.008503599092364311, -0.008082974702119827, -0.007662349380552769, -0.00724172405898571, -0.006821098737418652, -0.00640047388151288, -0.005979849025607109, -0.0055592237040400505, -0.005138598382472992, -0.004717973526567221, -0.004297348670661449, -0.003876723349094391, -0.003456098260357976, -0.003035473171621561, -0.002614848082885146, -0.0021942229941487312, -0.0017735979054123163, -0.0013529728166759014, -0.0009323477279394865, -0.0005117235705256462, -9.10984817892313e-05, 0.0003295266069471836, 0.0007501516956835985, 0.0011707767844200134, 0.0015914018731564283, 0.0020120269618928432, 0.002432652050629258, 0.002853277139365673, 0.003273902228102088, 0.003694527316838503, 0.004115152172744274, 0.004535777494311333, 0.004956402815878391, 0.0053770276717841625, 0.005797652527689934, 0.006218277849256992, 0.006638903170824051, 0.007059528026729822, 0.007480152882635593, 0.007900778204202652, 0.00832140352576971, 0.008742028847336769, 0.009162653237581253, 0.009583278559148312, 0.01000390388071537, 0.010424528270959854, 0.010845153592526913, 0.011265778914093971, 0.01168640423566103, 0.012107029557228088, 0.012527653947472572, 0.012948279269039631]}, "gradients/conv2.0.weight": {"_type": "histogram", "values": [1.0, 1.0, 1.0, 1.0, 0.0, 1.0, 4.0, 4.0, 1.0, 3.0, 2.0, 6.0, 9.0, 7.0, 9.0, 14.0, 25.0, 28.0, 41.0, 53.0, 66.0, 86.0, 135.0, 183.0, 255.0, 363.0, 534.0, 982.0, 2019.0, 4137.0, 1415.0, 763.0, 473.0, 282.0, 224.0, 161.0, 108.0, 99.0, 70.0, 53.0, 46.0, 19.0, 20.0, 16.0, 11.0, 21.0, 10.0, 5.0, 5.0, 9.0, 4.0, 2.0, 3.0, 1.0, 2.0, 1.0, 1.0, 1.0, 1.0, 0.0, 1.0, 1.0, 0.0, 1.0], "bins": [-0.005738676991313696, -0.0055423518642783165, -0.005346026737242937, -0.005149701610207558, -0.004953376483172178, -0.004757051356136799, -0.0045607262291014194, -0.00436440110206604, -0.004168075975030661, -0.003971750847995281, -0.003775425720959902, -0.0035791005939245224, -0.003382775466889143, -0.0031864503398537636, -0.002990125212818384, -0.0027938000857830048, -0.0025974747259169817, -0.0024011495988816023, -0.002204824471846223, -0.0020084993448108435, -0.001812174217775464, -0.0016158489743247628, -0.0014195238472893834, -0.001223198720254004, -0.0010268734768033028, -0.0008305483497679234, -0.0006342232227325439, -0.0004378980374895036, -0.0002415729104541242, -4.524772521108389e-05, 0.00015107740182429552, 0.00034740252885967493, 0.0005437275394797325, 0.0007400526665151119, 0.0009363777935504913, 0.0011327029205858707, 0.0013290280476212502, 0.0015253532910719514, 0.0017216784181073308, 0.0019180035451427102, 0.002114328555762768, 0.002310653682798147, 0.0025069788098335266, 0.002703303936868906, 0.0028996290639042854, 0.003095954190939665, 0.0032922793179750443, 0.0034886044450104237, 0.0036849298048764467, 0.003881254931911826, 0.004077580291777849, 0.004273905418813229, 0.004470230545848608, 0.004666555672883987, 0.004862880799919367, 0.005059205926954746, 0.005255531053990126, 0.005451856181025505, 0.0056481813080608845, 0.005844506435096264, 0.006040831562131643, 0.006237156689167023, 0.006433481816202402, 0.0066298069432377815, 0.006826132070273161]}, "gradients/conv2.0.bias": {"_type": "histogram", "values": [1.0, 0.0, 0.0, 0.0, 0.0, 0.0, 0.0, 0.0, 0.0, 0.0, 0.0, 0.0, 0.0, 0.0, 0.0, 1.0, 0.0, 0.0, 0.0, 0.0, 0.0, 0.0, 0.0, 0.0, 0.0, 0.0, 1.0, 0.0, 1.0, 1.0, 0.0, 1.0, 1.0, 0.0, 4.0, 1.0, 3.0, 1.0, 2.0, 1.0, 1.0, 1.0, 1.0, 0.0, 0.0, 1.0, 1.0, 0.0, 1.0, 0.0, 0.0, 2.0, 0.0, 0.0, 1.0, 0.0, 1.0, 0.0, 1.0, 0.0, 1.0, 0.0, 0.0, 1.0], "bins": [-0.002143905498087406, -0.00208419025875628, -0.0020244750194251537, -0.0019647597800940275, -0.0019050445407629013, -0.001845329301431775, -0.0017856140621006489, -0.0017258988227695227, -0.0016661835834383965, -0.0016064683441072702, -0.001546753104776144, -0.0014870378654450178, -0.0014273226261138916, -0.0013676073867827654, -0.0013078921474516392, -0.001248176908120513, -0.001188461552374065, -0.0011287463130429387, -0.0010690310737118125, -0.0010093158343806863, -0.0009496005950495601, -0.0008898853557184339, -0.0008301700581796467, -0.0007704548188485205, -0.0007107395213097334, -0.0006510242819786072, -0.000591309042647481, -0.0005315938033163548, -0.0004718785348813981, -0.00041216329555027187, -0.0003524480271153152, -0.000292732787784189, -0.00023301749024540186, -0.00017330225091427565, -0.0001135869970312342, -5.387174314819276e-05, 5.84349618293345e-06, 6.555873551405966e-05, 0.00012527400394901633, 0.00018498924328014255, 0.00024470442440360785, 0.00030441966373473406, 0.00036413490306586027, 0.00042385017150081694, 0.00048356541083194315, 0.0005432806210592389, 0.000602995918598026, 0.0006627111579291523, 0.0007224264554679394, 0.0007821416947990656, 0.0008418569341301918, 0.000901572173461318, 0.0009612874127924442, 0.0010210026521235704, 0.0010807178914546967, 0.0011404331307858229, 0.001200148370116949, 0.0012598636094480753, 0.0013195788487792015, 0.0013792940881103277, 0.001439009327441454, 0.0014987245667725801, 0.0015584398061037064, 0.0016181550454348326, 0.0016778704011812806]}, "gradients/conv1.0.weight": {"_type": "histogram",