{"gradients/out.bias": {"_type": "histogram", "values": [1.0, 0.0, 0.0, 0.0, 0.0, 0.0, 0.0, 0.0, 0.0, 0.0, 0.0, 0.0, 0.0, 0.0, 0.0, 0.0, 0.0, 0.0, 0.0, 0.0, 1.0, 0.0, 0.0, 0.0, 0.0, 0.0, 0.0, 0.0, 7.0, 0.0, 0.0, 0.0, 0.0, 0.0, 0.0, 0.0, 0.0, 0.0, 0.0, 0.0, 0.0, 0.0, 0.0, 0.0, 0.0, 0.0, 0.0, 0.0, 0.0, 0.0, 0.0, 0.0, 0.0, 0.0, 0.0, 0.0, 0.0, 0.0, 0.0, 0.0, 0.0, 0.0, 0.0, 1.0], "bins": [-0.013037367723882198, -0.012572627514600754, -0.01210788730531931, -0.011643147096037865, -0.01117840688675642, -0.010713666677474976, -0.010248925536870956, -0.009784186258912086, -0.009319445118308067, -0.008854704909026623, -0.008389964699745178, -0.007925224490463734, -0.007460484281182289, -0.006995744071900845, -0.006531003396958113, -0.006066263187676668, -0.005601523444056511, -0.005136783234775066, -0.004672043025493622, -0.004207302816212177, -0.003742562374100089, -0.0032778221648186445, -0.0028130817227065563, -0.0023483415134251118, -0.00188360083848238, -0.0014188606292009354, -0.000954120303504169, -0.0004893799778074026, -2.463976852595806e-05, 0.0004401004407554865, 0.0009048408828675747, 0.0013695810921490192, 0.0018343199044466019, 0.0022990601137280464, 0.002763800323009491, 0.003228540765121579, 0.0036932809744030237, 0.004158020950853825, 0.0046227616257965565, 0.005087501835078001, 0.005552241578698158, 0.006016981787979603, 0.006481721997261047, 0.006946462206542492, 0.0074112024158239365, 0.007875942625105381, 0.008340682834386826, 0.008805423974990845, 0.00927016418427229, 0.009734904393553734, 0.010199644602835178, 0.010664384812116623, 0.011129125021398067, 0.011593865230679512, 0.012058606371283531, 0.012523345649242401, 0.01298808678984642, 0.013452826999127865, 0.01391756720840931, 0.014382307417690754, 0.014847047626972198, 0.015311787836253643, 0.015776528045535088, 0.016241269186139107, 0.016706008464097977]}, "gradients/out.weight": {"_type": "histogram", "values": [2.0, 0.0, 0.0, 0.0, 0.0, 4.0, 0.0, 3.0, 4.0, 0.0, 1.0, 3.0, 3.0, 2.0, 6.0, 3.0, 3.0, 5.0, 4.0, 7.0, 7.0, 11.0, 16.0, 16.0, 14.0, 27.0, 23.0, 35.0, 38.0, 56.0, 83.0, 148.0, 14822.0, 58.0, 49.0, 36.0, 26.0, 18.0, 24.0, 13.0, 16.0, 15.0, 12.0, 12.0, 5.0, 6.0, 2.0, 6.0, 3.0, 8.0, 1.0, 1.0, 3.0, 4.0, 1.0, 4.0, 2.0, 1.0, 5.0, 1.0, 0.0, 0.0, 0.0, 2.0], "bins": [-0.08128656446933746, -0.07874757051467896, -0.07620857656002045, -0.07366958260536194, -0.07113058865070343, -0.06859160214662552, -0.06605260819196701, -0.0635136142373085, -0.060974620282649994, -0.058435626327991486, -0.05589663237333298, -0.05335764214396477, -0.05081864818930626, -0.04827965423464775, -0.04574066400527954, -0.04320167005062103, -0.040662676095962524, -0.038123682141304016, -0.03558468818664551, -0.0330456979572773, -0.03050670400261879, -0.02796771004796028, -0.025428717955946922, -0.022889725863933563, -0.020350731909275055, -0.017811737954616547, -0.015272745862603188, -0.012733752839267254, -0.01019475981593132, -0.0076557667925953865, -0.005116773769259453, -0.0025777816772460938, -3.879517316818237e-05, 0.0025001978501677513, 0.005039190873503685, 0.007578183896839619, 0.010117176920175552, 0.012656169943511486, 0.01519516296684742, 0.01773415505886078, 0.020273149013519287, 0.022812142968177795, 0.025351135060191154, 0.027890127152204514, 0.030429121106863022, 0.03296811506152153, 0.03550710529088974, 0.03804609924554825, 0.04058509320020676, 0.043124087154865265, 0.04566308110952377, 0.04820207133889198, 0.05074106529355049, 0.053280059248209, 0.05581904947757721, 0.05835804343223572, 0.060897037386894226, 0.06343603134155273, 0.06597502529621124, 0.06851401925086975, 0.07105301320552826, 0.07359199970960617, 0.07613099366426468, 0.07866998761892319, 0.0812089815735817]}, "gradients/conv2.0.weight": {"_type": "histogram", "values": [2.0, 1.0, 0.0, 1.0, 0.0, 1.0, 3.0, 2.0, 1.0, 5.0, 3.0, 4.0, 9.0, 9.0, 8.0, 13.0, 11.0, 19.0, 32.0, 40.0, 44.0, 67.0, 81.0, 95.0, 134.0, 243.0, 386.0, 663.0, 1646.0, 6574.0, 1033.0, 493.0, 335.0, 208.0, 160.0, 94.0, 81.0, 58.0, 45.0, 42.0, 18.0, 34.0, 21.0, 16.0, 14.0, 11.0, 8.0, 5.0, 5.0, 3.0, 3.0, 2.0, 1.0, 3.0, 0.0, 2.0, 1.0, 1.0, 2.0, 2.0, 0.0, 0.0, 1.0, 1.0], "bins": [-0.035903505980968475, -0.034670840948820114, -0.03343817591667175, -0.03220551088452339, -0.03097284585237503, -0.02974018082022667, -0.02850751392543316, -0.027274848893284798, -0.026042183861136436, -0.024809518828988075, -0.023576853796839714, -0.022344188764691353, -0.021111521869897842, -0.01987885683774948, -0.01864619180560112, -0.01741352677345276, -0.016180861741304398, -0.014948196709156036, -0.013715531677007675, -0.01248286571353674, -0.011250200681388378, -0.010017535649240017, -0.008784869685769081, -0.00755220465362072, -0.006319539621472359, -0.0050868745893239975, -0.003854209091514349, -0.002621543826535344, -0.0013888785615563393, -0.00015621352940797806, 0.0010764519684016705, 0.002309117466211319, 0.0035417787730693817, 0.004774443805217743, 0.0060071093030273914, 0.00723977480083704, 0.008472439832985401, 0.009705104865133762, 0.010937770828604698, 0.01217043586075306, 0.01340310089290142, 0.014635765925049782, 0.015868430957198143, 0.017101095989346504, 0.018333762884140015, 0.019566427916288376, 0.020799092948436737, 0.0220317579805851, 0.02326442301273346, 0.02449708804488182, 0.025729753077030182, 0.026962418109178543, 0.028195083141326904, 0.029427748173475266, 0.030660415068268776, 0.031893081963062286, 0.03312574326992035, 0.03435840830206871, 0.03559107333421707, 0.03682373836636543, 0.038056403398513794, 0.039289068430662155, 0.040521733462810516, 0.041754402220249176, 0.04298706725239754]}, "gradients/conv2.0.bias": {"_type": "histogram", "values": [1.0, 0.0, 0.0, 0.0, 2.0, 0.0, 0.0, 1.0, 0.0, 1.0, 0.0, 2.0, 1.0, 0.0, 0.0, 0.0, 0.0, 1.0, 0.0, 1.0, 2.0, 3.0, 1.0, 2.0, 0.0, 1.0, 2.0, 0.0, 3.0, 0.0, 1.0, 1.0, 0.0, 0.0, 0.0, 0.0, 1.0, 0.0, 0.0, 0.0, 0.0, 0.0, 0.0, 1.0, 0.0, 0.0, 1.0, 2.0, 0.0, 0.0, 0.0, 0.0, 0.0, 0.0, 0.0, 0.0, 0.0, 0.0, 0.0, 0.0, 0.0, 0.0, 0.0, 1.0], "bins": [-0.016953572630882263, -0.016129683703184128, -0.015305793844163418, -0.014481903985142708, -0.013658015057444572, -0.012834125198423862, -0.012010235339403152, -0.011186346411705017, -0.010362457484006882, -0.009538567624986172, -0.008714678697288036, -0.007890788838267326, -0.007066899910569191, -0.006243010051548481, -0.005419120658189058, -0.004595231264829636, -0.0037713414058089256, -0.002947452012449503, -0.0021235626190900803, -0.001299672992900014, -0.00047578359954059124, 0.0003481060266494751, 0.0011719954200088978, 0.0019958848133683205, 0.0028197746723890305, 0.003643664065748453, 0.004467553459107876, 0.005291443318128586, 0.006115332245826721, 0.006939222104847431, 0.007763111498206854, 0.008587000891566277, 0.009410889819264412, 0.010234779678285122, 0.011058668605983257, 0.011882558465003967, 0.012706447392702103, 0.013530337251722813, 0.014354227110743523, 0.015178116038441658, 0.016002004966139793, 0.01682589389383793, 0.017649784684181213, 0.01847367361187935, 0.019297562539577484, 0.02012145146727562, 0.020945342257618904, 0.02176923118531704, 0.022593121975660324, 0.02341701090335846, 0.024240901693701744, 0.02506479062139988, 0.025888679549098015, 0.0267125703394413, 0.027536459267139435, 0.02836034819483757, 0.029184237122535706, 0.03000812605023384, 0.030832016840577126, 0.03165590390563011, 0.032479796558618546, 0.03330368548631668, 0.034127574414014816, 0.03495146334171295, 0.03577535226941109]}, "gradients/conv1.0.weight": {"_type": "histogram", "values": [1.0, 2.0, 0.0, 2.0, 0.0, 1.0, 4.0, 3.0, 2.0, 1.0, 0.0, 3.0, 1.0, 3.0, 2.0, 2.0, 6.0, 8.0, 3.0, 9.0, 4.0, 6.0, 9.0, 9.0, 7.0, 13.0, 6.0, 12.0, 8.0, 11.0, 23.0, 47.0, 25.0, 18.0, 11.0, 11.0, 9.0, 7.0, 11.0, 13.0, 5.0, 10.0, 10.0, 8.0, 6.0, 5.0, 6.0, 2.0, 3.0, 2.0, 4.0, 4.0, 2.0, 5.0, 5.0, 4.0, 1.0, 0.0, 2.0, 2.0, 0.0, 0.0, 0.0, 1.0],