{"gradients/out.bias": {"_type": "histogram", "values": [1.0, 0.0, 0.0, 0.0, 0.0, 0.0, 0.0, 0.0, 0.0, 0.0, 0.0, 0.0, 0.0, 0.0, 0.0, 0.0, 0.0, 0.0, 0.0, 0.0, 0.0, 0.0, 0.0, 0.0, 0.0, 0.0, 0.0, 0.0, 0.0, 0.0, 0.0, 0.0, 0.0, 1.0, 0.0, 0.0, 0.0, 2.0, 2.0, 1.0, 0.0, 0.0, 0.0, 1.0, 0.0, 0.0, 0.0, 0.0, 1.0, 0.0, 0.0, 0.0, 0.0, 0.0, 0.0, 0.0, 0.0, 0.0, 0.0, 0.0, 0.0, 0.0, 0.0, 1.0], "bins": [-0.013942388817667961, -0.013576931320130825, -0.013211473822593689, -0.012846015393733978, -0.012480557896196842, -0.012115100398659706, -0.01174964290112257, -0.011384185403585434, -0.011018726974725723, -0.010653269477188587, -0.010287811979651451, -0.00992235355079174, -0.009556896053254604, -0.009191438555717468, -0.008825981058180332, -0.008460523560643196, -0.00809506606310606, -0.007729608565568924, -0.0073641506023705006, -0.0069986931048333645, -0.006633235141634941, -0.006267777644097805, -0.005902320146560669, -0.005536862649023533, -0.005171405151486397, -0.004805947653949261, -0.004440489690750837, -0.004075032193213701, -0.0037095744628459215, -0.003344116732478142, -0.0029786592349410057, -0.002613201504573226, -0.002247743308544159, -0.0018822855781763792, -0.0015168279642239213, -0.0011513703502714634, -0.0007859126199036837, -0.00042045488953590393, -5.499739199876785e-05, 0.0003104603383690119, 0.0006759185343980789, 0.0010413762647658587, 0.0014068338787183166, 0.0017722914926707745, 0.002137749223038554, 0.002503206953406334, 0.00286866445094347, 0.0032341221813112497, 0.003599579446017742, 0.003965036943554878, 0.004330494906753302, 0.004695952404290438, 0.005061410367488861, 0.005426867865025997, 0.005792325362563133, 0.006157782860100269, 0.006523240823298693, 0.006888698320835829, 0.007254156284034252, 0.007619613781571388, 0.007985071279108524, 0.00835052877664566, 0.008715987205505371, 0.009081444703042507, 0.009446902200579643]}, "gradients/out.weight": {"_type": "histogram", "values": [1.0, 2.0, 0.0, 0.0, 1.0, 2.0, 2.0, 3.0, 1.0, 1.0, 1.0, 1.0, 2.0, 1.0, 6.0, 4.0, 3.0, 4.0, 5.0, 8.0, 3.0, 6.0, 7.0, 13.0, 17.0, 9.0, 15.0, 20.0, 19.0, 23.0, 29.0, 38.0, 35.0, 73.0, 90.0, 148.0, 266.0, 1109.0, 12299.0, 562.0, 293.0, 168.0, 108.0, 80.0, 45.0, 34.0, 24.0, 31.0, 9.0, 10.0, 7.0, 9.0, 2.0, 8.0, 6.0, 2.0, 1.0, 3.0, 1.0, 4.0, 2.0, 1.0, 2.0, 1.0], "bins": [-0.13531924784183502, -0.13177408277988434, -0.12822890281677246, -0.12468373775482178, -0.1211385726928711, -0.11759340018033981, -0.11404822766780853, -0.11050306260585785, -0.10695789009332657, -0.10341271758079529, -0.0998675525188446, -0.09632238000631332, -0.09277720749378204, -0.08923204243183136, -0.08568686991930008, -0.0821416974067688, -0.07859653234481812, -0.07505135983228683, -0.07150619477033615, -0.06796102225780487, -0.06441585719585419, -0.060870684683322906, -0.057325512170791626, -0.053780343383550644, -0.05023517459630966, -0.04669000580906868, -0.0431448370218277, -0.03959966450929642, -0.036054495722055435, -0.03250932693481445, -0.028964156284928322, -0.02541898563504219, -0.02187380939722061, -0.01832864060997963, -0.014783469960093498, -0.011238300241529942, -0.007693130522966385, -0.004147961735725403, -0.0006027910858392715, 0.0029423795640468597, 0.006487548351287842, 0.010032718069851398, 0.013577887788414955, 0.017123058438301086, 0.02066822722554207, 0.02421339601278305, 0.027758566662669182, 0.03130373731255531, 0.034848906099796295, 0.03839407488703728, 0.04193924367427826, 0.04548441618680954, 0.04902958497405052, 0.052574753761291504, 0.056119926273822784, 0.059665095061063766, 0.06321026384830475, 0.06675543636083603, 0.07030060142278671, 0.073845773935318, 0.07739093899726868, 0.08093611150979996, 0.08448128402233124, 0.08802644908428192, 0.0915716215968132]}, "gradients/conv2.0.weight": {"_type": "histogram", "values": [1.0, 1.0, 1.0, 0.0, 3.0, 1.0, 3.0, 6.0, 6.0, 9.0, 10.0, 10.0, 17.0, 21.0, 20.0, 21.0, 23.0, 33.0, 45.0, 47.0, 67.0, 72.0, 117.0, 131.0, 172.0, 190.0, 246.0, 302.0, 360.0, 519.0, 665.0, 905.0, 1212.0, 1790.0, 1022.0, 861.0, 674.0, 605.0, 510.0, 398.0, 310.0, 276.0, 233.0, 192.0, 151.0, 128.0, 101.0, 82.0, 60.0, 38.0, 33.0, 21.0, 17.0, 11.0, 11.0, 10.0, 8.0, 9.0, 1.0, 2.0, 3.0, 3.0, 3.0, 1.0], "bins": [-0.01777418702840805, -0.01724042184650898, -0.01670665666460991, -0.01617288962006569, -0.01563912443816662, -0.015105359256267548, -0.014571593143045902, -0.014037827029824257, -0.013504061847925186, -0.012970296666026115, -0.01243653055280447, -0.011902764439582825, -0.011368999257683754, -0.010835234075784683, -0.010301467962563038, -0.009767701849341393, -0.009233936667442322, -0.008700171485543251, -0.008166405372321606, -0.007632639724761248, -0.00709887407720089, -0.0065651084296405315, -0.0060313427820801735, -0.0054975771345198154, -0.004963811486959457, -0.004430045839399099, -0.0038962801918387413, -0.0033625145442783833, -0.002828748896718025, -0.002294983249157667, -0.0017612176015973091, -0.001227451954036951, -0.000693686306476593, -0.00015992065891623497, 0.0003738449886441231, 0.0009076106362044811, 0.0014413762837648392, 0.0019751419313251972, 0.0025089075788855553, 0.0030426732264459133, 0.0035764388740062714, 0.004110204521566629, 0.0046439701691269875, 0.0051777358166873455, 0.0057115014642477036, 0.006245267111808062, 0.00677903275936842, 0.007312798406928778, 0.007846564054489136, 0.008380329236388206, 0.008914095349609852, 0.009447861462831497, 0.009981626644730568, 0.010515391826629639, 0.011049157939851284, 0.01158292405307293, 0.012116689234972, 0.01265045441687107, 0.013184220530092716, 0.013717986643314362, 0.014251751825213432, 0.014785517007112503, 0.015319283120334148, 0.015853049233555794, 0.016386814415454865]}, "gradients/conv2.0.bias": {"_type": "histogram", "values": [1.0, 0.0, 0.0, 0.0, 0.0, 0.0, 0.0, 0.0, 0.0, 0.0, 0.0, 0.0, 0.0, 1.0, 0.0, 1.0, 0.0, 0.0, 0.0, 1.0, 0.0, 0.0, 0.0, 0.0, 0.0, 0.0, 0.0, 0.0, 1.0, 1.0, 0.0, 0.0, 0.0, 1.0, 1.0, 2.0, 1.0, 1.0, 1.0, 2.0, 5.0, 2.0, 1.0, 0.0, 0.0, 0.0, 0.0, 1.0, 1.0, 1.0, 1.0, 1.0, 0.0, 0.0, 0.0, 1.0, 0.0, 0.0, 0.0, 0.0, 1.0, 1.0, 0.0, 1.0], "bins": [-0.022870048880577087, -0.02231597900390625, -0.021761909127235413, -0.021207837387919426, -0.02065376751124859, -0.02009969763457775, -0.019545627757906914, -0.018991557881236076, -0.01843748614192009, -0.017883416265249252, -0.017329346388578415, -0.01677527464926243, -0.01622120477259159, -0.015667134895920753, -0.015113065019249916, -0.014558995142579079, -0.014004925265908241, -0.013450855389237404, -0.012896784581243992, -0.012342714704573154, -0.011788643896579742, -0.011234574019908905, -0.010680504143238068, -0.01012643426656723, -0.009572363458573818, -0.00901829358190298, -0.008464222773909569, -0.007910152897238731, -0.007356082554906607, -0.006802012212574482, -0.0062479423359036446, -0.00569387199357152, -0.0051398007199168205, -0.004585730377584696, -0.004031660035252571, -0.0034775901585817337, -0.002923519816249609, -0.0023694494739174843, -0.0018153793644160032, -0.0012613092549145222, -0.0007072389125823975, -0.00015316868666559458, 0.0004009015392512083, 0.0009549717651680112, 0.001509041991084814, 0.0020631123334169388, 0.00261718244291842, 0.003171252552419901, 0.0037253228947520256, 0.00427939323708415, 0.004833463579416275, 0.005387533456087112, 0.005941603798419237, 0.006495674140751362, 0.007049744017422199, 0.007603814359754324, 0.008157884702086449, 0.008711954578757286, 0.009266025386750698, 0.009820095263421535, 0.010374166071414948, 0.010928235948085785, 0.011482305824756622, 0.01203637570142746, 0.012590446509420872]}, "gradients/conv1.0.weight": {"_type": "histogram", "values": [1.0, 1.0, 0.0, 0.0, 1.0, 0.0, 0.0, 0.0, 0.0, 0.0, 2.0, 1.0, 1.0, 3.0, 1.0, 3.0, 2.0, 4.0, 4.0, 4.0, 4.0, 4.0, 3.0, 3.0, 7.0, 2.0, 15.0, 20.0, 21.0, 13.0, 22.0, 32.0, 40.0, 39.0, 23.0, 20.0, 7.0, 11.0, 6.0, 10.0, 7.0, 6.0, 5.0, 6.0, 13.0, 9.0, 1.0, 0.0, 1.0, 0.0, 2.0, 3.0, 1.0, 1.0, 2.0, 3.0, 1.0, 1.0, 1.0, 2.0, 2.0, 1.0, 1.0, 1.0],