{"loss": 0.1534038782119751, "_runtime": 35, "_timestamp": 1641463186, "_step": 1954, "gradients/out.bias": {"_type": "histogram", "values": [1.0, 0.0, 0.0, 0.0, 0.0, 0.0, 0.0, 0.0, 0.0, 0.0, 0.0, 0.0, 0.0, 0.0, 0.0, 0.0, 0.0, 0.0, 0.0, 0.0, 1.0, 0.0, 0.0, 0.0, 0.0, 1.0, 0.0, 0.0, 0.0, 2.0, 0.0, 2.0, 0.0, 0.0, 1.0, 1.0, 0.0, 0.0, 0.0, 0.0, 0.0, 0.0, 0.0, 0.0, 0.0, 0.0, 0.0, 0.0, 0.0, 0.0, 0.0, 0.0, 0.0, 0.0, 0.0, 0.0, 0.0, 0.0, 0.0, 0.0, 0.0, 0.0, 0.0, 1.0], "bins": [-0.012776218354701996, -0.012354626320302486, -0.011933034285902977, -0.011511441320180893, -0.011089849285781384, -0.010668257251381874, -0.01024666428565979, -0.00982507225126028, -0.009403480216860771, -0.008981888182461262, -0.008560296148061752, -0.008138703182339668, -0.007717111147940159, -0.007295519113540649, -0.006873926613479853, -0.006452334113419056, -0.0060307420790195465, -0.005609150044620037, -0.00518755754455924, -0.004765965044498444, -0.004344373010098934, -0.003922780975699425, -0.003501188475638628, -0.003079596208408475, -0.002658003941178322, -0.0022364116739481688, -0.0018148194067180157, -0.0013932271394878626, -0.0009716348722577095, -0.0005500426050275564, -0.00012845033779740334, 0.00029314192943274975, 0.0007147332653403282, 0.0011363255325704813, 0.0015579177998006344, 0.0019795100670307875, 0.0024011023342609406, 0.0028226946014910936, 0.0032442868687212467, 0.0036658791359514, 0.004087471403181553, 0.004509063437581062, 0.004930655937641859, 0.005352248437702656, 0.005773840472102165, 0.006195432506501675, 0.006617025006562471, 0.007038617506623268, 0.0074602095410227776, 0.007881801575422287, 0.008303394541144371, 0.00872498657554388, 0.00914657860994339, 0.0095681706443429, 0.009989762678742409, 0.010411355644464493, 0.010832947678864002, 0.011254539713263512, 0.011676132678985596, 0.012097724713385105, 0.012519316747784615, 0.012940908782184124, 0.013362500816583633, 0.013784093782305717, 0.014205685816705227]}, "gradients/out.weight": {"_type": "histogram", "values": [1.0, 0.0, 1.0, 1.0, 3.0, 4.0, 2.0, 1.0, 5.0, 6.0, 5.0, 7.0, 7.0, 8.0, 8.0, 14.0, 12.0, 16.0, 22.0, 31.0, 33.0, 30.0, 38.0, 53.0, 55.0, 67.0, 78.0, 109.0, 160.0, 307.0, 600.0, 9926.0, 2713.0, 419.0, 231.0, 130.0, 84.0, 67.0, 59.0, 62.0, 38.0, 39.0, 36.0, 35.0, 29.0, 21.0, 18.0, 10.0, 15.0, 12.0, 6.0, 7.0, 7.0, 8.0, 4.0, 5.0, 2.0, 3.0, 3.0, 3.0, 2.0, 1.0, 0.0, 1.0], "bins": [-0.11661214381456375, -0.11295464634895325, -0.10929714143276215, -0.10563964396715164, -0.10198213905096054, -0.09832464158535004, -0.09466713666915894, -0.09100963920354843, -0.08735214173793793, -0.08369464427232742, -0.08003713935613632, -0.07637964189052582, -0.07272213697433472, -0.06906463950872421, -0.06540714204311371, -0.06174963712692261, -0.058092132210731506, -0.054434631019830704, -0.0507771298289299, -0.0471196323633194, -0.043462127447128296, -0.03980462998151779, -0.03614712879061699, -0.032489627599716187, -0.028832130134105682, -0.02517462894320488, -0.021517127752304077, -0.017859628424048424, -0.014202127233147621, -0.010544626042246819, -0.006887126713991165, -0.0032296255230903625, 0.0004278793931007385, 0.004085380118340254, 0.007742880843579769, 0.011400381103157997, 0.0150578822940588, 0.018715383484959602, 0.022372882813215256, 0.02603038400411606, 0.02968788892030716, 0.03334539011120796, 0.037002891302108765, 0.04066038876771927, 0.04431789368391037, 0.047975391149520874, 0.05163289234042168, 0.05529039353132248, 0.05894789099693298, 0.06260538846254349, 0.06626289337873459, 0.06992039084434509, 0.0735778957605362, 0.0772353932261467, 0.0808928906917572, 0.0845503956079483, 0.0882079005241394, 0.09186539798974991, 0.09552290290594101, 0.09918040037155151, 0.10283790528774261, 0.10649540275335312, 0.11015290021896362, 0.11381040513515472, 0.11746790260076523]}, "gradients/conv2.0.weight": {"_type": "histogram", "values": [3.0, 2.0, 3.0, 3.0, 3.0, 7.0, 2.0, 8.0, 14.0, 13.0, 18.0, 25.0, 19.0, 29.0, 39.0, 48.0, 69.0, 74.0, 99.0, 125.0, 123.0, 176.0, 191.0, 198.0, 227.0, 288.0, 352.0, 382.0, 463.0, 558.0, 614.0, 699.0, 821.0, 888.0, 882.0, 817.0, 715.0, 626.0, 512.0, 452.0, 366.0, 304.0, 258.0, 187.0, 164.0, 135.0, 139.0, 111.0, 86.0, 72.0, 65.0, 52.0, 51.0, 48.0, 40.0, 19.0, 36.0, 28.0, 12.0, 13.0, 10.0, 8.0, 6.0, 3.0], "bins": [-0.011052205227315426, -0.01072243694216013, -0.010392667725682259, -0.010062899440526962, -0.009733130224049091, -0.009403361938893795, -0.009073592722415924, -0.008743824437260628, -0.008414056152105331, -0.008084287866950035, -0.007754518650472164, -0.007424750365316868, -0.007094981148838997, -0.0067652128636837006, -0.006435444112867117, -0.006105675362050533, -0.005775906145572662, -0.005446137394756079, -0.005116368643939495, -0.004786600358784199, -0.004456831142306328, -0.0041270628571510315, -0.003797294106334448, -0.0034675253555178642, -0.003137757070362568, -0.0028079883195459843, -0.0024782195687294006, -0.0021484510507434607, -0.001818682299926877, -0.0014889135491102934, -0.0011591450311243534, -0.0008293762803077698, -0.0004996079951524734, -0.00016983930254355073, 0.000159929390065372, 0.0004896980244666338, 0.0008194667752832174, 0.001149235526099801, 0.001479004044085741, 0.0018087727949023247, 0.0021385420113801956, 0.0024683107621967793, 0.002798079513013363, 0.003127848030999303, 0.0034576167818158865, 0.00378738553263247, 0.00411715405061841, 0.004446922801434994, 0.00477669108659029, 0.005106459837406874, 0.005436228588223457, 0.005765996873378754, 0.006095766089856625, 0.006425534375011921, 0.0067553031258285046, 0.007085071876645088, 0.007414840627461672, 0.0077446093782782555, 0.008074377663433552, 0.008404146879911423, 0.008733915165066719, 0.00906368438154459, 0.009393452666699886, 0.009723221883177757, 0.010052990168333054]}, "gradients/conv2.0.bias": {"_type": "histogram", "values": [1.0, 0.0, 1.0, 0.0, 1.0, 1.0, 0.0, 2.0, 2.0, 0.0, 0.0, 0.0, 1.0, 1.0, 0.0, 0.0, 0.0, 0.0, 0.0, 1.0, 0.0, 1.0, 1.0, 0.0, 3.0, 1.0, 2.0, 1.0, 0.0, 0.0, 0.0, 1.0, 1.0, 1.0, 0.0, 0.0, 0.0, 0.0, 0.0, 2.0, 0.0, 0.0, 0.0, 1.0, 0.0, 2.0, 0.0, 0.0, 1.0, 0.0, 1.0, 0.0, 0.0, 0.0, 1.0, 0.0, 0.0, 0.0, 0.0, 0.0, 0.0, 0.0, 0.0, 1.0], "bins": [-0.00777354184538126, -0.007525719236582518, -0.007277896627783775, -0.007030074018985033, -0.006782251410186291, -0.006534428335726261, -0.006286605726927519, -0.0060387831181287766, -0.005790960509330034, -0.005543137900531292, -0.00529531529173255, -0.005047492682933807, -0.004799669608473778, -0.004551847465336323, -0.004304024390876293, -0.004056201782077551, -0.0038083791732788086, -0.0035605565644800663, -0.003312733955681324, -0.003064911114051938, -0.0028170885052531958, -0.0025692658964544535, -0.0023214430548250675, -0.0020736204460263252, -0.001825797837227583, -0.0015779752284288406, -0.0013301525032147765, -0.0010823297780007124, -0.0008345071692019701, -0.0005866845604032278, -0.0003388618351891637, -9.103910997509956e-05, 0.00015678349882364273, 0.00040460616583004594, 0.0006524288328364491, 0.0009002514998428524, 0.0011480741668492556, 0.0013958967756479979, 0.001643719500862062, 0.001891542226076126, 0.0021393648348748684, 0.0023871874436736107, 0.002635010052472353, 0.002882832894101739, 0.0031306555029004812, 0.0033784781116992235, 0.0036263009533286095, 0.0038741235621273518, 0.004121946170926094, 0.004369768779724836, 0.004617591388523579, 0.004865413997322321, 0.005113236606121063, 0.005361059680581093, 0.005608882289379835, 0.005856704898178577, 0.00610452750697732, 0.006352350115776062, 0.006600172724574804, 0.006847995333373547, 0.007095818407833576, 0.007343640550971031, 0.007591463625431061, 0.00783928669989109, 0.008087108843028545]}, "gradients/conv1.0.weight": {"_type": "histogram",