{"gradients/out.bias": {"_type": "histogram", "values": [1.0, 0.0, 0.0, 0.0, 0.0, 0.0, 0.0, 0.0, 0.0, 0.0, 0.0, 0.0, 0.0, 0.0, 0.0, 0.0, 0.0, 0.0, 0.0, 0.0, 0.0, 0.0, 0.0, 0.0, 0.0, 0.0, 0.0, 0.0, 0.0, 0.0, 0.0, 0.0, 0.0, 0.0, 0.0, 0.0, 0.0, 0.0, 0.0, 1.0, 4.0, 0.0, 0.0, 1.0, 0.0, 0.0, 0.0, 0.0, 1.0, 1.0, 0.0, 0.0, 0.0, 0.0, 0.0, 0.0, 0.0, 0.0, 0.0, 0.0, 0.0, 0.0, 0.0, 1.0], "bins": [-0.021534405648708344, -0.021006306633353233, -0.020478207617998123, -0.019950110465288162, -0.019422011449933052, -0.018893912434577942, -0.01836581341922283, -0.01783771440386772, -0.01730961725115776, -0.01678151823580265, -0.01625341922044754, -0.01572532206773758, -0.01519722305238247, -0.014669124037027359, -0.014141025021672249, -0.013612926006317139, -0.013084826990962029, -0.012556727975606918, -0.012028629891574383, -0.011500530876219273, -0.010972432792186737, -0.010444333776831627, -0.009916234761476517, -0.009388135746121407, -0.008860037662088871, -0.00833193864673376, -0.007803840562701225, -0.007275741547346115, -0.006747642997652292, -0.006219544447958469, -0.005691445432603359, -0.005163346882909536, -0.004635250195860863, -0.00410715164616704, -0.0035790528636425734, -0.003050954081118107, -0.002522855531424284, -0.001994756981730461, -0.0014666581992059946, -0.0009385594166815281, -0.00041046086698770523, 0.00011763779912143946, 0.0006457364652305841, 0.0011738351313397288, 0.0017019337974488735, 0.0022300323471426964, 0.002758131129667163, 0.0032862299121916294, 0.0038143284618854523, 0.004342427011579275, 0.004870525561273098, 0.005398624576628208, 0.005926723126322031, 0.006454821676015854, 0.006982920691370964, 0.007511019241064787, 0.00803911779075861, 0.00856721680611372, 0.009095314890146255, 0.009623413905501366, 0.010151512920856476, 0.010679611004889011, 0.011207710020244122, 0.011735808104276657, 0.012263907119631767]}, "gradients/out.weight": {"_type": "histogram", "values": [1.0, 1.0, 2.0, 0.0, 1.0, 2.0, 2.0, 0.0, 2.0, 1.0, 2.0, 3.0, 5.0, 3.0, 6.0, 8.0, 14.0, 13.0, 10.0, 13.0, 10.0, 15.0, 22.0, 11.0, 20.0, 22.0, 27.0, 23.0, 22.0, 30.0, 27.0, 35.0, 50.0, 55.0, 70.0, 96.0, 190.0, 541.0, 11418.0, 1545.0, 545.0, 238.0, 155.0, 102.0, 63.0, 49.0, 35.0, 23.0, 31.0, 17.0, 17.0, 26.0, 18.0, 6.0, 14.0, 8.0, 2.0, 4.0, 1.0, 4.0, 0.0, 2.0, 0.0, 2.0], "bins": [-0.13343894481658936, -0.12998226284980774, -0.12652558088302612, -0.1230688989162445, -0.11961221694946289, -0.11615553498268127, -0.11269885301589966, -0.10924217104911804, -0.10578548908233643, -0.10232880711555481, -0.0988721251487732, -0.09541544318199158, -0.09195876121520996, -0.08850207924842834, -0.08504539728164673, -0.08158871531486511, -0.0781320258975029, -0.07467534393072128, -0.07121866196393967, -0.06776197999715805, -0.06430529803037643, -0.06084861606359482, -0.0573919303715229, -0.05393524840474129, -0.05047856271266937, -0.047021880745887756, -0.04356519877910614, -0.040108516812324524, -0.03665183484554291, -0.03319515287876129, -0.029738467186689377, -0.02628178521990776, -0.022825099527835846, -0.01936841756105423, -0.015911735594272614, -0.012455051764845848, -0.008998369798064232, -0.005541687831282616, -0.0020850040018558502, 0.001371677964925766, 0.004828356206417084, 0.0082850381731987, 0.01174172107130289, 0.015198403969407082, 0.018655085936188698, 0.022111767902970314, 0.02556845173239708, 0.029025133699178696, 0.03248181939125061, 0.03593850135803223, 0.03939518332481384, 0.04285186529159546, 0.046308547258377075, 0.04976522922515869, 0.053221914917230606, 0.05667859688401222, 0.06013527885079384, 0.06359196454286575, 0.06704864650964737, 0.07050532847642899, 0.0739620104432106, 0.07741869240999222, 0.08087537437677383, 0.08433205634355545, 0.08778873831033707]}, "gradients/conv2.0.weight": {"_type": "histogram", "values": [1.0, 2.0, 1.0, 0.0, 2.0, 2.0, 3.0, 3.0, 3.0, 4.0, 2.0, 4.0, 1.0, 3.0, 7.0, 9.0, 13.0, 11.0, 16.0, 16.0, 32.0, 36.0, 58.0, 91.0, 131.0, 228.0, 406.0, 779.0, 1622.0, 4922.0, 1858.0, 1012.0, 550.0, 291.0, 205.0, 134.0, 91.0, 51.0, 43.0, 30.0, 24.0, 18.0, 12.0, 15.0, 7.0, 8.0, 7.0, 3.0, 4.0, 2.0, 5.0, 2.0, 3.0, 2.0, 1.0, 4.0, 2.0, 1.0, 2.0, 1.0, 2.0, 1.0, 0.0, 1.0], "bins": [-0.07361962646245956, -0.0711124986410141, -0.06860536336898804, -0.06609822809696198, -0.06359110027551651, -0.061083968728780746, -0.05857683718204498, -0.05606970563530922, -0.053562574088573456, -0.05105544254183769, -0.04854831099510193, -0.046041179448366165, -0.0435340479016304, -0.04102691635489464, -0.038519784808158875, -0.03601265326142311, -0.03350552171468735, -0.030998390167951584, -0.02849125862121582, -0.025984127074480057, -0.023476995527744293, -0.02096986398100853, -0.018462732434272766, -0.015955600887537003, -0.013448469340801239, -0.010941337794065475, -0.008434206247329712, -0.005927074700593948, -0.003419943153858185, -0.0009128116071224213, 0.0015943199396133423, 0.004101451486349106, 0.0066085755825042725, 0.009115707129240036, 0.0116228386759758, 0.014129970222711563, 0.016637101769447327, 0.01914423331618309, 0.021651364862918854, 0.024158496409654617, 0.02666562795639038, 0.029172759503126144, 0.03167989104986191, 0.03418702259659767, 0.036694154143333435, 0.0392012856900692, 0.04170841723680496, 0.044215548783540726, 0.04672268033027649, 0.04922981187701225, 0.051736943423748016, 0.05424407497048378, 0.05675120651721954, 0.05925833806395531, 0.06176546961069107, 0.06427259743213654, 0.0667797327041626, 0.06928686797618866, 0.07179399579763412, 0.07430112361907959, 0.07680825889110565, 0.07931539416313171, 0.08182252198457718, 0.08432964980602264, 0.0868367850780487]}, "gradients/conv2.0.bias": {"_type": "histogram", "values": [2.0, 0.0, 1.0, 0.0, 1.0, 0.0, 0.0, 0.0, 1.0, 0.0, 0.0, 0.0, 0.0, 0.0, 0.0, 2.0, 0.0, 0.0, 1.0, 0.0, 0.0, 1.0, 0.0, 1.0, 1.0, 1.0, 0.0, 0.0, 1.0, 1.0, 2.0, 1.0, 1.0, 0.0, 0.0, 0.0, 1.0, 2.0, 1.0, 0.0, 0.0, 0.0, 1.0, 0.0, 1.0, 0.0, 3.0, 1.0, 0.0, 1.0, 0.0, 1.0, 0.0, 0.0, 0.0, 0.0, 0.0, 0.0, 0.0, 0.0, 0.0, 1.0, 0.0, 1.0], "bins": [-0.007013614289462566, -0.006737366318702698, -0.0064611188136041164, -0.006184870842844248, -0.005908622872084379, -0.005632375366985798, -0.005356127396225929, -0.005079879425466061, -0.004803631454706192, -0.004527383483946323, -0.004251135978847742, -0.0039748880080878735, -0.003698640037328005, -0.00342239229939878, -0.003146144561469555, -0.0028698965907096863, -0.002593649085611105, -0.00231740134768188, -0.0020411533769220114, -0.0017649056389927864, -0.0014886577846482396, -0.0012124099303036928, -0.0009361621923744678, -0.0006599143380299211, -0.0003836667165160179, -0.00010741889127530158, 0.00016882893396541476, 0.00044507673010230064, 0.0007213245844468474, 0.0009975724387913942, 0.0012738201767206192, 0.001550068031065166, 0.0018263161182403564, 0.0021025638561695814, 0.00237881182692945, 0.002655059564858675, 0.0029313075356185436, 0.0032075552735477686, 0.0034838030114769936, 0.003760050982236862, 0.004036298952996731, 0.004312546923756599, 0.004588794428855181, 0.004865042399615049, 0.005141290370374918, 0.005417537875473499, 0.005693785846233368, 0.0059700338169932365, 0.006246281322091818, 0.0065225292928516865, 0.006798776797950268, 0.007075024768710136, 0.007351272739470005, 0.007627520710229874, 0.007903767749667168, 0.008180015720427036, 0.008456263691186905, 0.008732511661946774, 0.009008759632706642, 0.009285006672143936, 0.009561254642903805, 0.009837502613663673, 0.010113750584423542, 0.01038999855518341, 0.01066624652594328]}, "gradients/conv1.0.weight": {"_type": "histogram", "values": [2.0, 0.0, 1.0, 0.0, 0.0, 0.0, 0.0, 1.0, 0.0, 1.0, 0.0, 0.0, 1.0, 1.0, 0.0, 0.0, 2.0, 0.0, 4.0, 1.0, 3.0, 1.0, 2.0, 0.0, 0.0, 6.0, 7.0, 7.0, 12.0, 8.0, 11.0, 17.0, 21.0, 21.0, 19.0, 23.0, 14.0, 12.0, 57.0, 15.0, 16.0, 17.0, 15.0, 10.0, 5.0, 6.0, 6.0, 4.0, 6.0, 2.0, 5.0, 4.0, 4.0, 4.0, 4.0, 5.0, 6.0, 3.0, 3.0, 3.0, 0.0, 0.0, 1.0, 1.0],