{"gradients/out.bias": {"_type": "histogram", "values": [1.0, 0.0, 0.0, 0.0, 1.0, 0.0, 0.0, 0.0, 0.0, 0.0, 0.0, 0.0, 0.0, 0.0, 0.0, 0.0, 0.0, 0.0, 0.0, 0.0, 0.0, 1.0, 1.0, 4.0, 1.0, 0.0, 0.0, 0.0, 0.0, 0.0, 0.0, 0.0, 0.0, 0.0, 0.0, 0.0, 0.0, 0.0, 0.0, 0.0, 0.0, 0.0, 0.0, 0.0, 0.0, 0.0, 0.0, 0.0, 0.0, 0.0, 0.0, 0.0, 0.0, 0.0, 0.0, 0.0, 0.0, 0.0, 0.0, 0.0, 0.0, 0.0, 0.0, 1.0], "bins": [-0.008202724158763885, -0.007845999673008919, -0.007489275652915239, -0.007132551167160273, -0.006775826681405306, -0.0064191026613116264, -0.00606237817555666, -0.005705653689801693, -0.005348929204046726, -0.0049922047182917595, -0.00463548069819808, -0.004278756212443113, -0.003922031726688147, -0.0035653074737638235, -0.0032085832208395004, -0.0028518587350845337, -0.0024951347149908543, -0.002138410462066531, -0.0017816859763115644, -0.0014249617233872414, -0.0010682373540475965, -0.0007115129847079515, -0.00035478873178362846, 1.935753971338272e-06, 0.0003586597740650177, 0.0007153841434046626, 0.0010721085127443075, 0.0014288327656686306, 0.0017855571350082755, 0.0021422815043479204, 0.0024990057572722435, 0.0028557302430272102, 0.003212454728782177, 0.0035691789817065, 0.003925903234630823, 0.00428262772038579, 0.004639352206140757, 0.004996076226234436, 0.005352800711989403, 0.0057095251977443695, 0.006066249683499336, 0.006422974169254303, 0.006779698189347982, 0.007136422675102949, 0.007493147160857916, 0.007849871180951595, 0.008206595666706562, 0.008563320152461529, 0.008920043706893921, 0.009276768192648888, 0.009633492678403854, 0.009990217164158821, 0.010346940718591213, 0.01070366520434618, 0.011060389690101147, 0.011417114175856113, 0.01177383866161108, 0.012130563147366047, 0.012487287633121014, 0.012844011187553406, 0.013200735673308372, 0.01355746015906334, 0.013914184644818306, 0.014270909130573273, 0.01462763361632824]}, "gradients/out.weight": {"_type": "histogram", "values": [1.0, 1.0, 1.0, 4.0, 3.0, 4.0, 2.0, 4.0, 2.0, 7.0, 7.0, 6.0, 7.0, 19.0, 15.0, 23.0, 30.0, 18.0, 36.0, 62.0, 68.0, 99.0, 118.0, 135.0, 200.0, 528.0, 13431.0, 210.0, 101.0, 77.0, 78.0, 55.0, 55.0, 47.0, 28.0, 28.0, 33.0, 21.0, 17.0, 20.0, 13.0, 13.0, 8.0, 10.0, 6.0, 3.0, 5.0, 4.0, 3.0, 3.0, 3.0, 3.0, 1.0, 1.0, 1.0, 0.0, 0.0, 0.0, 0.0, 1.0, 0.0, 0.0, 0.0, 1.0], "bins": [-0.07913017272949219, -0.07612552493810654, -0.07312087714672089, -0.07011622190475464, -0.06711157411336899, -0.06410692632198334, -0.06110227480530739, -0.05809762328863144, -0.05509297549724579, -0.05208832770586014, -0.04908367618918419, -0.04607902467250824, -0.04307437688112259, -0.04006972908973694, -0.03706507757306099, -0.03406042605638504, -0.03105577826499939, -0.02805112861096859, -0.02504647895693779, -0.02204182930290699, -0.01903717964887619, -0.01603252999484539, -0.01302788034081459, -0.01002323068678379, -0.007018581032752991, -0.004013931378722191, -0.001009281724691391, 0.001995367929339409, 0.005000017583370209, 0.008004667237401009, 0.011009316891431808, 0.014013966545462608, 0.017018623650074005, 0.020023273304104805, 0.023027922958135605, 0.026032572612166405, 0.029037222266197205, 0.032041870057582855, 0.035046521574258804, 0.03805117309093475, 0.041055820882320404, 0.044060468673706055, 0.047065120190382004, 0.05006977170705795, 0.053074419498443604, 0.056079067289829254, 0.0590837188065052, 0.06208837032318115, 0.0650930181145668, 0.06809766590595245, 0.0711023211479187, 0.07410696893930435, 0.07711161673069, 0.08011626452207565, 0.0831209123134613, 0.08612556755542755, 0.0891302153468132, 0.09213486313819885, 0.0951395183801651, 0.09814416617155075, 0.1011488139629364, 0.10415346175432205, 0.1071581095457077, 0.11016276478767395, 0.1131674125790596]}, "gradients/conv2.0.weight": {"_type": "histogram", "values": [3.0, 1.0, 0.0, 3.0, 1.0, 2.0, 5.0, 4.0, 2.0, 6.0, 8.0, 15.0, 22.0, 19.0, 29.0, 30.0, 45.0, 56.0, 107.0, 116.0, 159.0, 167.0, 261.0, 353.0, 515.0, 715.0, 919.0, 1604.0, 4521.0, 1088.0, 603.0, 388.0, 272.0, 149.0, 141.0, 86.0, 82.0, 65.0, 47.0, 44.0, 31.0, 22.0, 15.0, 15.0, 13.0, 11.0, 9.0, 7.0, 4.0, 4.0, 3.0, 3.0, 3.0, 1.0, 2.0, 1.0, 1.0, 0.0, 0.0, 0.0, 0.0, 0.0, 0.0, 2.0], "bins": [-0.034851476550102234, -0.033617280423641205, -0.032383088022470474, -0.031148893758654594, -0.029914699494838715, -0.028680505231022835, -0.027446310967206955, -0.026212116703391075, -0.024977922439575195, -0.023743728175759315, -0.022509533911943436, -0.021275339648127556, -0.020041145384311676, -0.018806951120495796, -0.017572756856679916, -0.016338562592864037, -0.015104368329048157, -0.013870174065232277, -0.012635979801416397, -0.011401785537600517, -0.010167591273784637, -0.008933397009968758, -0.007699202746152878, -0.006465008482336998, -0.005230814218521118, -0.003996619954705238, -0.0027624256908893585, -0.0015282314270734787, -0.0002940371632575989, 0.0009401571005582809, 0.0021743513643741608, 0.0034085456281900406, 0.00464273989200592, 0.0058769341558218, 0.00711112841963768, 0.00834532268345356, 0.00957951694726944, 0.01081371121108532, 0.0120479054749012, 0.01328209973871708, 0.014516294002532959, 0.01575048826634884, 0.01698468253016472, 0.0182188767939806, 0.01945307105779648, 0.020687265321612358, 0.021921459585428238, 0.023155653849244118, 0.024389848113059998, 0.025624042376875877, 0.026858236640691757, 0.028092430904507637, 0.029326625168323517, 0.030560819432139397, 0.031795013695955276, 0.03302920609712601, 0.034263402223587036, 0.035497598350048065, 0.036731790751218796, 0.037965983152389526, 0.039200179278850555, 0.040434375405311584, 0.041668567806482315, 0.042902760207653046, 0.044136956334114075]}, "gradients/conv2.0.bias": {"_type": "histogram", "values": [2.0, 0.0, 0.0, 0.0, 0.0, 0.0, 0.0, 0.0, 0.0, 1.0, 1.0, 1.0, 0.0, 1.0, 1.0, 0.0, 0.0, 1.0, 0.0, 0.0, 0.0, 0.0, 0.0, 0.0, 1.0, 1.0, 1.0, 0.0, 0.0, 3.0, 0.0, 1.0, 2.0, 0.0, 3.0, 2.0, 1.0, 1.0, 0.0, 0.0, 2.0, 1.0, 0.0, 0.0, 0.0, 0.0, 0.0, 0.0, 0.0, 1.0, 0.0, 0.0, 0.0, 0.0, 2.0, 0.0, 1.0, 0.0, 0.0, 0.0, 0.0, 0.0, 0.0, 1.0], "bins": [-0.00955897942185402, -0.009227347560226917, -0.00889571662992239, -0.008564084768295288, -0.008232452906668186, -0.007900821045041084, -0.007569190114736557, -0.007237558253109455, -0.0069059268571436405, -0.006574295461177826, -0.006242663599550724, -0.0059110322035849094, -0.005579400807619095, -0.005247768945991993, -0.004916137550026178, -0.004584506154060364, -0.004252874292433262, -0.003921242896467447, -0.0035896110348403454, -0.003257979638874531, -0.0029263480100780725, -0.0025947163812816143, -0.0022630849853157997, -0.0019314533565193415, -0.0015998221933841705, -0.0012681905645877123, -0.0009365590522065759, -0.0006049275398254395, -0.0002732959110289812, 5.8335717767477036e-05, 0.0003899671137332916, 0.0007215987425297499, 0.00105323176831007, 0.0013848633971065283, 0.0017164949094876647, 0.002048126421868801, 0.0023797580506652594, 0.0027113896794617176, 0.003043021075427532, 0.0033746527042239904, 0.003706284798681736, 0.004037916194647551, 0.0043695480562746525, 0.004701179452240467, 0.005032811313867569, 0.0053644427098333836, 0.005696074105799198, 0.0060277059674263, 0.006359336897730827, 0.006690968293696642, 0.007022600155323744, 0.007354231551289558, 0.00768586341291666, 0.008017495274543762, 0.00834912620484829, 0.008680758066475391, 0.009012389928102493, 0.009344021789729595, 0.009675652720034122, 0.010007284581661224, 0.010338916443288326, 0.010670548304915428, 0.011002179235219955, 0.011333811096847057, 0.011665442027151585]}, "gradients/conv1.0.weight": {"_type": "histogram", "values": [2.0, 0.0, 0.0, 0.0, 0.0, 0.0, 0.0, 0.0, 4.0, 0.0, 1.0, 0.0, 1.0, 2.0, 0.0, 1.0, 1.0, 0.0, 1.0, 2.0, 3.0, 5.0, 6.0, 6.0, 1.0, 1.0, 6.0, 6.0, 5.0, 10.0, 14.0, 16.0, 11.0, 20.0, 49.0, 26.0, 22.0, 19.0, 9.0, 10.0, 11.0, 12.0, 13.0, 13.0, 8.0, 9.0, 17.0, 8.0, 7.0, 8.0, 6.0, 5.0, 4.0, 5.0, 5.0, 3.0, 1.0, 1.0, 2.0, 0.0, 0.0, 0.0, 1.0, 1.0],