{"gradients/out.bias": {"_type": "histogram", "values": [1.0, 0.0, 0.0, 0.0, 1.0, 0.0, 0.0, 0.0, 0.0, 0.0, 0.0, 0.0, 0.0, 0.0, 0.0, 0.0, 0.0, 0.0, 0.0, 0.0, 0.0, 0.0, 0.0, 0.0, 0.0, 0.0, 4.0, 2.0, 0.0, 0.0, 0.0, 0.0, 0.0, 0.0, 1.0, 0.0, 0.0, 0.0, 0.0, 0.0, 0.0, 0.0, 0.0, 0.0, 0.0, 0.0, 0.0, 0.0, 0.0, 0.0, 0.0, 0.0, 0.0, 0.0, 0.0, 0.0, 0.0, 0.0, 0.0, 0.0, 0.0, 0.0, 0.0, 1.0], "bins": [-0.0001529548317193985, -0.00014715950237587094, -0.0001413641730323434, -0.00013556884368881583, -0.00012977351434528828, -0.00012397818500176072, -0.00011818285565823317, -0.00011238752631470561, -0.00010659219697117805, -0.0001007968676276505, -9.500153828412294e-05, -8.920620894059539e-05, -8.341087959706783e-05, -7.761555025354028e-05, -7.182022091001272e-05, -6.602489156648517e-05, -6.022956222295761e-05, -5.4434232879430056e-05, -4.86389035359025e-05, -4.2843574192374945e-05, -3.704824484884739e-05, -3.1252915505319834e-05, -2.5457586161792278e-05, -1.9662256818264723e-05, -1.3866927474737167e-05, -8.071598131209612e-06, -2.2762687876820564e-06, 3.519060555845499e-06, 9.314389899373055e-06, 1.510971924290061e-05, 2.0905048586428165e-05, 2.670037792995572e-05, 3.249569272156805e-05, 3.8291022065095603e-05, 4.408635140862316e-05, 4.9881680752150714e-05, 5.567701009567827e-05, 6.147233943920583e-05, 6.726766878273338e-05, 7.306299812626094e-05, 7.885832746978849e-05, 8.465365681331605e-05, 9.04489861568436e-05, 9.624431550037116e-05, 0.00010203964484389871, 0.00010783497418742627, 0.00011363030353095382, 0.00011942563287448138, 0.00012522096221800894, 0.0001310162915615365, 0.00013681162090506405, 0.0001426069502485916, 0.00014840227959211916, 0.0001541976089356467, 0.00015999293827917427, 0.00016578826762270182, 0.00017158359696622938, 0.00017737892630975693, 0.0001831742556532845, 0.00018896958499681205, 0.0001947649143403396, 0.00020056024368386716, 0.0002063555730273947, 0.00021215090237092227, 0.00021794623171444982]}, "gradients/out.weight": {"_type": "histogram", "values": [1.0, 0.0, 0.0, 0.0, 0.0, 0.0, 0.0, 1.0, 1.0, 0.0, 0.0, 0.0, 0.0, 0.0, 0.0, 0.0, 0.0, 0.0, 0.0, 1.0, 1.0, 2.0, 7.0, 3.0, 5.0, 4.0, 6.0, 11.0, 11.0, 17.0, 20.0, 73.0, 15365.0, 77.0, 19.0, 10.0, 8.0, 9.0, 3.0, 6.0, 4.0, 2.0, 3.0, 1.0, 2.0, 2.0, 1.0, 1.0, 0.0, 0.0, 0.0, 0.0, 0.0, 0.0, 0.0, 1.0, 1.0, 0.0, 0.0, 0.0, 0.0, 0.0, 0.0, 1.0], "bins": [-0.0025727213360369205, -0.0024933465756475925, -0.0024139718152582645, -0.0023345970548689365, -0.0022552222944796085, -0.002175847766920924, -0.002096473006531596, -0.002017098246142268, -0.0019377234857529402, -0.0018583487253636122, -0.0017789739649742842, -0.001699599321000278, -0.00162022456061095, -0.001540849800221622, -0.0014614751562476158, -0.0013821003958582878, -0.0013027256354689598, -0.0012233508750796318, -0.0011439761146903038, -0.0010646014707162976, -0.0009852267103269696, -0.0009058519499376416, -0.0008264772477559745, -0.0007471025455743074, -0.0006677277851849794, -0.0005883530247956514, -0.0005089783226139843, -0.0004296035913284868, -0.00035022886004298925, -0.0002708541287574917, -0.00019147939747199416, -0.00011210469529032707, -3.2729702070355415e-05, 4.664502921514213e-05, 0.00012601976050063968, 0.00020539449178613722, 0.00028476922307163477, 0.0003641439543571323, 0.00044351868564262986, 0.000522893387824297, 0.000602268148213625, 0.000681642908602953, 0.00076101761078462, 0.0008403923129662871, 0.0009197670733556151, 0.0009991418337449431, 0.0010785164777189493, 0.0011578912381082773, 0.0012372659984976053, 0.0013166407588869333, 0.0013960155192762613, 0.0014753901632502675, 0.0015547649236395955, 0.0016341396840289235, 0.0017135143280029297, 0.0017928890883922577, 0.0018722638487815857, 0.0019516386091709137, 0.0020310133695602417, 0.0021103881299495697, 0.0021897628903388977, 0.002269137417897582, 0.00234851217828691, 0.002427886938676238, 0.002507261699065566]}, "gradients/conv2.0.weight": {"_type": "histogram", "values": [1.0, 0.0, 1.0, 0.0, 0.0, 0.0, 2.0, 1.0, 0.0, 1.0, 2.0, 4.0, 5.0, 4.0, 6.0, 3.0, 7.0, 12.0, 9.0, 8.0, 14.0, 18.0, 12.0, 21.0, 40.0, 41.0, 38.0, 61.0, 85.0, 102.0, 135.0, 220.0, 11325.0, 187.0, 95.0, 66.0, 50.0, 47.0, 39.0, 25.0, 24.0, 19.0, 6.0, 14.0, 4.0, 7.0, 8.0, 3.0, 6.0, 2.0, 3.0, 5.0, 2.0, 4.0, 1.0, 1.0, 0.0, 0.0, 1.0, 0.0, 1.0, 0.0, 1.0, 1.0], "bins": [-0.000715474714525044, -0.000693444861099124, -0.0006714150076732039, -0.000649385096039623, -0.000627355242613703, -0.000605325389187783, -0.0005832954775542021, -0.0005612656241282821, -0.0005392357707023621, -0.000517205917276442, -0.000495176063850522, -0.0004731461522169411, -0.0004511162987910211, -0.0004290864453651011, -0.00040705656283535063, -0.00038502668030560017, -0.00036299682687968016, -0.00034096697345376015, -0.0003189370909240097, -0.0002969072083942592, -0.0002748773549683392, -0.0002528475015424192, -0.00023081761901266873, -0.0002087877510348335, -0.00018675788305699825, -0.00016472801507916301, -0.00014269814710132778, -0.00012066827912349254, -9.86384111456573e-05, -7.660854316782206e-05, -5.4578675189986825e-05, -3.254880721215159e-05, -1.0518881026655436e-05, 1.1510986951179802e-05, 3.354085492901504e-05, 5.557072290685028e-05, 7.760059088468552e-05, 9.963045886252075e-05, 0.00012166032684035599, 0.00014369019481819123, 0.00016572006279602647, 0.0001877499307738617, 0.00020977979875169694, 0.00023180966672953218, 0.0002538395347073674, 0.00027586938813328743, 0.0002978992706630379, 0.00031992915319278836, 0.00034195900661870837, 0.0003639888600446284, 0.00038601874257437885, 0.0004080486251041293, 0.0004300784785300493, 0.00045210833195596933, 0.0004741382144857198, 0.0004961680970154703, 0.0005181979504413903, 0.0005402278038673103, 0.0005622577155008912, 0.0005842875689268112, 0.0006063174223527312, 0.0006283472757786512, 0.0006503771292045712, 0.0006724070408381522, 0.0006944368942640722]}, "gradients/conv2.0.bias": {"_type": "histogram", "values": [1.0, 0.0, 0.0, 0.0, 0.0, 1.0, 0.0, 0.0, 0.0, 0.0, 0.0, 0.0, 0.0, 0.0, 0.0, 0.0, 0.0, 0.0, 0.0, 0.0, 0.0, 0.0, 0.0, 0.0, 0.0, 0.0, 0.0, 0.0, 0.0, 0.0, 0.0, 0.0, 0.0, 0.0, 1.0, 0.0, 0.0, 0.0, 0.0, 0.0, 0.0, 0.0, 25.0, 1.0, 1.0, 1.0, 0.0, 0.0, 0.0, 0.0, 0.0, 0.0, 0.0, 0.0, 0.0, 0.0, 0.0, 0.0, 0.0, 0.0, 0.0, 0.0, 0.0, 1.0], "bins": [-0.001332031562924385, -0.001300715608522296, -0.0012693996541202068, -0.0012380836997181177, -0.0012067676289007068, -0.0011754516744986176, -0.0011441357200965285, -0.0011128197656944394, -0.0010815038112923503, -0.0010501878568902612, -0.001018871902488172, -0.000987555831670761, -0.0009562399354763329, -0.0009249239228665829, -0.0008936079684644938, -0.0008622920140624046, -0.0008309760014526546, -0.0007996600470505655, -0.0007683440344408154, -0.0007370280800387263, -0.0007057121256366372, -0.0006743961712345481, -0.0006430801586247981, -0.0006117642042227089, -0.0005804481916129589, -0.0005491322372108698, -0.0005178162246011198, -0.00048650027019903064, -0.0004551843157969415, -0.00042386833229102194, -0.00039255234878510237, -0.00036123639438301325, -0.00032992043998092413, -0.00029860445647500455, -0.00026728850207291543, -0.00023597251856699586, -0.0002046565496129915, -0.00017334058065898716, -0.0001420245971530676, -0.00011070862819906324, -7.939268834888935e-05, -4.8076715756906196e-05, -1.6760743164923042e-05, 1.455523306503892e-05, 4.587120201904327e-05, 7.718717097304761e-05, 0.00010850315447896719, 0.00013981912343297154, 0.00017113512149080634, 0.0002024510904448107, 0.00023376705939881504, 0.0002650830429047346, 0.00029639899730682373, 0.0003277149808127433, 0.0003590309643186629, 0.000390346918720752, 0.0004216629022266716, 0.00045297888573259115, 0.00048429484013468027, 0.0005156107945367694, 0.0005469268071465194, 0.0005782427615486085, 0.0006095587741583586, 0.0006408747285604477, 0.0006721906829625368]}, "gradients/conv1.0.weight": {"_type": "histogram",