{"gradients/out.bias": {"_type": "histogram", "values": [1.0, 0.0, 0.0, 0.0, 0.0, 0.0, 0.0, 0.0, 0.0, 0.0, 0.0, 0.0, 0.0, 0.0, 0.0, 0.0, 0.0, 0.0, 0.0, 0.0, 0.0, 0.0, 0.0, 0.0, 0.0, 0.0, 0.0, 0.0, 0.0, 0.0, 1.0, 6.0, 1.0, 0.0, 0.0, 0.0, 0.0, 0.0, 0.0, 0.0, 0.0, 0.0, 0.0, 0.0, 0.0, 0.0, 0.0, 0.0, 0.0, 0.0, 0.0, 0.0, 0.0, 0.0, 0.0, 0.0, 0.0, 0.0, 0.0, 0.0, 0.0, 0.0, 0.0, 1.0], "bins": [-0.011719920672476292, -0.01135050319135189, -0.010981086641550064, -0.010611669160425663, -0.010242252610623837, -0.009872835129499435, -0.009503418579697609, -0.009134001098573208, -0.008764583617448807, -0.008395166136324406, -0.00802574958652258, -0.007656332105398178, -0.007286915555596352, -0.0069174980744719505, -0.006548081059008837, -0.006178664043545723, -0.0058092474937438965, -0.005439830478280783, -0.005070413462817669, -0.004700995981693268, -0.004331579431891441, -0.00396216195076704, -0.0035927449353039265, -0.0032233279198408127, -0.0028539104387164116, -0.002484493423253298, -0.002115076407790184, -0.0017456591594964266, -0.0013762421440333128, -0.001006825128570199, -0.0006374078802764416, -0.0002679908648133278, 0.00010142568498849869, 0.0004708427586592734, 0.0008402598323300481, 0.0012096769642084837, 0.0015790939796715975, 0.0019485109951347113, 0.0023179282434284687, 0.0026873452588915825, 0.003056761808693409, 0.0034261788241565228, 0.0037955958396196365, 0.004165013320744038, 0.004534429870545864, 0.004903847351670265, 0.005273264367133379, 0.005642681382596493, 0.006012098863720894, 0.006381515879184008, 0.006750932894647121, 0.0071203503757715225, 0.007489766925573349, 0.00785918440669775, 0.008228601887822151, 0.008598018437623978, 0.008967434987425804, 0.009336852468550205, 0.009706269018352032, 0.010075686499476433, 0.01044510304927826, 0.01081452053040266, 0.011183938011527061, 0.011553354561328888, 0.011922772042453289]}, "gradients/out.weight": {"_type": "histogram", "values": [1.0, 0.0, 2.0, 0.0, 0.0, 0.0, 0.0, 0.0, 2.0, 1.0, 0.0, 1.0, 2.0, 6.0, 2.0, 5.0, 4.0, 3.0, 7.0, 12.0, 7.0, 11.0, 9.0, 17.0, 11.0, 12.0, 20.0, 18.0, 24.0, 29.0, 40.0, 14729.0, 460.0, 38.0, 30.0, 24.0, 20.0, 17.0, 12.0, 11.0, 18.0, 9.0, 11.0, 7.0, 13.0, 6.0, 3.0, 4.0, 5.0, 3.0, 5.0, 2.0, 1.0, 0.0, 1.0, 2.0, 0.0, 0.0, 0.0, 0.0, 0.0, 2.0, 0.0, 1.0], "bins": [-0.09023237973451614, -0.08741097152233124, -0.08458957076072693, -0.08176816254854202, -0.07894675433635712, -0.07612535357475281, -0.0733039453625679, -0.070482537150383, -0.06766113638877869, -0.06483972817659378, -0.06201832368969917, -0.059196919202804565, -0.05637551099061966, -0.05355410650372505, -0.050732702016830444, -0.04791129380464554, -0.04508988559246063, -0.042268481105566025, -0.03944707289338112, -0.03662566840648651, -0.033804260194301605, -0.030982855707406998, -0.02816145122051239, -0.025340044870972633, -0.022518642246723175, -0.01969723589718342, -0.01687582954764366, -0.014054425060749054, -0.011233018711209297, -0.00841161236166954, -0.005590207874774933, -0.002768801525235176, 5.2601099014282227e-05, 0.0028740069828927517, 0.005695412866771221, 0.008516818284988403, 0.01133822463452816, 0.014159630984067917, 0.016981035470962524, 0.01980244182050228, 0.022623851895332336, 0.025445258244872093, 0.02826666459441185, 0.031088069081306458, 0.033909477293491364, 0.03673088178038597, 0.03955228626728058, 0.042373694479465485, 0.045195095241069794, 0.0480164997279644, 0.05083790794014931, 0.053659312427043915, 0.05648072063922882, 0.05930212512612343, 0.062123529613018036, 0.06494493782520294, 0.06776633858680725, 0.07058774679899216, 0.07340914756059647, 0.07623055577278137, 0.07905196398496628, 0.08187337219715118, 0.0846947729587555, 0.0875161811709404, 0.0903375893831253]}, "gradients/conv2.0.weight": {"_type": "histogram", "values": [1.0, 0.0, 0.0, 1.0, 0.0, 0.0, 0.0, 1.0, 0.0, 0.0, 1.0, 3.0, 2.0, 5.0, 2.0, 5.0, 1.0, 8.0, 10.0, 15.0, 13.0, 11.0, 15.0, 36.0, 49.0, 66.0, 86.0, 95.0, 129.0, 136.0, 206.0, 277.0, 388.0, 575.0, 738.0, 1434.0, 5514.0, 985.0, 586.0, 359.0, 257.0, 183.0, 142.0, 110.0, 81.0, 52.0, 55.0, 37.0, 30.0, 25.0, 19.0, 14.0, 12.0, 5.0, 7.0, 1.0, 4.0, 4.0, 4.0, 1.0, 3.0, 0.0, 0.0, 1.0], "bins": [-0.02981194108724594, -0.028989508748054504, -0.028167076408863068, -0.02734464406967163, -0.026522211730480194, -0.025699779391288757, -0.02487734705209732, -0.024054914712905884, -0.023232482373714447, -0.02241005003452301, -0.021587617695331573, -0.020765185356140137, -0.0199427530169487, -0.019120320677757263, -0.018297888338565826, -0.01747545599937439, -0.016653023660182953, -0.015830591320991516, -0.01500815898180008, -0.014185726642608643, -0.013363294303417206, -0.012540861964225769, -0.011718429625034332, -0.010895997285842896, -0.01007356308400631, -0.009251130744814873, -0.008428698405623436, -0.007606266066431999, -0.0067838337272405624, -0.005961400922387838, -0.005138968583196402, -0.004316536244004965, -0.0034941043704748154, -0.0026716720312833786, -0.00184923957567662, -0.0010268071200698614, -0.00020437478087842464, 0.0006180577911436558, 0.0014404901303350925, 0.0022629224695265293, 0.0030853543430566788, 0.0039077866822481155, 0.004730219021439552, 0.005552651360630989, 0.006375083699822426, 0.00719751650467515, 0.0080199483782053, 0.008842380717396736, 0.009664813987910748, 0.010487246327102184, 0.011309678666293621, 0.012132111005485058, 0.012954543344676495, 0.013776976615190506, 0.014599408954381943, 0.01542184129357338, 0.016244273632764816, 0.017066705971956253, 0.01788913831114769, 0.018711570650339127, 0.019534002989530563, 0.020356435328722, 0.021178867667913437, 0.022001300007104874, 0.02282373234629631]}, "gradients/conv2.0.bias": {"_type": "histogram", "values": [1.0, 0.0, 1.0, 0.0, 1.0, 0.0, 0.0, 0.0, 0.0, 0.0, 1.0, 0.0, 0.0, 1.0, 0.0, 1.0, 2.0, 1.0, 1.0, 2.0, 2.0, 0.0, 2.0, 2.0, 1.0, 0.0, 0.0, 0.0, 0.0, 2.0, 3.0, 3.0, 1.0, 0.0, 0.0, 0.0, 0.0, 0.0, 0.0, 1.0, 1.0, 1.0, 0.0, 0.0, 0.0, 0.0, 0.0, 0.0, 0.0, 0.0, 0.0, 0.0, 0.0, 0.0, 0.0, 0.0, 0.0, 0.0, 0.0, 0.0, 0.0, 0.0, 0.0, 1.0], "bins": [-0.018682001158595085, -0.0178755521774292, -0.017069103196263313, -0.016262654215097427, -0.015456204302608967, -0.014649755321443081, -0.01384330540895462, -0.013036856427788734, -0.012230407446622849, -0.011423958465456963, -0.010617509484291077, -0.009811059571802616, -0.00900461059063673, -0.008198161609470844, -0.007391712162643671, -0.006585262715816498, -0.005778813734650612, -0.004972364753484726, -0.004165915306657553, -0.003359466092661023, -0.0025530168786644936, -0.0017465678974986076, -0.0009401184506714344, -0.00013366900384426117, 0.0006727799773216248, 0.0014792291913181543, 0.002285678405314684, 0.0030921276193112135, 0.003898576833307743, 0.004705025814473629, 0.005511475261300802, 0.0063179247081279755, 0.007124375551939011, 0.007930824533104897, 0.008737273514270782, 0.009543723426759243, 0.010350172407925129, 0.011156621389091015, 0.011963071301579475, 0.012769520282745361, 0.013575969263911247, 0.014382418245077133, 0.015188867226243019, 0.015995316207408905, 0.01680176705121994, 0.017608214169740677, 0.018414665013551712, 0.019221113994717598, 0.020027562975883484, 0.02083401195704937, 0.021640460938215256, 0.02244690991938114, 0.023253358900547028, 0.024059809744358063, 0.02486625872552395, 0.025672707706689835, 0.02647915668785572, 0.027285605669021606, 0.028092054650187492, 0.02889850363135338, 0.029704954475164413, 0.03051140159368515, 0.031317852437496185, 0.03212430328130722, 0.03293075039982796]}, "gradients/conv1.0.weight": {"_type": "histogram", "values": [1.0, 0.0, 1.0, 0.0, 0.0, 0.0, 1.0, 1.0, 0.0, 0.0, 0.0, 2.0, 2.0, 2.0, 2.0, 1.0, 4.0, 4.0, 3.0, 1.0, 5.0, 6.0, 6.0, 9.0, 7.0, 8.0, 8.0, 8.0, 11.0, 19.0, 17.0, 22.0, 19.0, 65.0, 34.0, 17.0, 15.0, 12.0, 10.0, 12.0, 3.0, 7.0, 8.0, 9.0, 2.0, 4.0, 5.0, 4.0, 5.0, 4.0, 3.0, 3.0, 3.0, 2.0, 0.0, 0.0, 1.0, 0.0, 0.0, 0.0, 0.0, 1.0, 0.0, 1.0],