{"gradients/out.bias": {"_type": "histogram", "values": [1.0, 0.0, 0.0, 0.0, 0.0, 0.0, 0.0, 0.0, 0.0, 0.0, 0.0, 0.0, 0.0, 0.0, 0.0, 0.0, 0.0, 0.0, 0.0, 0.0, 0.0, 0.0, 0.0, 0.0, 0.0, 0.0, 0.0, 0.0, 0.0, 0.0, 0.0, 0.0, 0.0, 0.0, 0.0, 0.0, 0.0, 1.0, 2.0, 2.0, 1.0, 1.0, 1.0, 0.0, 0.0, 0.0, 0.0, 0.0, 0.0, 0.0, 0.0, 0.0, 0.0, 0.0, 0.0, 0.0, 0.0, 0.0, 0.0, 0.0, 0.0, 0.0, 0.0, 1.0], "bins": [-0.0035166728775948286, -0.003424790222197771, -0.003332907799631357, -0.0032410251442342997, -0.003149142488837242, -0.0030572600662708282, -0.0029653774108737707, -0.002873494755476713, -0.0027816123329102993, -0.0026897296775132418, -0.002597847254946828, -0.0025059645995497704, -0.0024140821769833565, -0.002322199521586299, -0.0022303168661892414, -0.0021384344436228275, -0.00204655178822577, -0.0019546691328287125, -0.0018627867102622986, -0.001770904054865241, -0.0016790215158835053, -0.0015871389769017696, -0.001495256321504712, -0.0014033737825229764, -0.0013114912435412407, -0.001219608704559505, -0.0011277261655777693, -0.0010358435101807117, -0.000943960971198976, -0.0008520784322172403, -0.0007601958350278437, -0.0006683132378384471, -0.0005764304660260677, -0.00048454789794050157, -0.0003926653298549354, -0.00030078276176936924, -0.00020890019368380308, -0.00011701762559823692, -2.5135057512670755e-05, 6.674753967672586e-05, 0.00015863007865846157, 0.00025051264674402773, 0.0003423952148295939, 0.00043427778291516006, 0.0005261603510007262, 0.0006180428899824619, 0.0007099254871718585, 0.0008018080843612552, 0.0008936906233429909, 0.0009855731623247266, 0.0010774557013064623, 0.0011693383567035198, 0.0012612208956852555, 0.0013531034346669912, 0.0014449860900640488, 0.0015368686290457845, 0.0016287511680275202, 0.0017206337070092559, 0.0018125162459909916, 0.0019043989013880491, 0.0019962815567851067, 0.0020881639793515205, 0.002180046634748578, 0.0022719292901456356, 0.0023638117127120495]}, "gradients/out.weight": {"_type": "histogram", "values": [1.0, 0.0, 1.0, 0.0, 1.0, 0.0, 1.0, 2.0, 0.0, 0.0, 1.0, 1.0, 1.0, 1.0, 2.0, 1.0, 6.0, 5.0, 6.0, 7.0, 5.0, 5.0, 8.0, 10.0, 9.0, 13.0, 17.0, 21.0, 25.0, 27.0, 23.0, 34.0, 35.0, 39.0, 58.0, 68.0, 118.0, 221.0, 8999.0, 4860.0, 531.0, 168.0, 87.0, 57.0, 37.0, 41.0, 33.0, 21.0, 12.0, 17.0, 6.0, 11.0, 8.0, 6.0, 3.0, 2.0, 1.0, 1.0, 2.0, 1.0, 0.0, 1.0, 1.0, 1.0], "bins": [-0.025362862274050713, -0.024711748585104942, -0.024060634896159172, -0.023409521207213402, -0.02275840751826763, -0.02210729382932186, -0.02145618200302124, -0.02080506831407547, -0.0201539546251297, -0.01950284093618393, -0.01885172724723816, -0.01820061355829239, -0.01754949986934662, -0.01689838618040085, -0.016247272491455078, -0.015596159733831882, -0.014945045113563538, -0.014293931424617767, -0.013642817735671997, -0.012991704046726227, -0.012340590357780457, -0.011689476668834686, -0.01103836391121149, -0.01038725022226572, -0.009736137464642525, -0.009085023775696754, -0.008433910086750984, -0.007782796863466501, -0.007131683174520731, -0.006480569485574961, -0.005829456262290478, -0.0051783425733447075, -0.004527226090431213, -0.003876112401485443, -0.0032249989453703165, -0.00257388548925519, -0.0019227718003094196, -0.0012716581113636494, -0.0006205448880791664, 3.056880086660385e-05, 0.0006816834211349487, 0.0013327969936653972, 0.0019839105661958456, 0.002635024022310972, 0.0032861377112567425, 0.003937251400202513, 0.004588364623486996, 0.005239478312432766, 0.005890591070055962, 0.006541704759001732, 0.007192818447947502, 0.007843932136893272, 0.008495045825839043, 0.009146159514784813, 0.009797272272408009, 0.010448385961353779, 0.011099499650299549, 0.01175061333924532, 0.01240172702819109, 0.013052839785814285, 0.013703953474760056, 0.014355067163705826, 0.015006180852651596, 0.015657294541597366, 0.016308408230543137]}, "gradients/conv2.0.weight": {"_type": "histogram", "values": [1.0, 1.0, 1.0, 3.0, 2.0, 6.0, 7.0, 9.0, 11.0, 9.0, 15.0, 22.0, 16.0, 23.0, 50.0, 55.0, 60.0, 62.0, 79.0, 122.0, 147.0, 220.0, 253.0, 342.0, 453.0, 548.0, 817.0, 1095.0, 1484.0, 1231.0, 1005.0, 848.0, 665.0, 519.0, 439.0, 371.0, 304.0, 280.0, 246.0, 202.0, 157.0, 141.0, 97.0, 98.0, 61.0, 51.0, 39.0, 25.0, 19.0, 22.0, 17.0, 11.0, 10.0, 7.0, 10.0, 5.0, 2.0, 2.0, 0.0, 1.0, 0.0, 1.0, 0.0, 1.0], "bins": [-0.004804383963346481, -0.004635607823729515, -0.004466832149773836, -0.00429805601015687, -0.004129279870539904, -0.003960504196584225, -0.0037917280569672585, -0.003622951917350292, -0.0034541760105639696, -0.003285400103777647, -0.0031166239641606808, -0.002947848057374358, -0.0027790721505880356, -0.0026102960109710693, -0.0024415201041847467, -0.002272744197398424, -0.002103968057781458, -0.0019351920345798135, -0.001766416011378169, -0.0015976401045918465, -0.001428864081390202, -0.0012600880581885576, -0.001091312151402235, -0.0009225361282005906, -0.0007537603378295898, -0.0005849843146279454, -0.0004162083496339619, -0.0002474323846399784, -7.865636143833399e-05, 9.011966176331043e-05, 0.000258895568549633, 0.00042767159175127745, 0.0005964483134448528, 0.0007652243366464972, 0.0009340003016404808, 0.0011027762666344643, 0.0012715522898361087, 0.001440328313037753, 0.0016091042198240757, 0.0017778802430257201, 0.0019466564990580082, 0.002115432405844331, 0.002284208545461297, 0.0024529844522476196, 0.002621760591864586, 0.0027905364986509085, 0.002959312405437231, 0.0031280885450541973, 0.0032968642190098763, 0.003465640125796199, 0.003634416265413165, 0.0038031921721994877, 0.003971968311816454, 0.004140743985772133, 0.004309520125389099, 0.004478296265006065, 0.004647072404623032, 0.004815848544239998, 0.004984624218195677, 0.005153400357812643, 0.005322176497429609, 0.005490952171385288, 0.0056597283110022545, 0.005828504450619221, 0.0059972801245749]}, "gradients/conv2.0.bias": {"_type": "histogram", "values": [1.0, 0.0, 0.0, 0.0, 0.0, 1.0, 0.0, 1.0, 1.0, 1.0, 0.0, 0.0, 0.0, 0.0, 0.0, 0.0, 0.0, 0.0, 3.0, 1.0, 1.0, 0.0, 1.0, 0.0, 0.0, 1.0, 1.0, 0.0, 2.0, 0.0, 2.0, 0.0, 1.0, 0.0, 2.0, 1.0, 0.0, 0.0, 0.0, 0.0, 1.0, 1.0, 2.0, 2.0, 0.0, 0.0, 1.0, 0.0, 0.0, 1.0, 0.0, 0.0, 0.0, 0.0, 1.0, 1.0, 0.0, 0.0, 0.0, 0.0, 0.0, 0.0, 0.0, 1.0], "bins": [-0.0019281039712950587, -0.001854235422797501, -0.0017803667578846216, -0.001706498209387064, -0.0016326296608895063, -0.0015587611123919487, -0.001484892563894391, -0.0014110238989815116, -0.001337155350483954, -0.0012632868019863963, -0.0011894181370735168, -0.0011155495885759592, -0.0010416810400784016, -0.0009678124915808439, -0.0008939438848756254, -0.0008200752781704068, -0.0007462067296728492, -0.0006723381811752915, -0.000598469574470073, -0.0005246009677648544, -0.0004507324192672968, -0.0003768638416659087, -0.0003029952640645206, -0.00022912665735930204, -0.0001552581088617444, -8.138953126035631e-05, -7.52095365896821e-06, 6.634762394241989e-05, 0.00014021620154380798, 0.00021408477914519608, 0.0002879533567465842, 0.00036182196345180273, 0.0004356906283646822, 0.0005095591768622398, 0.0005834277835674584, 0.0006572963902726769, 0.0007311649387702346, 0.0008050334872677922, 0.0008789020939730108, 0.0009527707006782293, 0.001026639249175787, 0.0011005077976733446, 0.0011743763461709023, 0.0012482450110837817, 0.0013221135595813394, 0.001395982108078897, 0.0014698507729917765, 0.001543719321489334, 0.0016175878699868917, 0.0016914564184844494, 0.001765324966982007, 0.0018391936318948865, 0.0019130621803924441, 0.0019869308453053236, 0.0020607993938028812, 0.002134667942300439, 0.0022085364907979965, 0.002282405039295554, 0.002356273587793112, 0.0024301421362906694, 0.002504010684788227, 0.0025778794661164284, 0.002651748014613986, 0.0027256165631115437, 0.0027994851116091013]}, "gradients/conv1.0.weight": {"_type": "histogram",