{"gradients/out.bias": {"_type": "histogram", "values": [1.0, 0.0, 0.0, 0.0, 0.0, 0.0, 0.0, 0.0, 0.0, 0.0, 0.0, 0.0, 0.0, 0.0, 0.0, 0.0, 0.0, 0.0, 0.0, 0.0, 0.0, 0.0, 0.0, 0.0, 0.0, 0.0, 0.0, 0.0, 0.0, 0.0, 0.0, 0.0, 0.0, 1.0, 5.0, 0.0, 1.0, 1.0, 0.0, 0.0, 0.0, 0.0, 0.0, 0.0, 0.0, 0.0, 0.0, 0.0, 0.0, 0.0, 0.0, 0.0, 0.0, 0.0, 0.0, 0.0, 0.0, 0.0, 0.0, 0.0, 0.0, 0.0, 0.0, 1.0], "bins": [-0.013018656522035599, -0.012639513239264488, -0.012260369956493378, -0.011881226673722267, -0.011502083390951157, -0.011122940108180046, -0.010743796825408936, -0.010364653542637825, -0.009985510259866714, -0.009606366977095604, -0.009227223694324493, -0.008848080411553383, -0.008468937128782272, -0.008089793846011162, -0.007710651028901339, -0.007331507746130228, -0.006952364929020405, -0.006573221646249294, -0.006194078363478184, -0.005814935080707073, -0.005435791797935963, -0.005056648515164852, -0.004677505698055029, -0.004298362415283918, -0.003919219598174095, -0.0035400763154029846, -0.003160933032631874, -0.002781789982691407, -0.0024026466999202967, -0.002023503417149186, -0.0016443603672087193, -0.0012652170844376087, -0.0008860742673277855, -0.0005069310427643359, -0.00012778781820088625, 0.00025135534815490246, 0.000630498630926013, 0.0010096419136971235, 0.0013887849636375904, 0.001767928246408701, 0.002147071994841099, 0.0025262152776122093, 0.00290535856038332, 0.0032845016103237867, 0.0036636448930948973, 0.0040427884086966515, 0.004421931225806475, 0.004801074508577585, 0.0051802173256874084, 0.005559360608458519, 0.0059385038912296295, 0.00631764717400074, 0.006696790456771851, 0.007075933739542961, 0.007455076556652784, 0.007834220305085182, 0.008213363587856293, 0.008592506870627403, 0.008971650153398514, 0.009350793436169624, 0.009729936718940735, 0.010109080001711845, 0.010488223284482956, 0.010867366567254066, 0.011246508918702602]}, "gradients/out.weight": {"_type": "histogram", "values": [1.0, 0.0, 0.0, 1.0, 0.0, 1.0, 0.0, 0.0, 2.0, 2.0, 1.0, 1.0, 1.0, 1.0, 5.0, 4.0, 4.0, 9.0, 9.0, 10.0, 12.0, 13.0, 14.0, 30.0, 18.0, 37.0, 37.0, 42.0, 67.0, 64.0, 99.0, 142.0, 723.0, 13518.0, 321.0, 104.0, 76.0, 63.0, 48.0, 44.0, 25.0, 25.0, 25.0, 16.0, 16.0, 8.0, 8.0, 8.0, 4.0, 8.0, 3.0, 1.0, 1.0, 1.0, 2.0, 2.0, 0.0, 0.0, 1.0, 1.0, 0.0, 0.0, 0.0, 1.0], "bins": [-0.11995991319417953, -0.11634355783462524, -0.11272720992565155, -0.10911085456609726, -0.10549449920654297, -0.10187814384698868, -0.09826178848743439, -0.0946454405784607, -0.0910290852189064, -0.08741272985935211, -0.08379638195037842, -0.08018002659082413, -0.07656367123126984, -0.07294731587171555, -0.06933096051216125, -0.06571461260318756, -0.06209825724363327, -0.05848190188407898, -0.05486555024981499, -0.051249198615550995, -0.047632843255996704, -0.04401648789644241, -0.04040013626217842, -0.03678378462791443, -0.03316742926836014, -0.029551075771450996, -0.025934722274541855, -0.022318368777632713, -0.018702015280723572, -0.01508566178381443, -0.011469308286905289, -0.007852954789996147, -0.0042366087436676025, -0.000620255246758461, 0.0029960982501506805, 0.006612451747059822, 0.010228805243968964, 0.013845158740878105, 0.017461512237787247, 0.021077865734696388, 0.02469421923160553, 0.02831057272851467, 0.03192692622542381, 0.035543277859687805, 0.039159633219242096, 0.04277598857879639, 0.04639234021306038, 0.05000869184732437, 0.05362504720687866, 0.05724140256643295, 0.060857754200696945, 0.06447410583496094, 0.06809046119451523, 0.07170681655406952, 0.07532316446304321, 0.0789395198225975, 0.0825558751821518, 0.08617223054170609, 0.08978858590126038, 0.09340493381023407, 0.09702128916978836, 0.10063764452934265, 0.10425399243831635, 0.10787034779787064, 0.11148670315742493]}, "gradients/conv2.0.weight": {"_type": "histogram", "values": [1.0, 1.0, 0.0, 0.0, 1.0, 1.0, 3.0, 2.0, 5.0, 2.0, 6.0, 6.0, 9.0, 5.0, 12.0, 28.0, 27.0, 28.0, 34.0, 53.0, 57.0, 102.0, 119.0, 165.0, 240.0, 381.0, 657.0, 1082.0, 4824.0, 1980.0, 965.0, 591.0, 359.0, 287.0, 167.0, 147.0, 102.0, 68.0, 62.0, 48.0, 27.0, 27.0, 12.0, 26.0, 14.0, 6.0, 10.0, 5.0, 7.0, 7.0, 6.0, 4.0, 3.0, 3.0, 2.0, 0.0, 3.0, 2.0, 2.0, 0.0, 3.0, 3.0, 0.0, 1.0], "bins": [-0.035401444882154465, -0.03417060151696205, -0.032939761877059937, -0.03170891851186752, -0.03047807700932026, -0.029247235506772995, -0.02801639400422573, -0.026785552501678467, -0.025554709136486053, -0.02432386763393879, -0.023093026131391525, -0.021862182766199112, -0.020631341263651848, -0.019400499761104584, -0.01816965825855732, -0.016938816756010056, -0.01570797525346279, -0.014477133750915527, -0.013246291317045689, -0.012015449814498425, -0.010784607380628586, -0.009553765878081322, -0.008322924375534058, -0.007092081941664219, -0.005861241370439529, -0.004630399402230978, -0.0033995576668530703, -0.0021687159314751625, -0.0009378739632666111, 0.0002929680049419403, 0.0015238095074892044, 0.002754651941359043, 0.003985494375228882, 0.005216336343437433, 0.006447178311645985, 0.007678019814193249, 0.008908862248063087, 0.010139703750610352, 0.011370545253157616, 0.012601387687027454, 0.013832230120897293, 0.015063071623444557, 0.01629391312599182, 0.017524756491184235, 0.0187555979937315, 0.019986439496278763, 0.021217280998826027, 0.02244812250137329, 0.023678964003920555, 0.02490980550646782, 0.026140647009015083, 0.027371488511562347, 0.02860233187675476, 0.029833173379302025, 0.03106401488184929, 0.0322948582470417, 0.03352569788694382, 0.03475654125213623, 0.035987380892038345, 0.03721822425723076, 0.038449063897132874, 0.03967990726232529, 0.0409107506275177, 0.042141590267419815, 0.04337243363261223]}, "gradients/conv2.0.bias": {"_type": "histogram", "values": [1.0, 0.0, 0.0, 1.0, 0.0, 0.0, 0.0, 1.0, 0.0, 0.0, 0.0, 0.0, 1.0, 0.0, 0.0, 1.0, 2.0, 2.0, 0.0, 1.0, 2.0, 0.0, 1.0, 0.0, 1.0, 3.0, 0.0, 0.0, 0.0, 2.0, 0.0, 5.0, 0.0, 0.0, 0.0, 0.0, 0.0, 0.0, 0.0, 1.0, 0.0, 0.0, 0.0, 0.0, 1.0, 0.0, 1.0, 0.0, 1.0, 1.0, 0.0, 0.0, 0.0, 0.0, 0.0, 0.0, 1.0, 0.0, 0.0, 0.0, 0.0, 1.0, 0.0, 1.0], "bins": [-0.0069373659789562225, -0.006689601577818394, -0.006441837176680565, -0.006194072775542736, -0.005946308374404907, -0.005698543973267078, -0.00545077957212925, -0.005203015170991421, -0.004955250769853592, -0.004707486368715763, -0.004459721967577934, -0.0042119575664401054, -0.003964193165302277, -0.003716428764164448, -0.0034686645958572626, -0.003220900194719434, -0.0029731360264122486, -0.00272537162527442, -0.002477607224136591, -0.002229842822998762, -0.0019820784218609333, -0.0017343141371384263, -0.0014865498524159193, -0.0012387854512780905, -0.0009910212829709053, -0.0007432568818330765, -0.0004954925389029086, -0.00024772819597274065, 3.620516508817673e-08, 0.000247800606302917, 0.000495564891025424, 0.0007433292921632528, 0.0009910939261317253, 0.0012388583272695541, 0.001486622728407383, 0.00173438701312989, 0.0019821515306830406, 0.0022299159318208694, 0.0024776801001280546, 0.0027254445012658834, 0.002973209135234356, 0.0032209735363721848, 0.0034687379375100136, 0.0037165023386478424, 0.003964266739785671, 0.0042120311409235, 0.004459795542061329, 0.004707559943199158, 0.004955323878675699, 0.005203088279813528, 0.005450852680951357, 0.005698617082089186, 0.0059463814832270145, 0.006194145884364843, 0.006441909819841385, 0.006689674220979214, 0.0069374386221170425, 0.007185203023254871, 0.0074329674243927, 0.007680731825530529, 0.007928496226668358, 0.008176260627806187, 0.008424025028944016, 0.008671789430081844, 0.008919553831219673]}, "gradients/conv1.0.weight": {"_type": "histogram", "values": [1.0, 0.0, 0.0, 1.0, 0.0, 0.0, 1.0, 0.0, 2.0, 1.0, 3.0, 4.0, 4.0, 8.0, 3.0, 0.0, 5.0, 3.0, 4.0, 5.0, 6.0, 7.0, 8.0, 9.0, 13.0, 11.0, 15.0, 14.0, 27.0, 18.0, 17.0, 22.0, 33.0, 57.0, 20.0, 9.0, 14.0, 9.0, 6.0, 4.0, 3.0, 3.0, 5.0, 4.0, 3.0, 1.0, 0.0, 0.0, 2.0, 3.0, 0.0, 2.0, 0.0, 1.0, 1.0, 0.0, 2.0, 3.0, 0.0, 0.0, 2.0, 0.0, 0.0, 1.0],