{"gradients/out.bias": {"_type": "histogram", "values": [1.0, 0.0, 0.0, 0.0, 0.0, 0.0, 0.0, 0.0, 0.0, 0.0, 0.0, 0.0, 0.0, 0.0, 0.0, 0.0, 1.0, 1.0, 0.0, 0.0, 0.0, 0.0, 0.0, 0.0, 0.0, 0.0, 0.0, 0.0, 0.0, 0.0, 0.0, 3.0, 2.0, 0.0, 0.0, 0.0, 0.0, 0.0, 0.0, 0.0, 0.0, 0.0, 0.0, 0.0, 0.0, 0.0, 0.0, 0.0, 0.0, 0.0, 0.0, 0.0, 0.0, 0.0, 0.0, 0.0, 0.0, 0.0, 0.0, 0.0, 0.0, 1.0, 0.0, 1.0], "bins": [-0.011823746375739574, -0.011453176848590374, -0.011082608252763748, -0.010712038725614548, -0.010341469198465347, -0.009970900602638721, -0.009600331075489521, -0.009229762479662895, -0.008859192952513695, -0.008488623425364494, -0.008118054829537868, -0.007747485302388668, -0.007376916240900755, -0.007006347179412842, -0.006635777652263641, -0.006265208590775728, -0.005894639529287815, -0.005524070467799902, -0.005153501406311989, -0.004782931879162788, -0.004412362817674875, -0.004041793756186962, -0.0036712244618684053, -0.0033006551675498486, -0.0029300861060619354, -0.0025595170445740223, -0.0021889477502554655, -0.0018183785723522305, -0.0014478093944489956, -0.0010772402165457606, -0.0007066710386425257, -0.0003361017443239689, 3.446638584136963e-05, 0.0004050355637446046, 0.0007756047416478395, 0.0011461739195510745, 0.0015167430974543095, 0.0018873122753575444, 0.0022578814532607794, 0.002628450747579336, 0.0029990198090672493, 0.0033695888705551624, 0.003740158164873719, 0.004110727459192276, 0.004481296520680189, 0.004851865582168102, 0.005222435109317303, 0.005593004170805216, 0.005963573232293129, 0.006334142293781042, 0.006704711355268955, 0.007075280882418156, 0.007445849943906069, 0.007816419005393982, 0.008186988532543182, 0.008557558059692383, 0.008928126655519009, 0.009298696182668209, 0.009669264778494835, 0.010039834305644035, 0.010410403832793236, 0.010780972428619862, 0.011151541955769062, 0.011522110551595688, 0.011892680078744888]}, "gradients/out.weight": {"_type": "histogram", "values": [1.0, 0.0, 0.0, 0.0, 1.0, 1.0, 2.0, 0.0, 2.0, 1.0, 1.0, 6.0, 6.0, 5.0, 11.0, 13.0, 11.0, 10.0, 22.0, 19.0, 15.0, 30.0, 38.0, 43.0, 55.0, 79.0, 123.0, 160.0, 174.0, 233.0, 301.0, 2894.0, 10300.0, 206.0, 152.0, 126.0, 122.0, 84.0, 65.0, 62.0, 50.0, 39.0, 42.0, 26.0, 22.0, 26.0, 18.0, 11.0, 20.0, 14.0, 7.0, 9.0, 7.0, 6.0, 1.0, 3.0, 0.0, 2.0, 1.0, 1.0, 0.0, 0.0, 0.0, 1.0], "bins": [-0.10820962488651276, -0.10482855886220932, -0.10144748538732529, -0.09806641936302185, -0.09468535333871841, -0.09130427986383438, -0.08792321383953094, -0.08454214036464691, -0.08116107434034348, -0.07778000831604004, -0.074398934841156, -0.07101786881685257, -0.06763680279254913, -0.0642557293176651, -0.060874663293361664, -0.05749359354376793, -0.05411252751946449, -0.05073145776987076, -0.04735039174556732, -0.04396932199597359, -0.04058825224637985, -0.037207186222076416, -0.03382611647248268, -0.030445046722888947, -0.02706398069858551, -0.023682912811636925, -0.02030184306204319, -0.016920775175094604, -0.013539706356823444, -0.010158637538552284, -0.006777569651603699, -0.003396499902009964, -1.5430152416229248e-05, 0.0033656384330242872, 0.006746707018464804, 0.010127775371074677, 0.013508844189345837, 0.016889913007616997, 0.020270980894565582, 0.023652050644159317, 0.027033120393753052, 0.030414188280701637, 0.03379525616765022, 0.03717632591724396, 0.04055739566683769, 0.04393846541643143, 0.04731953144073486, 0.0507006011903286, 0.054081667214632034, 0.05746273696422577, 0.060843802988529205, 0.06422486901283264, 0.06760594248771667, 0.07098700851202011, 0.07436807453632355, 0.07774914801120758, 0.08113021403551102, 0.08451128005981445, 0.08789235353469849, 0.09127341955900192, 0.09465448558330536, 0.09803555905818939, 0.10141662508249283, 0.10479769110679626, 0.1081787645816803]}, "gradients/conv2.0.weight": {"_type": "histogram", "values": [1.0, 0.0, 1.0, 2.0, 2.0, 1.0, 3.0, 1.0, 2.0, 5.0, 3.0, 3.0, 2.0, 3.0, 1.0, 4.0, 8.0, 2.0, 11.0, 6.0, 14.0, 10.0, 12.0, 15.0, 16.0, 32.0, 31.0, 41.0, 65.0, 68.0, 98.0, 129.0, 200.0, 248.0, 347.0, 457.0, 716.0, 1458.0, 4917.0, 1189.0, 712.0, 475.0, 345.0, 273.0, 190.0, 156.0, 113.0, 97.0, 73.0, 56.0, 43.0, 45.0, 30.0, 15.0, 13.0, 10.0, 10.0, 7.0, 2.0, 2.0, 0.0, 4.0, 3.0, 2.0], "bins": [-0.059402137994766235, -0.057848215103149414, -0.05629429221153259, -0.05474036931991577, -0.05318644642829895, -0.05163252353668213, -0.05007860064506531, -0.048524677753448486, -0.046970754861831665, -0.045416831970214844, -0.04386290907859802, -0.0423089861869812, -0.04075506329536438, -0.03920114040374756, -0.03764721751213074, -0.036093294620513916, -0.034539368003606796, -0.032985445111989975, -0.031431522220373154, -0.029877599328756332, -0.02832367643713951, -0.02676975354552269, -0.02521582879126072, -0.023661905899643898, -0.022107981145381927, -0.020554058253765106, -0.019000135362148285, -0.017446212470531464, -0.015892289578914642, -0.014338365755975246, -0.01278444193303585, -0.01123051904141903, -0.009676594287157059, -0.008122671395540237, -0.006568748038262129, -0.00501482468098402, -0.003460901789367199, -0.0019069788977503777, -0.00035305507481098175, 0.0012008678168058395, 0.0027547888457775116, 0.004308711737394333, 0.0058626350946724415, 0.00741655845195055, 0.008970481343567371, 0.010524404235184193, 0.012078328058123589, 0.01363225094974041, 0.01518617570400238, 0.0167400985956192, 0.018294021487236023, 0.019847944378852844, 0.021401867270469666, 0.022955790162086487, 0.024509714916348457, 0.02606363780796528, 0.0276175606995821, 0.02917148359119892, 0.030725406482815742, 0.03227933123707771, 0.033833254128694534, 0.035387177020311356, 0.03694109991192818, 0.038495022803545, 0.04004894569516182]}, "gradients/conv2.0.bias": {"_type": "histogram", "values": [1.0, 0.0, 0.0, 0.0, 0.0, 0.0, 0.0, 0.0, 0.0, 0.0, 0.0, 0.0, 0.0, 0.0, 0.0, 1.0, 1.0, 0.0, 0.0, 0.0, 0.0, 0.0, 2.0, 1.0, 1.0, 1.0, 0.0, 3.0, 1.0, 2.0, 1.0, 3.0, 2.0, 1.0, 0.0, 0.0, 1.0, 1.0, 0.0, 0.0, 2.0, 2.0, 0.0, 1.0, 0.0, 0.0, 1.0, 1.0, 0.0, 1.0, 0.0, 0.0, 0.0, 0.0, 0.0, 0.0, 0.0, 0.0, 0.0, 0.0, 0.0, 0.0, 0.0, 1.0], "bins": [-0.013769774697721004, -0.013310922309756279, -0.012852070853114128, -0.012393219396471977, -0.011934367008507252, -0.011475514620542526, -0.011016663163900375, -0.010557811707258224, -0.010098959319293499, -0.009640106931328773, -0.009181255474686623, -0.008722404018044472, -0.008263551630079746, -0.007804699707776308, -0.00734584778547287, -0.006886995863169432, -0.0064281439408659935, -0.005969292018562555, -0.005510440096259117, -0.005051588173955679, -0.004592736251652241, -0.004133884329348803, -0.0036750324070453644, -0.003216180484741926, -0.002757328562438488, -0.00229847664013505, -0.0018396247178316116, -0.0013807727955281734, -0.0009219208732247353, -0.0004630689509212971, -4.217028617858887e-06, 0.0004546348936855793, 0.0009134868159890175, 0.0013723387382924557, 0.0018311906605958939, 0.002290042582899332, 0.0027488945052027702, 0.0032077464275062084, 0.0036665983498096466, 0.004125450272113085, 0.004584302194416523, 0.005043154116719961, 0.005502006039023399, 0.0059608579613268375, 0.006419709883630276, 0.006878561805933714, 0.007337413728237152, 0.00779626565054059, 0.008255117572844028, 0.008713969960808754, 0.009172821417450905, 0.009631672874093056, 0.010090525262057781, 0.010549377650022507, 0.011008229106664658, 0.011467080563306808, 0.011925932951271534, 0.01238478533923626, 0.01284363679587841, 0.013302488252520561, 0.013761340640485287, 0.014220193028450012, 0.014679044485092163, 0.015137895941734314, 0.01559674832969904]}, "gradients/conv1.0.weight": {"_type": "histogram", "values": [1.0, 0.0, 1.0, 0.0, 0.0, 0.0, 0.0, 1.0, 1.0, 1.0, 5.0, 2.0, 0.0, 2.0, 1.0, 3.0, 0.0, 3.0, 2.0, 3.0, 1.0, 5.0, 5.0, 6.0, 5.0, 6.0, 10.0, 10.0, 8.0, 9.0, 7.0, 13.0, 18.0, 15.0, 10.0, 25.0, 86.0, 26.0, 13.0, 17.0, 9.0, 5.0, 6.0, 12.0, 2.0, 3.0, 8.0, 4.0, 1.0, 4.0, 6.0, 2.0, 1.0, 2.0, 5.0, 2.0, 1.0, 2.0, 1.0, 1.0, 0.0, 0.0, 0.0, 2.0],