{"gradients/out.bias": {"_type": "histogram", "values": [1.0, 0.0, 0.0, 0.0, 2.0, 0.0, 0.0, 0.0, 0.0, 0.0, 0.0, 0.0, 0.0, 0.0, 0.0, 0.0, 0.0, 0.0, 0.0, 0.0, 0.0, 0.0, 1.0, 0.0, 1.0, 1.0, 2.0, 0.0, 0.0, 0.0, 0.0, 0.0, 0.0, 0.0, 0.0, 0.0, 0.0, 0.0, 0.0, 0.0, 0.0, 0.0, 0.0, 0.0, 1.0, 0.0, 0.0, 0.0, 0.0, 0.0, 0.0, 0.0, 0.0, 0.0, 0.0, 0.0, 0.0, 0.0, 0.0, 0.0, 0.0, 0.0, 0.0, 1.0], "bins": [-0.001102985581383109, -0.001057858462445438, -0.001012731227092445, -0.0009676041081547737, -0.0009224768728017807, -0.0008773497538641095, -0.0008322225767187774, -0.0007870953995734453, -0.0007419682224281132, -0.0006968410452827811, -0.000651713868137449, -0.0006065866909921169, -0.0005614595720544457, -0.0005163323367014527, -0.00047120521776378155, -0.00042607804061844945, -0.00038095086347311735, -0.00033582368632778525, -0.00029069650918245316, -0.0002455693611409515, -0.00020044218399561942, -0.00015531500685028732, -0.00011018785880878568, -6.506068166345358e-05, -1.9933562725782394e-05, 2.519360714359209e-05, 7.032077701296657e-05, 0.00011544793960638344, 0.00016057511675171554, 0.00020570229389704764, 0.0002508294419385493, 0.0002959566190838814, 0.00034108373802155256, 0.00038621091516688466, 0.00043133809231221676, 0.0004764652403537184, 0.000521592446602881, 0.0005667195655405521, 0.0006118467426858842, 0.0006569739198312163, 0.0007021011551842093, 0.0007472283323295414, 0.0007923555094748735, 0.0008374826284125447, 0.0008826098637655377, 0.0009277369827032089, 0.000972864159848541, 0.0010179913369938731, 0.0010631184559315443, 0.0011082455748692155, 0.0011533728102222085, 0.0011984999291598797, 0.0012436271645128727, 0.0012887542834505439, 0.001333881402388215, 0.001379008637741208, 0.001424135873094201, 0.0014692629920318723, 0.0015143902273848653, 0.0015595173463225365, 0.0016046445816755295, 0.0016497717006132007, 0.0016948988195508718, 0.0017400260549038649, 0.001785153173841536]}, "gradients/out.weight": {"_type": "histogram", "values": [1.0, 3.0, 1.0, 1.0, 1.0, 3.0, 1.0, 3.0, 4.0, 1.0, 12.0, 6.0, 7.0, 10.0, 11.0, 12.0, 17.0, 33.0, 41.0, 53.0, 62.0, 79.0, 120.0, 182.0, 269.0, 421.0, 1371.0, 11606.0, 459.0, 229.0, 156.0, 116.0, 74.0, 53.0, 50.0, 50.0, 34.0, 25.0, 19.0, 18.0, 12.0, 15.0, 12.0, 2.0, 7.0, 5.0, 1.0, 0.0, 0.0, 1.0, 1.0, 2.0, 1.0, 2.0, 0.0, 0.0, 1.0, 0.0, 0.0, 2.0, 0.0, 0.0, 1.0, 1.0], "bins": [-0.012477753683924675, -0.012017923407256603, -0.011558094061911106, -0.011098263785243034, -0.010638434439897537, -0.010178604163229465, -0.009718773886561394, -0.009258944541215897, -0.008799114264547825, -0.008339283987879753, -0.007879454642534256, -0.007419624365866184, -0.0069597945548594, -0.006499964743852615, -0.006040134932845831, -0.0055803051218390465, -0.005120475310832262, -0.004660645499825478, -0.004200815688818693, -0.003740985644981265, -0.003281155601143837, -0.0028213257901370525, -0.002361495979130268, -0.00190166593529284, -0.0014418363571166992, -0.000982006429694593, -0.0005221765604801476, -6.234669126570225e-05, 0.000397483236156404, 0.0008573131635785103, 0.0013171429745852947, 0.0017769730184227228, 0.002236803062260151, 0.0026966328732669353, 0.0031564629171043634, 0.003616292728111148, 0.004076122771948576, 0.00453595258295536, 0.004995782393962145, 0.005455612204968929, 0.005915442481637001, 0.0063752722926437855, 0.00683510210365057, 0.007294932380318642, 0.007754762191325426, 0.00821459200233221, 0.008674422279000282, 0.00913425162434578, 0.009594080969691277, 0.010053911246359348, 0.010513740591704845, 0.010973570868372917, 0.011433400213718414, 0.011893230490386486, 0.012353060767054558, 0.012812890112400055, 0.013272720389068127, 0.013732550665736198, 0.014192380011081696, 0.014652210287749767, 0.015112039633095264, 0.015571869909763336, 0.016031699255108833, 0.01649153046309948, 0.016951359808444977]}, "gradients/conv2.0.weight": {"_type": "histogram", "values": [2.0, 0.0, 1.0, 4.0, 1.0, 6.0, 8.0, 3.0, 10.0, 5.0, 21.0, 23.0, 19.0, 31.0, 40.0, 64.0, 74.0, 105.0, 109.0, 143.0, 234.0, 314.0, 457.0, 726.0, 1188.0, 4989.0, 1561.0, 822.0, 539.0, 318.0, 245.0, 134.0, 127.0, 99.0, 74.0, 58.0, 41.0, 42.0, 18.0, 26.0, 20.0, 18.0, 17.0, 8.0, 17.0, 5.0, 5.0, 4.0, 1.0, 2.0, 2.0, 2.0, 4.0, 2.0, 0.0, 3.0, 3.0, 0.0, 0.0, 2.0, 0.0, 2.0, 0.0, 2.0], "bins": [-0.004660555627197027, -0.004478320013731718, -0.004296084400266409, -0.0041138487868011, -0.003931613173335791, -0.0037493775598704815, -0.003567142179235816, -0.003384906565770507, -0.0032026709523051977, -0.0030204353388398886, -0.0028381997253745794, -0.002655964344739914, -0.002473728731274605, -0.0022914931178092957, -0.0021092575043439865, -0.0019270218908786774, -0.0017447862774133682, -0.001562550663948059, -0.00138031505048275, -0.0011980795534327626, -0.0010158439399674535, -0.0008336083265021443, -0.000651372829452157, -0.0004691372159868479, -0.0002869018353521824, -0.0001046662509907037, 7.756933337077498e-05, 0.0002598048886284232, 0.00044204050209373236, 0.0006242761155590415, 0.0008065116126090288, 0.000988747226074338, 0.0011709826067090034, 0.0013532182201743126, 0.0015354538336396217, 0.001717689330689609, 0.0018999249441549182, 0.002082160674035549, 0.0022643960546702147, 0.002446631668135524, 0.0026288675144314766, 0.0028111031278967857, 0.002993338741362095, 0.003175574354827404, 0.003357809968292713, 0.0035400455817580223, 0.003722280962392688, 0.003904516575857997, 0.004086751956492662, 0.004268987569957972, 0.004451223183423281, 0.00463345879688859, 0.004815694410353899, 0.004997930023819208, 0.00518016517162323, 0.005362400785088539, 0.005544636398553848, 0.005726872012019157, 0.0059091076254844666, 0.006091343238949776, 0.006273578852415085, 0.006455814465880394, 0.006638050079345703, 0.006820285692811012, 0.007002521306276321]}, "gradients/conv2.0.bias": {"_type": "histogram", "values": [1.0, 0.0, 0.0, 0.0, 0.0, 0.0, 0.0, 0.0, 0.0, 0.0, 0.0, 0.0, 0.0, 0.0, 0.0, 0.0, 0.0, 1.0, 0.0, 0.0, 1.0, 0.0, 2.0, 0.0, 0.0, 0.0, 0.0, 2.0, 0.0, 1.0, 1.0, 0.0, 0.0, 1.0, 1.0, 0.0, 1.0, 2.0, 4.0, 1.0, 1.0, 1.0, 0.0, 0.0, 0.0, 1.0, 0.0, 1.0, 1.0, 1.0, 0.0, 1.0, 2.0, 1.0, 0.0, 0.0, 1.0, 1.0, 0.0, 0.0, 0.0, 0.0, 0.0, 1.0], "bins": [-0.001554693910293281, -0.0015105970669537783, -0.0014665002236142755, -0.0014224033802747726, -0.0013783066533505917, -0.0013342098100110888, -0.001290112966671586, -0.0012460161233320832, -0.0012019192799925804, -0.0011578224366530776, -0.0011137255933135748, -0.0010696288663893938, -0.001025532023049891, -0.0009814351797103882, -0.0009373383363708854, -0.0008932414930313826, -0.0008491447661072016, -0.0008050479227676988, -0.0007609511376358569, -0.0007168542942963541, -0.0006727575091645122, -0.0006286606658250093, -0.0005845638224855065, -0.0005404669791460037, -0.0004963701358065009, -0.00045227332157082856, -0.0004081765073351562, -0.0003640796639956534, -0.00031998284975998104, -0.0002758860355243087, -0.00023178919218480587, -0.00018769237794913352, -0.00014359550550580025, -9.949868399417028e-05, -5.540186248254031e-05, -1.1305033694952726e-05, 3.279178054071963e-05, 7.688859477639198e-05, 0.0001209854381158948, 0.00016508225235156715, 0.0002091790083795786, 0.00025327582261525095, 0.0002973726368509233, 0.0003414694801904261, 0.00038556629442609847, 0.0004296631086617708, 0.00047375995200127363, 0.0005178567953407764, 0.0005619536386802793, 0.0006060504820197821, 0.000650147267151624, 0.0006942441104911268, 0.0007383408956229687, 0.0007824377389624715, 0.0008265345823019743, 0.0008706314256414771, 0.000914728210773319, 0.0009588250541128218, 0.0010029218392446637, 0.0010470186825841665, 0.0010911155259236693, 0.0011352123692631721, 0.0011793090961873531, 0.001223405939526856, 0.0012675027828663588]}, "gradients/conv1.0.weight": {"_type": "histogram",