{"gradients/out.bias": {"_type": "histogram", "values": [1.0, 0.0, 0.0, 0.0, 0.0, 0.0, 0.0, 1.0, 0.0, 0.0, 0.0, 0.0, 0.0, 0.0, 0.0, 0.0, 0.0, 0.0, 1.0, 0.0, 0.0, 0.0, 0.0, 0.0, 0.0, 0.0, 0.0, 1.0, 0.0, 0.0, 0.0, 0.0, 2.0, 0.0, 0.0, 0.0, 0.0, 0.0, 0.0, 0.0, 0.0, 0.0, 0.0, 0.0, 0.0, 1.0, 1.0, 0.0, 0.0, 0.0, 1.0, 0.0, 0.0, 0.0, 0.0, 0.0, 0.0, 0.0, 0.0, 0.0, 0.0, 0.0, 0.0, 1.0], "bins": [-0.03165518864989281, -0.030681299045681953, -0.0297074094414711, -0.028733517974615097, -0.027759628370404243, -0.02678573876619339, -0.025811847299337387, -0.024837957695126534, -0.02386406809091568, -0.022890178486704826, -0.021916288882493973, -0.02094239741563797, -0.019968507811427116, -0.018994618207216263, -0.01802072674036026, -0.017046837136149406, -0.016072947531938553, -0.0150990579277277, -0.014125167392194271, -0.013151276856660843, -0.01217738725244999, -0.011203497648239136, -0.010229607112705708, -0.00925571657717228, -0.008281826972961426, -0.007307936903089285, -0.006334046833217144, -0.005360156763345003, -0.004386266693472862, -0.0034123766236007214, -0.0024384865537285805, -0.0014645964838564396, -0.0004907064139842987, 0.0004831836558878422, 0.001457073725759983, 0.002430963795632124, 0.003404853865504265, 0.004378743935376406, 0.005352634005248547, 0.0063265240751206875, 0.007300414144992828, 0.008274303749203682, 0.00924819428473711, 0.010222084820270538, 0.011195974424481392, 0.012169864028692245, 0.013143754564225674, 0.014117645099759102, 0.015091534703969955, 0.01606542430818081, 0.017039313912391663, 0.018013205379247665, 0.01898709498345852, 0.019960984587669373, 0.020934876054525375, 0.02190876565873623, 0.022882655262947083, 0.023856544867157936, 0.02483043447136879, 0.025804325938224792, 0.026778215542435646, 0.0277521051466465, 0.028725996613502502, 0.029699886217713356, 0.03067377582192421]}, "gradients/out.weight": {"_type": "histogram", "values": [1.0, 1.0, 1.0, 2.0, 1.0, 0.0, 1.0, 0.0, 1.0, 3.0, 3.0, 1.0, 4.0, 4.0, 6.0, 7.0, 14.0, 14.0, 18.0, 16.0, 24.0, 28.0, 63.0, 65.0, 70.0, 70.0, 95.0, 127.0, 179.0, 224.0, 362.0, 583.0, 1521.0, 9420.0, 987.0, 508.0, 332.0, 239.0, 178.0, 116.0, 106.0, 64.0, 55.0, 44.0, 29.0, 22.0, 11.0, 13.0, 12.0, 7.0, 9.0, 7.0, 1.0, 2.0, 2.0, 0.0, 1.0, 1.0, 0.0, 2.0, 0.0, 1.0, 0.0, 2.0], "bins": [-0.308040052652359, -0.298775315284729, -0.289510577917099, -0.280245840549469, -0.270981103181839, -0.261716365814209, -0.252451628446579, -0.24318689107894897, -0.23392215371131897, -0.22465741634368896, -0.21539267897605896, -0.20612794160842896, -0.19686320424079895, -0.18759846687316895, -0.17833372950553894, -0.16906899213790894, -0.15980423986911774, -0.15053950250148773, -0.14127476513385773, -0.13201002776622772, -0.12274529039859772, -0.11348055303096771, -0.10421580821275711, -0.0949510708451271, -0.0856863260269165, -0.0764215886592865, -0.0671568512916565, -0.05789211019873619, -0.048627372831106186, -0.03936263546347618, -0.030097894370555878, -0.020833157002925873, -0.011568427085876465, -0.0023036887869238853, 0.006961049512028694, 0.01622578874230385, 0.025490526109933853, 0.03475526347756386, 0.04402000457048416, 0.053284741938114166, 0.06254947185516357, 0.07181420922279358, 0.08107894659042358, 0.09034368395805359, 0.0996084213256836, 0.1088731586933136, 0.1181379035115242, 0.1274026334285736, 0.1366673856973648, 0.1459321230649948, 0.15519686043262482, 0.16446159780025482, 0.17372633516788483, 0.18299107253551483, 0.19225582480430603, 0.20152056217193604, 0.21078529953956604, 0.22005003690719604, 0.22931477427482605, 0.23857951164245605, 0.24784424901008606, 0.25710898637771606, 0.26637372374534607, 0.2756384611129761, 0.2849031984806061]}, "gradients/conv2.0.weight": {"_type": "histogram", "values": [1.0, 0.0, 0.0, 0.0, 2.0, 1.0, 2.0, 1.0, 3.0, 4.0, 5.0, 3.0, 5.0, 6.0, 10.0, 12.0, 14.0, 18.0, 19.0, 32.0, 35.0, 32.0, 54.0, 49.0, 59.0, 80.0, 77.0, 80.0, 129.0, 177.0, 204.0, 293.0, 407.0, 948.0, 5580.0, 1331.0, 817.0, 551.0, 425.0, 274.0, 239.0, 187.0, 130.0, 112.0, 95.0, 69.0, 59.0, 39.0, 29.0, 21.0, 29.0, 11.0, 8.0, 9.0, 7.0, 6.0, 2.0, 0.0, 1.0, 0.0, 3.0, 2.0, 1.0, 1.0], "bins": [-0.04777151346206665, -0.04637926071882248, -0.04498701170086861, -0.043594758957624435, -0.04220250993967056, -0.04081025719642639, -0.03941800445318222, -0.03802575543522835, -0.036633506417274475, -0.035241253674030304, -0.03384900465607643, -0.03245675191283226, -0.031064502894878387, -0.029672250151634216, -0.028279999271035194, -0.026887748390436172, -0.025495495647192, -0.02410324476659298, -0.022710993885993958, -0.021318741142749786, -0.019926492124795914, -0.018534239381551743, -0.01714198850095272, -0.0157497376203537, -0.014357484877109528, -0.012965233996510506, -0.011572983115911484, -0.010180731303989887, -0.008788480423390865, -0.007396229542791843, -0.006003977730870247, -0.004611726850271225, -0.0032194815576076508, -0.0018272304441779852, -0.0004349793307483196, 0.0009572720155119896, 0.0023495228961110115, 0.0037417737767100334, 0.00513402558863163, 0.006526276469230652, 0.007918525487184525, 0.009310776367783546, 0.010703027248382568, 0.012095279060304165, 0.013487529940903187, 0.014879780821502209, 0.016272032633423805, 0.017664283514022827, 0.019056536257267, 0.02044878713786602, 0.021841038018465042, 0.023233290761709213, 0.024625539779663086, 0.026017792522907257, 0.02741004340350628, 0.0288022942841053, 0.030194545164704323, 0.031586796045303345, 0.032979048788547516, 0.03437129780650139, 0.03576355054974556, 0.03715579956769943, 0.038548052310943604, 0.039940305054187775, 0.04133255407214165]}, "gradients/conv2.0.bias": {"_type": "histogram", "values": [1.0, 0.0, 1.0, 0.0, 2.0, 0.0, 0.0, 0.0, 0.0, 0.0, 0.0, 0.0, 0.0, 0.0, 0.0, 0.0, 0.0, 0.0, 0.0, 0.0, 0.0, 0.0, 0.0, 1.0, 1.0, 1.0, 0.0, 1.0, 1.0, 0.0, 0.0, 1.0, 2.0, 2.0, 0.0, 1.0, 0.0, 1.0, 1.0, 2.0, 2.0, 0.0, 2.0, 0.0, 0.0, 1.0, 1.0, 0.0, 0.0, 0.0, 1.0, 2.0, 0.0, 1.0, 0.0, 0.0, 0.0, 0.0, 0.0, 1.0, 0.0, 0.0, 0.0, 2.0], "bins": [-0.02005215361714363, -0.019401993602514267, -0.018751833587884903, -0.01810167357325554, -0.017451513558626175, -0.01680135354399681, -0.016151193529367447, -0.015501033514738083, -0.014850873500108719, -0.014200713485479355, -0.01355055347084999, -0.012900393456220627, -0.012250233441591263, -0.011600073426961899, -0.010949913412332535, -0.01029975339770317, -0.009649593383073807, -0.008999433368444443, -0.008349273353815079, -0.007699113339185715, -0.007048953324556351, -0.006398793309926987, -0.005748633295297623, -0.005098473280668259, -0.004448313266038895, -0.0037981532514095306, -0.0031479932367801666, -0.0024978332221508026, -0.0018476732075214386, -0.0011975131928920746, -0.0005473531782627106, 0.00010280683636665344, 0.0007529668509960175, 0.0014031268656253815, 0.0020532868802547455, 0.0027034468948841095, 0.0033536069095134735, 0.0040037669241428375, 0.0046539269387722015, 0.0053040869534015656, 0.0059542469680309296, 0.006604406982660294, 0.007254566997289658, 0.007904727011919022, 0.008554887026548386, 0.00920504704117775, 0.009855207055807114, 0.010505367070436478, 0.011155527085065842, 0.011805687099695206, 0.01245584711432457, 0.013106007128953934, 0.013756167143583298, 0.014406327158212662, 0.015056487172842026, 0.01570664718747139, 0.016356807202100754, 0.017006967216730118, 0.017657127231359482, 0.018307287245988846, 0.01895744726061821, 0.019607607275247574, 0.020257767289876938, 0.020907927304506302, 0.021558087319135666]}, "gradients/conv1.0.weight": {"_type": "histogram", "values": [1.0, 0.0, 1.0, 0.0, 1.0, 1.0, 0.0, 0.0, 2.0, 0.0, 1.0, 0.0, 0.0, 0.0, 0.0, 1.0, 2.0, 3.0, 5.0, 3.0, 2.0, 3.0, 2.0, 1.0, 2.0, 7.0, 7.0, 10.0, 9.0, 9.0, 12.0, 6.0, 9.0, 11.0, 14.0, 12.0, 16.0, 29.0, 43.0, 55.0, 23.0, 16.0, 12.0, 12.0, 11.0, 10.0, 1.0, 5.0, 1.0, 2.0, 3.0, 4.0, 4.0, 6.0, 0.0, 2.0, 1.0, 2.0, 0.0, 0.0, 2.0, 0.0, 2.0, 1.0],