{"gradients/out.bias": {"_type": "histogram", "values": [1.0, 0.0, 0.0, 0.0, 0.0, 0.0, 0.0, 0.0, 0.0, 0.0, 0.0, 0.0, 0.0, 0.0, 0.0, 0.0, 0.0, 0.0, 0.0, 0.0, 0.0, 0.0, 0.0, 0.0, 0.0, 0.0, 0.0, 1.0, 0.0, 0.0, 0.0, 0.0, 0.0, 0.0, 0.0, 0.0, 0.0, 1.0, 2.0, 2.0, 0.0, 0.0, 0.0, 0.0, 0.0, 1.0, 0.0, 0.0, 0.0, 0.0, 0.0, 0.0, 1.0, 0.0, 0.0, 0.0, 0.0, 0.0, 0.0, 0.0, 0.0, 0.0, 0.0, 1.0], "bins": [-0.018513930961489677, -0.01802784763276577, -0.017541764304041862, -0.017055680975317955, -0.016569597646594048, -0.01608351245522499, -0.015597430057823658, -0.01511134672909975, -0.014625262469053268, -0.014139179140329361, -0.013653095811605453, -0.013167012482881546, -0.012680928222835064, -0.012194844894111156, -0.011708761565387249, -0.011222678236663342, -0.010736594907939434, -0.010250511579215527, -0.009764428250491619, -0.009278343990445137, -0.00879226066172123, -0.008306177332997322, -0.007820094004273415, -0.007334010675549507, -0.0068479273468256, -0.006361844018101692, -0.005875760223716497, -0.00538967689499259, -0.004903593100607395, -0.004417509771883488, -0.00393142644315958, -0.003445342881605029, -0.0029592588543891907, -0.0024731752928346395, -0.0019870917312800884, -0.001501008402556181, -0.0010149248410016298, -0.0005288412794470787, -4.2757950723171234e-05, 0.0004433256108313799, 0.0009294096380472183, 0.0014154931996017694, 0.0019015766447409987, 0.002387660089880228, 0.002873743651434779, 0.0033598272129893303, 0.0038459105417132378, 0.004331993870437145, 0.004818077199161053, 0.00530416052788496, 0.005790244322270155, 0.006276327650994062, 0.006762411445379257, 0.007248494774103165, 0.007734578102827072, 0.00822066143155098, 0.008706744760274887, 0.009192828088998795, 0.009678911417722702, 0.01016499474644661, 0.010651079006493092, 0.011137162335216999, 0.011623245663940907, 0.012109328992664814, 0.012595413252711296]}, "gradients/out.weight": {"_type": "histogram", "values": [2.0, 0.0, 1.0, 0.0, 1.0, 1.0, 0.0, 3.0, 2.0, 0.0, 1.0, 3.0, 3.0, 1.0, 9.0, 1.0, 5.0, 4.0, 1.0, 4.0, 8.0, 9.0, 16.0, 15.0, 12.0, 19.0, 17.0, 31.0, 47.0, 43.0, 49.0, 75.0, 80.0, 124.0, 158.0, 260.0, 450.0, 11385.0, 1334.0, 464.0, 293.0, 215.0, 146.0, 99.0, 59.0, 45.0, 42.0, 34.0, 19.0, 25.0, 24.0, 7.0, 8.0, 7.0, 6.0, 4.0, 6.0, 0.0, 0.0, 2.0, 0.0, 0.0, 0.0, 1.0], "bins": [-0.1969633549451828, -0.19175343215465546, -0.1865435242652893, -0.18133360147476196, -0.17612367868423462, -0.17091375589370728, -0.16570384800434113, -0.16049392521381378, -0.15528401732444763, -0.1500740945339203, -0.14486418664455414, -0.1396542638540268, -0.13444434106349945, -0.1292344331741333, -0.12402451038360596, -0.11881458759307861, -0.11360466480255127, -0.10839474946260452, -0.10318482667207718, -0.09797491133213043, -0.09276498854160309, -0.08755507320165634, -0.0823451578617096, -0.07713523507118225, -0.0719253271818161, -0.06671541184186935, -0.06150548905134201, -0.056295573711395264, -0.05108565464615822, -0.04587573558092117, -0.040665820240974426, -0.03545590117573738, -0.030245989561080933, -0.025036070495843887, -0.01982615329325199, -0.014616236090660095, -0.00940631702542305, -0.004196397960186005, 0.0010135173797607422, 0.0062234364449977875, 0.01143336296081543, 0.016643282026052475, 0.02185319922864437, 0.027063116431236267, 0.03227303549647331, 0.03748295456171036, 0.042692869901657104, 0.04790278896689415, 0.0531127005815506, 0.05832261964678764, 0.06353253871202469, 0.06874245405197144, 0.07395237684249878, 0.07916229218244553, 0.08437220752239227, 0.08958213031291962, 0.09479204565286636, 0.10000196099281311, 0.10521188378334045, 0.1104217991232872, 0.11563171446323395, 0.12084163725376129, 0.12605154514312744, 0.13126146793365479, 0.13647139072418213]}, "gradients/conv2.0.weight": {"_type": "histogram", "values": [1.0, 0.0, 2.0, 2.0, 2.0, 4.0, 3.0, 2.0, 2.0, 1.0, 3.0, 3.0, 5.0, 10.0, 13.0, 8.0, 11.0, 13.0, 18.0, 20.0, 43.0, 49.0, 49.0, 80.0, 103.0, 182.0, 262.0, 425.0, 702.0, 1433.0, 3546.0, 2794.0, 1172.0, 664.0, 379.0, 218.0, 135.0, 107.0, 95.0, 47.0, 44.0, 27.0, 26.0, 20.0, 14.0, 5.0, 9.0, 7.0, 9.0, 1.0, 9.0, 6.0, 1.0, 1.0, 1.0, 2.0, 3.0, 2.0, 0.0, 1.0, 2.0, 0.0, 1.0, 1.0], "bins": [-0.06774550676345825, -0.06555436551570892, -0.063363216817379, -0.06117207556962967, -0.05898093059659004, -0.056789785623550415, -0.054598644375801086, -0.05240749940276146, -0.05021635442972183, -0.048025209456682205, -0.04583406820893288, -0.04364292323589325, -0.04145177826285362, -0.039260633289813995, -0.03706949204206467, -0.03487834706902504, -0.03268720582127571, -0.030496062710881233, -0.028304917737841606, -0.02611377462744713, -0.0239226296544075, -0.021731486544013023, -0.019540343433618546, -0.01734919846057892, -0.01515805721282959, -0.012966913171112537, -0.010775769129395485, -0.008584626019001007, -0.006393481977283955, -0.004202337935566902, -0.0020111948251724243, 0.00017994921654462814, 0.00237109512090683, 0.004562239162623882, 0.0067533827386796474, 0.008944526314735413, 0.011135670356452465, 0.013326814398169518, 0.015517957508563995, 0.017709102481603622, 0.01990024745464325, 0.022091390565037727, 0.024282535538077354, 0.026473678648471832, 0.02866482362151146, 0.030855966731905937, 0.033047109842300415, 0.03523825481534004, 0.03742939606308937, 0.039620541036129, 0.041811682283878326, 0.044002827256917953, 0.04619397222995758, 0.04838511347770691, 0.050576258450746536, 0.05276740342378616, 0.05495854467153549, 0.05714968964457512, 0.05934083089232445, 0.061531975865364075, 0.0637231171131134, 0.06591426581144333, 0.06810540705919266, 0.07029654830694199, 0.07248769700527191]}, "gradients/conv2.0.bias": {"_type": "histogram", "values": [2.0, 0.0, 0.0, 0.0, 0.0, 1.0, 0.0, 0.0, 1.0, 1.0, 0.0, 0.0, 0.0, 0.0, 0.0, 1.0, 0.0, 0.0, 1.0, 1.0, 0.0, 0.0, 0.0, 0.0, 1.0, 0.0, 0.0, 0.0, 0.0, 0.0, 3.0, 2.0, 1.0, 0.0, 0.0, 2.0, 0.0, 1.0, 0.0, 1.0, 2.0, 0.0, 1.0, 1.0, 1.0, 0.0, 0.0, 2.0, 1.0, 0.0, 0.0, 0.0, 1.0, 2.0, 0.0, 1.0, 0.0, 0.0, 0.0, 0.0, 0.0, 0.0, 0.0, 1.0], "bins": [-0.009975213557481766, -0.009665178135037422, -0.009355142712593079, -0.00904510635882616, -0.008735070936381817, -0.008425035513937473, -0.008114999160170555, -0.0078049637377262115, -0.007494928315281868, -0.007184892892837524, -0.0068748570047318935, -0.006564821116626263, -0.006254785694181919, -0.0059447502717375755, -0.005634714383631945, -0.005324678495526314, -0.00501464307308197, -0.004704607650637627, -0.004394571762531996, -0.004084535874426365, -0.0037745004519820213, -0.003464464796707034, -0.003154429141432047, -0.0028443934861570597, -0.0025343578308820724, -0.0022243221756070852, -0.001914286520332098, -0.0016042508650571108, -0.0012942152097821236, -0.0009841795545071363, -0.0006741438992321491, -0.0003641082439571619, -5.407258868217468e-05, 0.00025596306659281254, 0.0005659987218677998, 0.000876034377142787, 0.0011860700324177742, 0.0014961056876927614, 0.0018061413429677486, 0.002116176998242736, 0.002426212653517723, 0.0027362483087927103, 0.0030462839640676975, 0.0033563196193426847, 0.003666355274617672, 0.0039763906970620155, 0.004286426585167646, 0.004596462473273277, 0.004906497895717621, 0.005216533318161964, 0.005526569206267595, 0.005836605094373226, 0.00614664051681757, 0.006456675939261913, 0.006766711827367544, 0.007076747715473175, 0.007386783137917519, 0.007696818560361862, 0.008006853982806206, 0.008316890336573124, 0.008626925759017467, 0.008936961181461811, 0.00924699753522873, 0.009557032957673073, 0.009867068380117416]}, "gradients/conv1.0.weight": {"_type": "histogram", "values": [1.0, 0.0, 0.0, 0.0, 1.0, 1.0, 2.0, 0.0, 1.0, 0.0, 1.0, 2.0, 1.0, 3.0, 1.0, 3.0, 0.0, 1.0, 1.0, 4.0, 2.0, 1.0, 5.0, 7.0, 4.0, 4.0, 8.0, 8.0, 13.0, 12.0, 10.0, 20.0, 26.0, 20.0, 18.0, 14.0, 17.0, 16.0, 14.0, 18.0, 7.0, 15.0, 12.0, 8.0, 9.0, 10.0, 11.0, 8.0, 10.0, 6.0, 7.0, 7.0, 5.0, 5.0, 2.0, 1.0, 5.0, 1.0, 3.0, 2.0, 1.0, 3.0, 1.0, 1.0],