{"gradients/out.bias": {"_type": "histogram", "values": [1.0, 0.0, 0.0, 0.0, 0.0, 0.0, 0.0, 0.0, 0.0, 0.0, 0.0, 0.0, 0.0, 0.0, 0.0, 0.0, 0.0, 0.0, 0.0, 0.0, 0.0, 0.0, 0.0, 0.0, 0.0, 0.0, 0.0, 0.0, 0.0, 0.0, 0.0, 0.0, 0.0, 0.0, 0.0, 0.0, 0.0, 1.0, 0.0, 1.0, 0.0, 2.0, 0.0, 1.0, 0.0, 0.0, 0.0, 0.0, 2.0, 0.0, 0.0, 0.0, 0.0, 0.0, 0.0, 1.0, 0.0, 0.0, 0.0, 0.0, 0.0, 0.0, 0.0, 1.0], "bins": [-0.01395242940634489, -0.01362061221152544, -0.01328879501670599, -0.01295697782188654, -0.012625160627067089, -0.012293343432247639, -0.011961525306105614, -0.011629708111286163, -0.011297890916466713, -0.010966073721647263, -0.010634256526827812, -0.010302439332008362, -0.009970622137188911, -0.009638804942369461, -0.00930698774755001, -0.00897517055273056, -0.00864335335791111, -0.00831153616309166, -0.00797971896827221, -0.007647901773452759, -0.007316084578633308, -0.006984267383813858, -0.00665244972333312, -0.00632063252851367, -0.005988814868032932, -0.005656997673213482, -0.0053251804783940315, -0.004993363283574581, -0.004661546088755131, -0.00432972889393568, -0.003997911233454943, -0.0036660940386354923, -0.0033342773094773293, -0.003002460114657879, -0.0026706429198384285, -0.0023388254921883345, -0.002007008297368884, -0.0016751911025494337, -0.0013433736748993397, -0.0010115564800798893, -0.0006797397509217262, -0.00034792249789461493, -1.6105244867503643e-05, 0.00031571206636726856, 0.0006475292611867189, 0.0009793464560061693, 0.0013111638836562634, 0.0016429810784757137, 0.0019747987389564514, 0.002306615933775902, 0.002638433128595352, 0.002970250556245446, 0.0033020677510648966, 0.003633884945884347, 0.003965702373534441, 0.004297519568353891, 0.004629336763173342, 0.004961153957992792, 0.0052929711528122425, 0.00562478881329298, 0.005956606008112431, 0.006288423202931881, 0.006620240397751331, 0.006952057592570782, 0.007283874787390232]}, "gradients/out.weight": {"_type": "histogram", "values": [1.0, 0.0, 0.0, 0.0, 0.0, 0.0, 0.0, 0.0, 0.0, 0.0, 0.0, 0.0, 0.0, 0.0, 0.0, 0.0, 1.0, 1.0, 0.0, 0.0, 0.0, 0.0, 1.0, 5.0, 4.0, 3.0, 12.0, 12.0, 5.0, 15.0, 11.0, 17.0, 22.0, 51.0, 111.0, 15205.0, 61.0, 37.0, 19.0, 18.0, 14.0, 12.0, 8.0, 8.0, 10.0, 5.0, 5.0, 3.0, 1.0, 0.0, 0.0, 0.0, 0.0, 0.0, 1.0, 0.0, 0.0, 0.0, 0.0, 0.0, 0.0, 0.0, 0.0, 1.0], "bins": [-0.059605490416288376, -0.05791695788502693, -0.05622842535376549, -0.054539892822504044, -0.0528513602912426, -0.051162827759981155, -0.04947429522871971, -0.04778576269745827, -0.04609723016619682, -0.04440869763493538, -0.042720165103673935, -0.04103163257241249, -0.03934310004115105, -0.0376545675098896, -0.03596603497862816, -0.034277502447366714, -0.03258896991610527, -0.030900437384843826, -0.029211904853582382, -0.027523372322320938, -0.025834839791059494, -0.02414630725979805, -0.022457774728536606, -0.020769242197275162, -0.019080709666013718, -0.017392177134752274, -0.01570364460349083, -0.014015112072229385, -0.012326579540967941, -0.010638047009706497, -0.008949514478445053, -0.007260981947183609, -0.0055724456906318665, -0.0038839131593704224, -0.0021953806281089783, -0.0005068480968475342, 0.00118168443441391, 0.002870216965675354, 0.004558749496936798, 0.006247282028198242, 0.007935814559459686, 0.00962434709072113, 0.011312879621982574, 0.013001412153244019, 0.014689944684505463, 0.016378477215766907, 0.01806700974702835, 0.019755542278289795, 0.02144407480955124, 0.023132607340812683, 0.024821139872074127, 0.02650967240333557, 0.028198204934597015, 0.02988673746585846, 0.031575269997119904, 0.03326380252838135, 0.03495233505964279, 0.036640867590904236, 0.03832940012216568, 0.040017932653427124, 0.04170646518468857, 0.04339499771595001, 0.045083530247211456, 0.0467720627784729, 0.048460595309734344]}, "gradients/conv2.0.weight": {"_type": "histogram", "values": [1.0, 0.0, 0.0, 2.0, 1.0, 2.0, 0.0, 1.0, 0.0, 2.0, 1.0, 0.0, 0.0, 0.0, 0.0, 1.0, 2.0, 1.0, 2.0, 1.0, 0.0, 2.0, 1.0, 2.0, 2.0, 2.0, 5.0, 4.0, 9.0, 5.0, 7.0, 10.0, 12.0, 25.0, 12596.0, 18.0, 11.0, 7.0, 8.0, 11.0, 6.0, 7.0, 3.0, 2.0, 2.0, 2.0, 3.0, 2.0, 4.0, 0.0, 3.0, 2.0, 0.0, 1.0, 0.0, 2.0, 0.0, 1.0, 1.0, 1.0, 0.0, 2.0, 0.0, 2.0], "bins": [-0.09520168602466583, -0.09243440628051758, -0.08966711908578873, -0.08689983934164047, -0.08413255214691162, -0.08136527240276337, -0.07859799265861511, -0.07583070546388626, -0.073063425719738, -0.07029614597558975, -0.0675288587808609, -0.06476157903671265, -0.061994295567274094, -0.05922701209783554, -0.05645972862839699, -0.053692445158958435, -0.05092516168951988, -0.04815787822008133, -0.045390594750642776, -0.042623311281204224, -0.03985603153705597, -0.037088748067617416, -0.034321464598178864, -0.03155418485403061, -0.028786897659301758, -0.026019614189863205, -0.0232523325830698, -0.02048504911363125, -0.017717767506837845, -0.014950484037399292, -0.01218320056796074, -0.009415918961167336, -0.006648637354373932, -0.00388135458342731, -0.001114071812480688, 0.0016532111912965775, 0.004420493729412556, 0.007187776267528534, 0.009955059736967087, 0.01272234134376049, 0.015489622950553894, 0.018256906419992447, 0.02102418802678585, 0.023791471496224403, 0.026558753103017807, 0.02932603657245636, 0.03209332004189491, 0.034860603511333466, 0.03762788698077202, 0.04039517045021057, 0.043162453919649124, 0.04592973738908768, 0.04869701713323593, 0.051464300602674484, 0.05423158407211304, 0.05699886381626129, 0.05976615101099014, 0.0625334307551384, 0.06530071794986725, 0.0680679976940155, 0.07083528488874435, 0.07360256463289261, 0.07636985182762146, 0.07913713157176971, 0.08190441131591797]}, "gradients/conv2.0.bias": {"_type": "histogram", "values": [1.0, 0.0, 0.0, 0.0, 0.0, 0.0, 1.0, 0.0, 0.0, 0.0, 0.0, 0.0, 0.0, 0.0, 0.0, 0.0, 0.0, 0.0, 0.0, 0.0, 0.0, 0.0, 0.0, 0.0, 0.0, 0.0, 0.0, 0.0, 1.0, 0.0, 0.0, 0.0, 0.0, 0.0, 0.0, 0.0, 0.0, 0.0, 0.0, 0.0, 0.0, 0.0, 1.0, 0.0, 0.0, 0.0, 0.0, 0.0, 0.0, 25.0, 0.0, 1.0, 1.0, 0.0, 0.0, 0.0, 0.0, 0.0, 0.0, 0.0, 0.0, 0.0, 0.0, 1.0], "bins": [-0.20394335687160492, -0.19986364245414734, -0.19578394293785095, -0.19170422852039337, -0.1876245141029358, -0.1835448145866394, -0.17946510016918182, -0.17538538575172424, -0.17130568623542786, -0.16722597181797028, -0.1631462723016739, -0.1590665578842163, -0.15498684346675873, -0.15090714395046234, -0.14682742953300476, -0.14274771511554718, -0.1386680006980896, -0.13458828628063202, -0.13050858676433563, -0.12642887234687805, -0.12234916538000107, -0.11826945841312408, -0.1141897439956665, -0.11011003702878952, -0.10603033006191254, -0.10195062309503555, -0.09787090867757797, -0.09379120171070099, -0.089711494743824, -0.08563178777694702, -0.08155207335948944, -0.07747236639261246, -0.07339265942573547, -0.06931295245885849, -0.06523323804140091, -0.061153531074523926, -0.05707382410764694, -0.05299411341547966, -0.04891440272331238, -0.044834695756435394, -0.04075499251484871, -0.03667528182268143, -0.03259557485580444, -0.02851586416363716, -0.02443615533411503, -0.020356446504592896, -0.016276735812425613, -0.01219702698290348, -0.00811731442809105, -0.004037605132907629, 4.210416227579117e-05, 0.004121813923120499, 0.008201522752642632, 0.012281231582164764, 0.016360942274332047, 0.02044065110385418, 0.024520359933376312, 0.028600068762898445, 0.03267977759242058, 0.03675948828458786, 0.040839195251464844, 0.044918905943632126, 0.04899861663579941, 0.05307832360267639, 0.057158034294843674]}, "gradients/conv1.0.weight": {"_type": "histogram", "values": [1.0, 0.0, 0.0, 0.0, 0.0, 1.0, 0.0, 0.0, 0.0, 0.0, 0.0, 0.0, 0.0, 0.0, 0.0, 0.0, 0.0, 0.0, 0.0, 0.0, 0.0, 1.0, 0.0, 0.0, 0.0, 0.0, 0.0, 0.0, 0.0, 0.0, 1.0, 1.0, 0.0, 1.0, 0.0, 2.0, 356.0, 7.0, 4.0, 3.0, 1.0, 4.0, 1.0, 1.0, 4.0, 1.0, 1.0, 1.0, 1.0, 0.0, 0.0, 3.0, 2.0, 0.0, 0.0, 0.0, 0.0, 0.0, 0.0, 0.0, 1.0, 0.0, 0.0, 1.0],