{"gradients/out.bias": {"_type": "histogram", "values": [1.0, 0.0, 0.0, 0.0, 0.0, 0.0, 0.0, 0.0, 0.0, 0.0, 0.0, 0.0, 0.0, 0.0, 0.0, 0.0, 0.0, 0.0, 0.0, 0.0, 0.0, 0.0, 0.0, 0.0, 1.0, 0.0, 0.0, 0.0, 0.0, 0.0, 0.0, 0.0, 0.0, 0.0, 0.0, 3.0, 1.0, 2.0, 0.0, 0.0, 0.0, 0.0, 0.0, 0.0, 0.0, 0.0, 0.0, 0.0, 0.0, 1.0, 0.0, 0.0, 0.0, 0.0, 0.0, 0.0, 0.0, 0.0, 0.0, 0.0, 0.0, 0.0, 0.0, 1.0], "bins": [-0.0015882968436926603, -0.0015436738030984998, -0.0014990507625043392, -0.0014544276054948568, -0.0014098045649006963, -0.0013651815243065357, -0.0013205584837123752, -0.0012759354431182146, -0.0012313122861087322, -0.0011866892455145717, -0.0011420662049204111, -0.0010974430479109287, -0.0010528200073167682, -0.0010081969667226076, -0.0009635739261284471, -0.0009189508273266256, -0.000874327786732465, -0.0008297047461383045, -0.000785081647336483, -0.0007404586067423224, -0.000695835507940501, -0.0006512124673463404, -0.000606589368544519, -0.0005619663279503584, -0.0005173432873561978, -0.0004727202176582068, -0.0004280971479602158, -0.00038347410736605525, -0.0003388510085642338, -0.0002942279679700732, -0.0002496048982720822, -0.0002049818285740912, -0.00016035872977226973, -0.00011573566007427871, -7.111259765224531e-05, -2.6489535230211914e-05, 1.81335344677791e-05, 6.275660416577011e-05, 0.0001073796593118459, 0.0001520027290098369, 0.00019662582781165838, 0.0002412488975096494, 0.0002858719672076404, 0.00033049500780180097, 0.00037511810660362244, 0.000419741147197783, 0.000464364216895774, 0.000508987286593765, 0.0005536103271879256, 0.0005982333677820861, 0.0006428564665839076, 0.0006874795071780682, 0.0007321026059798896, 0.0007767256465740502, 0.0008213487453758717, 0.0008659717859700322, 0.0009105948265641928, 0.0009552178671583533, 0.0009998409077525139, 0.0010444640647619963, 0.0010890871053561568, 0.0011337101459503174, 0.001178333186544478, 0.0012229562271386385, 0.0012675793841481209]}, "gradients/out.weight": {"_type": "histogram", "values": [1.0, 0.0, 1.0, 2.0, 3.0, 1.0, 0.0, 0.0, 1.0, 4.0, 0.0, 2.0, 4.0, 2.0, 3.0, 7.0, 10.0, 8.0, 5.0, 11.0, 12.0, 12.0, 20.0, 17.0, 29.0, 31.0, 39.0, 47.0, 75.0, 70.0, 95.0, 148.0, 190.0, 507.0, 13218.0, 353.0, 216.0, 122.0, 112.0, 65.0, 49.0, 42.0, 30.0, 22.0, 12.0, 12.0, 11.0, 8.0, 11.0, 10.0, 6.0, 6.0, 1.0, 3.0, 3.0, 1.0, 1.0, 1.0, 1.0, 2.0, 2.0, 2.0, 0.0, 1.0], "bins": [-0.011806871742010117, -0.01146156620234251, -0.011116261593997478, -0.010770956054329872, -0.010425650514662266, -0.01008034497499466, -0.009735040366649628, -0.009389734826982021, -0.009044429287314415, -0.008699123747646809, -0.008353819139301777, -0.00800851359963417, -0.007663208059966564, -0.007317902985960245, -0.006972597911953926, -0.00662729237228632, -0.006281987763941288, -0.005936682689934969, -0.005591377150267363, -0.0052460720762610435, -0.004900766536593437, -0.004555461462587118, -0.004210156388580799, -0.0038648510817438364, -0.003519546240568161, -0.0031742409337311983, -0.0028289356268942356, -0.0024836305528879166, -0.002138325246050954, -0.0017930199392139912, -0.0014477148652076721, -0.0011024095583707094, -0.0007571037858724594, -0.0004117985372431576, -6.649328861385584e-05, 0.00027881190180778503, 0.0006241172086447477, 0.0009694225154817104, 0.0013147275894880295, 0.0016600328963249922, 0.002005338668823242, 0.002350643975660205, 0.0026959492824971676, 0.0030412543565034866, 0.0033865596633404493, 0.003731864970177412, 0.004077170044183731, 0.004422475583851337, 0.004767780192196369, 0.005113085266202688, 0.005458390805870295, 0.005803695879876614, 0.00614900141954422, 0.006494306493550539, 0.006839611567556858, 0.007184917107224464, 0.0075302221812307835, 0.007875527255237103, 0.008220832794904709, 0.00856613740324974, 0.008911442942917347, 0.009256748482584953, 0.009602053090929985, 0.009947358630597591, 0.010292664170265198]}, "gradients/conv2.0.weight": {"_type": "histogram", "values": [1.0, 0.0, 0.0, 0.0, 1.0, 0.0, 1.0, 0.0, 0.0, 1.0, 0.0, 1.0, 3.0, 2.0, 8.0, 3.0, 5.0, 8.0, 10.0, 11.0, 21.0, 20.0, 28.0, 31.0, 54.0, 69.0, 79.0, 95.0, 122.0, 169.0, 234.0, 353.0, 468.0, 701.0, 1129.0, 3448.0, 1464.0, 1144.0, 823.0, 559.0, 437.0, 300.0, 224.0, 147.0, 134.0, 110.0, 89.0, 72.0, 32.0, 37.0, 22.0, 25.0, 24.0, 16.0, 14.0, 9.0, 7.0, 5.0, 12.0, 1.0, 4.0, 4.0, 5.0, 4.0], "bins": [-0.004385638516396284, -0.004262363538146019, -0.004139088559895754, -0.004015813581645489, -0.0038925386033952236, -0.0037692636251449585, -0.003645988879725337, -0.003522713901475072, -0.003399438923224807, -0.0032761639449745417, -0.0031528889667242765, -0.0030296139884740114, -0.00290633924305439, -0.002783064264804125, -0.0026597892865538597, -0.0025365143083035946, -0.0024132393300533295, -0.0022899643518030643, -0.0021666893735527992, -0.002043414395302534, -0.0019201395334675908, -0.0017968645552173257, -0.0016735896933823824, -0.0015503147151321173, -0.0014270397368818521, -0.001303764758631587, -0.001180489780381322, -0.0010572149185463786, -0.0009339399402961135, -0.0008106649620458484, -0.0006873900420032442, -0.00056411512196064, -0.0004408396780490875, -0.00031756472890265286, -0.0001942897797562182, -7.101483060978353e-05, 5.2260118536651134e-05, 0.00017553509678691626, 0.00029881001682952046, 0.00042208493687212467, 0.0005453599151223898, 0.0006686348933726549, 0.0007919098134152591, 0.0009151847334578633, 0.0010384597117081285, 0.0011617346899583936, 0.0012850095517933369, 0.001408284530043602, 0.0015315595082938671, 0.0016548344865441322, 0.0017781094647943974, 0.0019013843266293406, 0.0020246594212949276, 0.0021479343995451927, 0.002271209144964814, 0.0023944841232150793, 0.0025177591014653444, 0.0026410340797156096, 0.0027643090579658747, 0.00288758403621614, 0.0030108587816357613, 0.0031341337598860264, 0.0032574087381362915, 0.0033806837163865566, 0.0035039586946368217]}, "gradients/conv2.0.bias": {"_type": "histogram", "values": [1.0, 0.0, 0.0, 0.0, 0.0, 0.0, 0.0, 0.0, 0.0, 0.0, 0.0, 0.0, 1.0, 0.0, 0.0, 0.0, 1.0, 1.0, 0.0, 0.0, 1.0, 0.0, 1.0, 0.0, 2.0, 1.0, 1.0, 0.0, 0.0, 0.0, 0.0, 1.0, 0.0, 1.0, 0.0, 3.0, 1.0, 0.0, 2.0, 1.0, 2.0, 1.0, 0.0, 3.0, 0.0, 0.0, 2.0, 0.0, 0.0, 2.0, 0.0, 0.0, 0.0, 2.0, 0.0, 0.0, 0.0, 0.0, 0.0, 0.0, 0.0, 0.0, 0.0, 1.0], "bins": [-0.0014970306074246764, -0.0014519470278173685, -0.0014068634482100606, -0.0013617798686027527, -0.0013166962889954448, -0.0012716127093881369, -0.0012265290133655071, -0.001181445550173521, -0.0011363618541508913, -0.0010912782745435834, -0.0010461946949362755, -0.0010011111153289676, -0.0009560275357216597, -0.0009109439561143517, -0.0008658603182993829, -0.000820776738692075, -0.000775693217292428, -0.0007306096376851201, -0.0006855260580778122, -0.0006404424784705043, -0.0005953588988631964, -0.0005502753192558885, -0.0005051916814409196, -0.0004601081018336117, -0.0004150244640186429, -0.000369940884411335, -0.0003248573048040271, -0.0002797736960928887, -0.0002346901164855808, -0.0001896065368782729, -0.00014452292816713452, -9.943934855982661e-05, -5.435594357550144e-05, -9.272356692235917e-06, 3.581123019102961e-05, 8.089482435025275e-05, 0.00012597840395756066, 0.00017106198356486857, 0.00021614559227600694, 0.00026122917188331485, 0.00030631269328296185, 0.00035139627289026976, 0.00039647985249757767, 0.00044156346120871603, 0.00048664704081602395, 0.0005317305913195014, 0.0005768142291344702, 0.0006218978087417781, 0.000666981446556747, 0.0007120650261640549, 0.0007571486057713628, 0.0008022321853786707, 0.0008473157649859786, 0.0008923993445932865, 0.0009374829824082553, 0.0009825665038079023, 0.001027650199830532, 0.00107273377943784, 0.001117817359045148, 0.0011629009386524558, 0.0012079845182597637, 0.0012530680978670716, 0.0012981516774743795, 0.0013432353734970093, 0.0013883188366889954]}, "gradients/conv1.0.weight": {"_type": "histogram",