{"gradients/out.bias": {"_type": "histogram", "values": [1.0, 0.0, 0.0, 0.0, 0.0, 0.0, 0.0, 0.0, 0.0, 0.0, 0.0, 0.0, 0.0, 0.0, 0.0, 0.0, 0.0, 0.0, 0.0, 0.0, 0.0, 0.0, 0.0, 0.0, 0.0, 0.0, 0.0, 0.0, 0.0, 0.0, 1.0, 3.0, 3.0, 1.0, 0.0, 0.0, 0.0, 0.0, 0.0, 0.0, 0.0, 0.0, 0.0, 0.0, 0.0, 0.0, 0.0, 0.0, 0.0, 0.0, 0.0, 0.0, 0.0, 0.0, 0.0, 0.0, 0.0, 0.0, 0.0, 0.0, 0.0, 0.0, 0.0, 1.0], "bins": [-0.0006476594135165215, -0.0006274193292483687, -0.000607179244980216, -0.0005869391607120633, -0.0005666990764439106, -0.000546458933968097, -0.0005262188496999443, -0.0005059787654317915, -0.00048573868116363883, -0.0004654985968954861, -0.0004452585126273334, -0.00042501839925535023, -0.0004047783149871975, -0.0003845382307190448, -0.00036429811734706163, -0.0003440580330789089, -0.0003238179488107562, -0.0003035778645426035, -0.0002833377802744508, -0.0002630976669024676, -0.0002428575826343149, -0.00022261749836616218, -0.00020237739954609424, -0.0001821373007260263, -0.00016189721645787358, -0.00014165713218972087, -0.00012141703336965293, -0.0001011769418255426, -8.093685028143227e-05, -6.069675873732194e-05, -4.0456667193211615e-05, -2.0216568373143673e-05, 2.35741026699543e-08, 2.0263665646780282e-05, 4.050375719089061e-05, 6.074384873500094e-05, 8.098394027911127e-05, 0.0001012240318232216, 0.00012146412336733192, 0.00014170422218739986, 0.00016194430645555258, 0.0001821843907237053, 0.00020242448954377323, 0.00022266458836384118, 0.0002429046726319939, 0.0002631447569001466, 0.0002833848702721298, 0.0003036249545402825, 0.0003238650388084352, 0.0003441051230765879, 0.00036434520734474063, 0.0003845853207167238, 0.0004048254049848765, 0.00042506548925302923, 0.0004453056026250124, 0.0004655456868931651, 0.0004857857711613178, 0.0005060258554294705, 0.0005262659396976233, 0.000546506023965776, 0.0005667461082339287, 0.0005869862507097423, 0.000607226334977895, 0.0006274664192460477, 0.0006477065035142004]}, "gradients/out.weight": {"_type": "histogram", "values": [1.0, 0.0, 0.0, 0.0, 2.0, 0.0, 1.0, 1.0, 0.0, 1.0, 0.0, 0.0, 5.0, 3.0, 2.0, 2.0, 2.0, 5.0, 7.0, 2.0, 4.0, 7.0, 7.0, 8.0, 7.0, 9.0, 15.0, 16.0, 11.0, 28.0, 37.0, 12715.0, 2603.0, 33.0, 28.0, 11.0, 16.0, 15.0, 9.0, 7.0, 8.0, 7.0, 7.0, 4.0, 2.0, 7.0, 5.0, 2.0, 2.0, 2.0, 3.0, 5.0, 0.0, 0.0, 1.0, 0.0, 1.0, 1.0, 0.0, 2.0, 0.0, 0.0, 0.0, 1.0], "bins": [-0.005156812258064747, -0.004995661787688732, -0.0048345113173127174, -0.004673360846936703, -0.004512210376560688, -0.004351060371845961, -0.004189909901469946, -0.004028759431093931, -0.0038676089607179165, -0.0037064584903419018, -0.003545308019965887, -0.003384157782420516, -0.0032230073120445013, -0.0030618568416684866, -0.0029007066041231155, -0.002739556133747101, -0.002578405663371086, -0.0024172551929950714, -0.0022561047226190567, -0.0020949544850736856, -0.001933804014697671, -0.0017726535443216562, -0.0016115031903609633, -0.0014503528364002705, -0.0012892023660242558, -0.001128051895648241, -0.0009669015416875482, -0.0008057511295191944, -0.0006446007173508406, -0.00048345030518248677, -0.000322299893014133, -0.0001611495390534401, 4.656612873077393e-10, 0.0001611508778296411, 0.0003223012899979949, 0.0004834517021663487, 0.0006446021143347025, 0.0008057525265030563, 0.0009669029386714101, 0.001128053292632103, 0.0012892037630081177, 0.0014503542333841324, 0.0016115045873448253, 0.0017726549413055182, 0.0019338054116815329, 0.0020949558820575476, 0.0022561061196029186, 0.0024172565899789333, 0.002578407060354948, 0.0027395575307309628, 0.0029007080011069775, 0.0030618582386523485, 0.0032230087090283632, 0.003384159179404378, 0.003545309416949749, 0.0037064598873257637, 0.0038676103577017784, 0.004028760828077793, 0.004189911298453808, 0.0043510617688298225, 0.004512212239205837, 0.004673362243920565, 0.004834512714296579, 0.004995663184672594, 0.005156813655048609]}, "gradients/conv2.0.weight": {"_type": "histogram", "values": [1.0, 0.0, 0.0, 0.0, 0.0, 1.0, 1.0, 0.0, 0.0, 1.0, 2.0, 1.0, 1.0, 1.0, 0.0, 3.0, 2.0, 3.0, 3.0, 2.0, 5.0, 5.0, 9.0, 11.0, 8.0, 17.0, 18.0, 20.0, 33.0, 32.0, 52.0, 58.0, 91.0, 126.0, 207.0, 303.0, 548.0, 1038.0, 7408.0, 1256.0, 617.0, 365.0, 189.0, 108.0, 89.0, 45.0, 31.0, 25.0, 14.0, 11.0, 7.0, 6.0, 7.0, 6.0, 4.0, 2.0, 0.0, 1.0, 1.0, 2.0, 2.0, 0.0, 0.0, 1.0], "bins": [-0.002106750151142478, -0.0020521292462944984, -0.001997508341446519, -0.0019428874365985394, -0.0018882665317505598, -0.0018336456269025803, -0.0017790247220546007, -0.0017244038172066212, -0.0016697829123586416, -0.001615162007510662, -0.0015605411026626825, -0.001505920197814703, -0.0014512992929667234, -0.001396678388118744, -0.0013420574832707644, -0.0012874365784227848, -0.0012328156735748053, -0.0011781947687268257, -0.0011235738638788462, -0.0010689529590308666, -0.001014332054182887, -0.0009597111493349075, -0.000905090244486928, -0.0008504693396389484, -0.0007958484347909689, -0.0007412275299429893, -0.0006866066250950098, -0.0006319857202470303, -0.0005773648153990507, -0.0005227439105510712, -0.0004681230057030916, -0.0004135021008551121, -0.0003588810795918107, -0.00030426017474383116, -0.0002496392698958516, -0.00019501836504787207, -0.00014039746019989252, -8.577655535191298e-05, -3.115565050393343e-05, 2.3465254344046116e-05, 7.808615919202566e-05, 0.0001327070640400052, 0.00018732796888798475, 0.0002419488737359643, 0.00029656977858394384, 0.0003511906834319234, 0.00040581158827990294, 0.0004604324931278825, 0.000515053397975862, 0.0005696743028238416, 0.0006242952076718211, 0.0006789161125198007, 0.0007335370173677802, 0.0007881579222157598, 0.0008427788270637393, 0.0008973997319117188, 0.0009520206367596984, 0.001006641541607678, 0.0010612624464556575, 0.001115883351303637, 0.0011705042561516166, 0.0012251251609995961, 0.0012797460658475757, 0.0013343669706955552, 0.0013889878755435348]}, "gradients/conv2.0.bias": {"_type": "histogram", "values": [1.0, 0.0, 0.0, 0.0, 0.0, 0.0, 0.0, 0.0, 0.0, 0.0, 0.0, 0.0, 0.0, 0.0, 0.0, 0.0, 0.0, 0.0, 0.0, 0.0, 0.0, 0.0, 0.0, 0.0, 1.0, 0.0, 0.0, 0.0, 0.0, 0.0, 1.0, 0.0, 0.0, 0.0, 0.0, 0.0, 1.0, 0.0, 1.0, 4.0, 1.0, 2.0, 4.0, 4.0, 0.0, 3.0, 3.0, 0.0, 2.0, 1.0, 1.0, 0.0, 0.0, 1.0, 0.0, 0.0, 0.0, 0.0, 0.0, 0.0, 0.0, 0.0, 0.0, 1.0], "bins": [-0.0020001078955829144, -0.0019545149989426136, -0.001908921985886991, -0.0018633290892466903, -0.0018177360761910677, -0.001772143179550767, -0.0017265501664951444, -0.0016809572698548436, -0.001635364256799221, -0.0015897713601589203, -0.0015441783471032977, -0.001498585450462997, -0.0014529924374073744, -0.0014073995407670736, -0.001361806527711451, -0.0013162136310711503, -0.0012706206180155277, -0.001225027721375227, -0.0011794347083196044, -0.0011338418116793036, -0.001088248798623681, -0.0010426559019833803, -0.0009970628889277577, -0.000951469992287457, -0.0009058770956471562, -0.0008602841407991946, -0.0008146911859512329, -0.0007690982311032712, -0.0007235052762553096, -0.0006779123214073479, -0.0006323193665593863, -0.0005867264699190855, -0.0005411334568634629, -0.0004955405020155013, -0.0004499475471675396, -0.00040435459231957793, -0.00035876163747161627, -0.0003131686826236546, -0.0002675757568795234, -0.00022198280203156173, -0.0001763898180797696, -0.00013079686323180795, -8.52039156598039e-05, -3.961096808779985e-05, 5.981986760161817e-06, 5.157494160812348e-05, 9.716788190416992e-05, 0.00014276083675213158, 0.0001883537624962628, 0.00023394671734422445, 0.0002795396721921861, 0.0003251326270401478, 0.00037072558188810945, 0.0004163185367360711, 0.0004619114624802023, 0.0005075044464319944, 0.0005530973430722952, 0.0005986902979202569, 0.0006442832527682185, 0.0006898762076161802, 0.0007354691624641418, 0.0007810621173121035, 0.0008266550721600652, 0.0008722479688003659, 0.0009178409818559885]}, "gradients/conv1.0.weight": {"_type": "histogram",