{"gradients/out.bias": {"_type": "histogram", "values": [1.0, 0.0, 0.0, 0.0, 0.0, 0.0, 0.0, 0.0, 0.0, 0.0, 0.0, 0.0, 0.0, 0.0, 0.0, 0.0, 0.0, 0.0, 0.0, 0.0, 0.0, 0.0, 0.0, 0.0, 0.0, 0.0, 0.0, 0.0, 0.0, 0.0, 0.0, 1.0, 0.0, 0.0, 0.0, 0.0, 3.0, 2.0, 0.0, 1.0, 0.0, 1.0, 0.0, 0.0, 0.0, 0.0, 0.0, 0.0, 0.0, 0.0, 0.0, 0.0, 0.0, 0.0, 0.0, 0.0, 0.0, 0.0, 0.0, 0.0, 0.0, 0.0, 0.0, 1.0], "bins": [-0.013646774925291538, -0.01326948031783104, -0.01289218571037054, -0.012514891102910042, -0.012137595564126968, -0.01176030095666647, -0.01138300634920597, -0.011005711741745472, -0.010628417134284973, -0.010251122526824474, -0.009873827919363976, -0.009496533311903477, -0.009119238704442978, -0.008741943165659904, -0.008364648558199406, -0.007987353950738907, -0.007610059343278408, -0.007232764735817909, -0.00685547012835741, -0.006478175055235624, -0.0061008804477751255, -0.005723585840314627, -0.005346290767192841, -0.004968996159732342, -0.004591701552271843, -0.004214406944811344, -0.0038371121045202017, -0.0034598172642290592, -0.0030825226567685604, -0.0027052280493080616, -0.002327933209016919, -0.0019506383687257767, -0.0015733437612652779, -0.0011960490373894572, -0.0008187543135136366, -0.00044145958963781595, -6.416486576199532e-05, 0.0003131298581138253, 0.000690424581989646, 0.0010677194222807884, 0.0014450140297412872, 0.0018223087536171079, 0.0021996034774929285, 0.002576898317784071, 0.0029541929252445698, 0.0033314875327050686, 0.003708782372996211, 0.0040860772132873535, 0.004463371820747852, 0.004840666428208351, 0.00521796103566885, 0.005595256108790636, 0.005972550716251135, 0.006349845323711634, 0.00672714039683342, 0.007104435004293919, 0.007481729611754417, 0.007859024219214916, 0.008236318826675415, 0.008613613434135914, 0.008990908041596413, 0.009368203580379486, 0.009745498187839985, 0.010122792795300484, 0.010500087402760983]}, "gradients/out.weight": {"_type": "histogram", "values": [1.0, 0.0, 0.0, 1.0, 0.0, 0.0, 0.0, 0.0, 0.0, 1.0, 1.0, 2.0, 0.0, 2.0, 7.0, 6.0, 4.0, 7.0, 1.0, 10.0, 17.0, 20.0, 13.0, 26.0, 22.0, 35.0, 35.0, 32.0, 45.0, 54.0, 56.0, 94.0, 234.0, 1242.0, 12793.0, 448.0, 106.0, 55.0, 56.0, 48.0, 32.0, 44.0, 32.0, 25.0, 15.0, 13.0, 12.0, 8.0, 6.0, 5.0, 5.0, 2.0, 1.0, 1.0, 2.0, 1.0, 0.0, 0.0, 0.0, 0.0, 1.0, 0.0, 0.0, 1.0], "bins": [-0.11970524489879608, -0.11619634926319122, -0.11268744617700577, -0.10917855054140091, -0.10566964745521545, -0.1021607518196106, -0.09865184873342514, -0.09514295309782028, -0.09163405001163483, -0.08812515437602997, -0.08461625128984451, -0.08110735565423965, -0.0775984525680542, -0.07408955693244934, -0.07058065384626389, -0.06707175821065903, -0.06356285512447357, -0.060053955763578415, -0.05654505640268326, -0.0530361570417881, -0.049527257680892944, -0.046018362045288086, -0.04250945895910263, -0.03900056332349777, -0.035491667687892914, -0.03198276832699776, -0.0284738689661026, -0.024964969605207443, -0.021456070244312286, -0.01794717274606228, -0.014438273385167122, -0.010929374024271965, -0.007420472800731659, -0.003911573439836502, -0.0004026745446026325, 0.003106224350631237, 0.006615123711526394, 0.010124022141098976, 0.013632921501994133, 0.01714182086288929, 0.020650722086429596, 0.024159621447324753, 0.02766852080821991, 0.031177420169115067, 0.03468631953001022, 0.03819521516561508, 0.04170411825180054, 0.045213013887405396, 0.04872191324830055, 0.05223081260919571, 0.055739711970090866, 0.05924861133098602, 0.06275750696659088, 0.06626641005277634, 0.0697753056883812, 0.07328420877456665, 0.07679310441017151, 0.08030200004577637, 0.08381090313196182, 0.08731979876756668, 0.09082870185375214, 0.094337597489357, 0.09784650057554245, 0.10135539621114731, 0.10486429929733276]}, "gradients/conv2.0.weight": {"_type": "histogram", "values": [3.0, 2.0, 4.0, 6.0, 12.0, 11.0, 11.0, 6.0, 6.0, 9.0, 17.0, 15.0, 12.0, 18.0, 23.0, 22.0, 24.0, 25.0, 23.0, 26.0, 50.0, 35.0, 44.0, 46.0, 55.0, 70.0, 73.0, 92.0, 120.0, 191.0, 216.0, 380.0, 552.0, 953.0, 3377.0, 2259.0, 1400.0, 782.0, 422.0, 272.0, 200.0, 168.0, 126.0, 94.0, 98.0, 67.0, 58.0, 42.0, 61.0, 48.0, 25.0, 31.0, 27.0, 12.0, 14.0, 13.0, 18.0, 8.0, 6.0, 6.0, 3.0, 5.0, 3.0, 3.0], "bins": [-0.03120396099984646, -0.03031194396317005, -0.029419925063848495, -0.02852790802717209, -0.027635890990495682, -0.026743873953819275, -0.02585185505449772, -0.024959838017821312, -0.024067819118499756, -0.02317580208182335, -0.022283783182501793, -0.021391766145825386, -0.02049974910914898, -0.019607730209827423, -0.018715713173151016, -0.01782369613647461, -0.016931679099798203, -0.016039662063121796, -0.015147644095122814, -0.014255626127123833, -0.013363609090447426, -0.012471591122448444, -0.011579573154449463, -0.010687556117773056, -0.0097955372184515, -0.008903519250452518, -0.008011502213776112, -0.00711948424577713, -0.006227466743439436, -0.005335449241101742, -0.00444343127310276, -0.003551413770765066, -0.0026593971997499466, -0.0017673795809969306, -0.0008753619622439146, 1.6655772924423218e-05, 0.0009086732752621174, 0.0018006907775998116, 0.002692708745598793, 0.003584726247936487, 0.004476742818951607, 0.005368760321289301, 0.006260777823626995, 0.0071527957916259766, 0.008044812828302383, 0.008936830796301365, 0.009828848764300346, 0.010720865800976753, 0.01161288470029831, 0.01250490266829729, 0.013396919704973698, 0.01428893767297268, 0.015180954709649086, 0.016072973608970642, 0.01696499064564705, 0.017857007682323456, 0.018749024718999863, 0.01964104175567627, 0.020533060654997826, 0.021425077691674232, 0.02231709472835064, 0.023209113627672195, 0.024101130664348602, 0.02499314770102501, 0.025885166600346565]}, "gradients/conv2.0.bias": {"_type": "histogram", "values": [1.0, 0.0, 0.0, 0.0, 0.0, 1.0, 0.0, 0.0, 0.0, 0.0, 1.0, 0.0, 0.0, 1.0, 2.0, 0.0, 0.0, 1.0, 0.0, 0.0, 1.0, 0.0, 0.0, 1.0, 0.0, 0.0, 2.0, 0.0, 0.0, 0.0, 0.0, 0.0, 3.0, 0.0, 2.0, 0.0, 1.0, 1.0, 0.0, 0.0, 1.0, 0.0, 0.0, 0.0, 1.0, 2.0, 0.0, 0.0, 0.0, 1.0, 1.0, 1.0, 1.0, 0.0, 1.0, 1.0, 0.0, 0.0, 2.0, 1.0, 0.0, 0.0, 0.0, 1.0], "bins": [-0.007799407467246056, -0.007579419296234846, -0.007359431125223637, -0.00713944248855114, -0.00691945431753993, -0.006699466146528721, -0.006479477975517511, -0.006259489804506302, -0.006039501167833805, -0.005819512996822596, -0.005599524825811386, -0.005379536189138889, -0.00515954801812768, -0.00493955984711647, -0.004719571676105261, -0.004499583505094051, -0.004279595334082842, -0.004059607163071632, -0.0038396187592297792, -0.0036196305882185698, -0.0033996421843767166, -0.003179654013365507, -0.0029596658423542976, -0.002739677671343088, -0.0025196895003318787, -0.002299701329320669, -0.002079712925478816, -0.0018597247544676065, -0.0016397364670410752, -0.001419748179614544, -0.0011997600086033344, -0.0009797717211768031, -0.0007597827352583408, -0.0005397944478318095, -0.0003198062186129391, -9.981798939406872e-05, 0.0001201702980324626, 0.0003401585854589939, 0.0005601467564702034, 0.0007801350438967347, 0.0010001235641539097, 0.001220111851580441, 0.0014401001390069723, 0.0016600883100181818, 0.0018800765974447131, 0.0021000648848712444, 0.002320053055882454, 0.0025400412268936634, 0.002760029397904873, 0.0029800175689160824, 0.0032000059727579355, 0.003419994143769145, 0.003639982547610998, 0.0038599707186222076, 0.004079958889633417, 0.004299947060644627, 0.004519935697317123, 0.004739923868328333, 0.004959912039339542, 0.005179900676012039, 0.005399888847023249, 0.005619877018034458, 0.005839865189045668, 0.006059853360056877, 0.006279841531068087]}, "gradients/conv1.0.weight": {"_type": "histogram", "values": [2.0, 0.0, 0.0, 1.0, 0.0, 0.0, 1.0, 3.0, 2.0, 3.0, 2.0, 3.0, 1.0, 2.0, 11.0, 1.0, 16.0, 9.0, 11.0, 7.0, 8.0, 12.0, 11.0, 16.0, 16.0, 19.0, 21.0, 19.0, 17.0, 15.0, 17.0, 59.0, 15.0, 9.0, 9.0, 7.0, 4.0, 6.0, 3.0, 1.0, 5.0, 6.0, 4.0, 2.0, 6.0, 0.0, 4.0, 4.0, 3.0, 1.0, 1.0, 1.0, 0.0, 1.0, 0.0, 0.0, 2.0, 0.0, 0.0, 0.0, 0.0, 0.0, 0.0, 1.0],