{"gradients/out.bias": {"_type": "histogram", "values": [1.0, 0.0, 0.0, 0.0, 0.0, 0.0, 0.0, 0.0, 0.0, 0.0, 0.0, 0.0, 0.0, 0.0, 0.0, 0.0, 0.0, 1.0, 0.0, 0.0, 1.0, 0.0, 0.0, 0.0, 0.0, 0.0, 0.0, 0.0, 0.0, 0.0, 1.0, 3.0, 0.0, 1.0, 0.0, 0.0, 0.0, 0.0, 0.0, 0.0, 0.0, 0.0, 0.0, 0.0, 0.0, 0.0, 0.0, 0.0, 0.0, 0.0, 0.0, 0.0, 0.0, 0.0, 0.0, 0.0, 0.0, 1.0, 0.0, 0.0, 0.0, 0.0, 0.0, 1.0], "bins": [-1.8470633222023025e-05, -1.789321322576143e-05, -1.7315791410510428e-05, -1.673837141424883e-05, -1.616094959899783e-05, -1.5583529602736235e-05, -1.5006108696979936e-05, -1.4428687791223638e-05, -1.385126688546734e-05, -1.3273845979711041e-05, -1.2696425073954742e-05, -1.2119004168198444e-05, -1.1541584171936847e-05, -1.0964162356685847e-05, -1.038674236042425e-05, -9.809321454667952e-06, -9.231900548911653e-06, -8.654479643155355e-06, -8.077058737399057e-06, -7.499638286390109e-06, -6.9222173806338105e-06, -6.344796474877512e-06, -5.7673760238685645e-06, -5.189955118112266e-06, -4.612534212355968e-06, -4.035113306599669e-06, -3.457692628217046e-06, -2.880271949834423e-06, -2.3028510440781247e-06, -1.7254301383218262e-06, -1.1480094599392032e-06, -5.705887815565802e-07, 6.832124199718237e-09, 5.84252916269179e-07, 1.1616737083386397e-06, 1.7390945004081004e-06, 2.316515292477561e-06, 2.8939361982338596e-06, 3.4713568766164826e-06, 4.048777554999106e-06, 4.626198460755404e-06, 5.2036193665117025e-06, 5.781040272268001e-06, 6.3584607232769486e-06, 6.935881629033247e-06, 7.5133025347895455e-06, 8.090722985798493e-06, 8.668143891554791e-06, 9.24556479731109e-06, 9.822985703067388e-06, 1.0400406608823687e-05, 1.0977827514579985e-05, 1.1555248420336284e-05, 1.213266841659788e-05, 1.2710089322354179e-05, 1.3287510228110477e-05, 1.3864931133866776e-05, 1.4442352039623074e-05, 1.5019772945379373e-05, 1.559719385113567e-05, 1.6174613847397268e-05, 1.6752035662648268e-05, 1.7329455658909865e-05, 1.7906877474160865e-05, 1.848429747042246e-05]}, "gradients/out.weight": {"_type": "histogram", "values": [1.0, 1.0, 0.0, 1.0, 0.0, 1.0, 2.0, 0.0, 0.0, 1.0, 0.0, 2.0, 2.0, 0.0, 5.0, 1.0, 3.0, 3.0, 8.0, 4.0, 6.0, 11.0, 7.0, 18.0, 19.0, 20.0, 23.0, 29.0, 32.0, 60.0, 59.0, 13970.0, 1090.0, 49.0, 58.0, 30.0, 28.0, 17.0, 18.0, 20.0, 17.0, 8.0, 14.0, 6.0, 3.0, 8.0, 3.0, 4.0, 1.0, 5.0, 0.0, 2.0, 2.0, 0.0, 2.0, 0.0, 0.0, 2.0, 1.0, 0.0, 1.0, 0.0, 1.0, 1.0], "bins": [-0.00010271230712532997, -9.95025402517058e-05, -9.629277337808162e-05, -9.308300650445744e-05, -8.987323963083327e-05, -8.666346548125148e-05, -8.34536986076273e-05, -8.024393173400313e-05, -7.703416486037895e-05, -7.382439798675478e-05, -7.06146311131306e-05, -6.740486423950642e-05, -6.419509008992463e-05, -6.0985326854279265e-05, -5.777555634267628e-05, -5.4565789469052106e-05, -5.135602259542793e-05, -4.8146255721803755e-05, -4.493648884817958e-05, -4.1726718336576596e-05, -3.851695146295242e-05, -3.5307184589328244e-05, -3.209741407772526e-05, -2.8887647204101086e-05, -2.567788033047691e-05, -2.2468113456852734e-05, -1.9258344764239155e-05, -1.6048576071625575e-05, -1.28388091980014e-05, -9.629042324377224e-06, -6.4192736317636445e-06, -3.209504939150065e-06, 2.6193447411060333e-10, 3.210029717592988e-06, 6.419797500711866e-06, 9.629565283830743e-06, 1.283933306694962e-05, 1.6049099940573797e-05, 1.9258868633187376e-05, 2.2468637325800955e-05, 2.567840419942513e-05, 2.8888171073049307e-05, 3.209793794667348e-05, 3.5307708458276466e-05, 3.851747533190064e-05, 4.172724220552482e-05, 4.49370127171278e-05, 4.8146779590751976e-05, 5.135654646437615e-05, 5.456631333800033e-05, 5.77760802116245e-05, 6.0985850723227486e-05, 6.419561395887285e-05, 6.740538810845464e-05, 7.061515498207882e-05, 7.3824921855703e-05, 7.703468872932717e-05, 8.024445560295135e-05, 8.345422247657552e-05, 8.66639893501997e-05, 8.987376349978149e-05, 9.308352309744805e-05, 9.629329724702984e-05, 9.950306412065402e-05, 0.00010271283099427819]}, "gradients/conv2.0.weight": {"_type": "histogram", "values": [1.0, 0.0, 1.0, 1.0, 1.0, 1.0, 0.0, 2.0, 1.0, 2.0, 0.0, 6.0, 2.0, 3.0, 6.0, 11.0, 9.0, 11.0, 9.0, 12.0, 17.0, 17.0, 29.0, 28.0, 34.0, 62.0, 41.0, 83.0, 98.0, 106.0, 155.0, 207.0, 363.0, 577.0, 8942.0, 776.0, 376.0, 268.0, 161.0, 91.0, 72.0, 45.0, 34.0, 27.0, 31.0, 14.0, 9.0, 12.0, 11.0, 10.0, 7.0, 4.0, 3.0, 0.0, 2.0, 6.0, 0.0, 1.0, 0.0, 0.0, 0.0, 0.0, 0.0, 2.0], "bins": [-5.608121500699781e-05, -5.446388968266547e-05, -5.284656799631193e-05, -5.122924267197959e-05, -4.961191734764725e-05, -4.7994595661293715e-05, -4.6377270336961374e-05, -4.475994501262903e-05, -4.31426233262755e-05, -4.1525298001943156e-05, -3.990797631558962e-05, -3.829065099125728e-05, -3.6673329304903746e-05, -3.5056003980571404e-05, -3.343867865623906e-05, -3.182135696988553e-05, -3.0204031645553187e-05, -2.858670814021025e-05, -2.696938463486731e-05, -2.535205931053497e-05, -2.373473580519203e-05, -2.2117412299849093e-05, -2.050008697551675e-05, -1.8882763470173813e-05, -1.7265439964830875e-05, -1.5648116459487937e-05, -1.4030792044650298e-05, -1.2413467629812658e-05, -1.079614412446972e-05, -9.178820619126782e-06, -7.561496204289142e-06, -5.944171789451502e-06, -4.326848284108564e-06, -2.7095243240182754e-06, -1.0922003639279865e-06, 5.251235961623024e-07, 2.1424475562525913e-06, 3.7597710615955293e-06, 5.377095476433169e-06, 6.994419891270809e-06, 8.611743396613747e-06, 1.0229066901956685e-05, 1.1846391316794325e-05, 1.3463715731631964e-05, 1.5081039236974902e-05, 1.669836274231784e-05, 1.8315688066650182e-05, 1.993301157199312e-05, 2.1550335077336058e-05, 2.3167658582678996e-05, 2.4784982088021934e-05, 2.6402307412354276e-05, 2.8019630917697214e-05, 2.963695442304015e-05, 3.125427974737249e-05, 3.2871605071704835e-05, 3.448892675805837e-05, 3.610625208239071e-05, 3.7723573768744245e-05, 3.934089909307659e-05, 4.095822077943012e-05, 4.257554610376246e-05, 4.4192871428094804e-05, 4.581019311444834e-05, 4.742751843878068e-05]}, "gradients/conv2.0.bias": {"_type": "histogram", "values": [3.0, 0.0, 0.0, 0.0, 0.0, 1.0, 0.0, 1.0, 1.0, 1.0, 0.0, 0.0, 0.0, 0.0, 0.0, 1.0, 0.0, 0.0, 0.0, 0.0, 1.0, 2.0, 0.0, 1.0, 0.0, 0.0, 0.0, 0.0, 0.0, 7.0, 2.0, 0.0, 0.0, 1.0, 2.0, 0.0, 0.0, 1.0, 1.0, 0.0, 1.0, 1.0, 0.0, 0.0, 1.0, 0.0, 1.0, 0.0, 1.0, 0.0, 0.0, 0.0, 0.0, 0.0, 0.0, 0.0, 0.0, 0.0, 0.0, 0.0, 0.0, 0.0, 0.0, 1.0], "bins": [-4.10522916354239e-05, -3.96788127545733e-05, -3.830533751170151e-05, -3.693185863085091e-05, -3.555838338797912e-05, -3.418490450712852e-05, -3.2811425626277924e-05, -3.143795038340613e-05, -3.0064473321544938e-05, -2.8690996259683743e-05, -2.731751919782255e-05, -2.5944042135961354e-05, -2.4570563255110756e-05, -2.3197088012238964e-05, -2.1823609131388366e-05, -2.045013206952717e-05, -1.9076655007665977e-05, -1.7703177945804782e-05, -1.6329700883943588e-05, -1.4956222912587691e-05, -1.3582745850726496e-05, -1.2209268788865302e-05, -1.0835790817509405e-05, -9.46231375564821e-06, -8.088834874797612e-06, -6.715357812936418e-06, -5.341880296327872e-06, -3.968402779719327e-06, -2.594925717858132e-06, -1.2214486559969373e-06, 1.5202931535895914e-07, 1.5255063772201538e-06, 2.898985258070752e-06, 4.272462319931947e-06, 5.645939836540492e-06, 7.019417353149038e-06, 8.392894415010232e-06, 9.766371476871427e-06, 1.1139849448227324e-05, 1.2513326510088518e-05, 1.388680175296031e-05, 1.5260278814821504e-05, 1.66337558766827e-05, 1.8007234757533297e-05, 1.9380710000405088e-05, 2.0754188881255686e-05, 2.212766594311688e-05, 2.3501143004978076e-05, 2.4874621885828674e-05, 2.624809894768987e-05, 2.7621576009551063e-05, 2.899505489040166e-05, 3.0368530133273453e-05, 3.174200901412405e-05, 3.311548789497465e-05, 3.448896313784644e-05, 3.586243838071823e-05, 3.723591726156883e-05, 3.860939250444062e-05, 3.998287138529122e-05, 4.135634662816301e-05, 4.272982550901361e-05, 4.4103304389864206e-05, 4.5476779632736e-05, 4.6850258513586596e-05]}, "gradients/conv1.0.weight": {"_type": "histogram",