{"gradients/out.bias": {"_type": "histogram", "values": [1.0, 0.0, 0.0, 0.0, 0.0, 0.0, 0.0, 0.0, 0.0, 0.0, 0.0, 0.0, 0.0, 0.0, 0.0, 0.0, 0.0, 0.0, 0.0, 0.0, 0.0, 0.0, 0.0, 2.0, 1.0, 0.0, 0.0, 0.0, 1.0, 3.0, 0.0, 0.0, 0.0, 0.0, 0.0, 0.0, 0.0, 0.0, 0.0, 1.0, 0.0, 0.0, 0.0, 0.0, 0.0, 0.0, 0.0, 0.0, 0.0, 0.0, 0.0, 0.0, 0.0, 0.0, 0.0, 0.0, 0.0, 0.0, 0.0, 0.0, 0.0, 0.0, 0.0, 1.0], "bins": [-0.0025054283905774355, -0.00241928081959486, -0.002333133015781641, -0.0022469854447990656, -0.0021608376409858465, -0.002074690070003271, -0.001988542266190052, -0.0019023946952074766, -0.0018162471242249012, -0.001730099436827004, -0.0016439517494291067, -0.0015578041784465313, -0.001471656491048634, -0.0013855088036507368, -0.0012993611162528396, -0.0012132134288549423, -0.001127065741457045, -0.0010409180540591478, -0.0009547704248689115, -0.0008686227374710143, -0.0007824751082807779, -0.0006963274208828807, -0.0006101797334849834, -0.0005240321042947471, -0.00043788435868918896, -0.00035173670039512217, -0.0002655890421010554, -0.00017944135470315814, -9.329369640909135e-05, -7.146038115024567e-06, 7.900164928287268e-05, 0.000165149278473109, 0.00025129690766334534, 0.0003374445659574121, 0.0004235922242514789, 0.0005097399116493762, 0.0005958875408396125, 0.0006820352282375097, 0.000768182915635407, 0.0008543305448256433, 0.0009404781740158796, 0.0010266258614137769, 0.0011127735488116741, 0.0011989211197942495, 0.0012850688071921468, 0.001371216494590044, 0.0014573641819879413, 0.0015435118693858385, 0.0016296595567837358, 0.001715807244181633, 0.0018019549315795302, 0.0018881026189774275, 0.001974250189960003, 0.002060397993773222, 0.0021465455647557974, 0.002232693135738373, 0.002318840939551592, 0.0024049885105341673, 0.0024911363143473864, 0.0025772838853299618, 0.002663431689143181, 0.0027495792601257563, 0.0028357268311083317, 0.0029218746349215508, 0.003008022205904126]}, "gradients/out.weight": {"_type": "histogram", "values": [1.0, 0.0, 0.0, 0.0, 2.0, 1.0, 1.0, 1.0, 2.0, 1.0, 2.0, 2.0, 2.0, 9.0, 6.0, 12.0, 5.0, 8.0, 19.0, 12.0, 12.0, 20.0, 19.0, 16.0, 37.0, 42.0, 44.0, 69.0, 126.0, 282.0, 751.0, 12792.0, 580.0, 248.0, 147.0, 86.0, 58.0, 46.0, 36.0, 31.0, 17.0, 11.0, 20.0, 12.0, 15.0, 14.0, 12.0, 9.0, 6.0, 10.0, 6.0, 3.0, 5.0, 2.0, 3.0, 1.0, 1.0, 2.0, 2.0, 0.0, 0.0, 0.0, 0.0, 1.0], "bins": [-0.02619566209614277, -0.02536645159125328, -0.02453724294900894, -0.023708032444119453, -0.022878823801875114, -0.022049613296985626, -0.021220404654741287, -0.0203911941498518, -0.01956198364496231, -0.018732773140072823, -0.017903564497828484, -0.017074353992938995, -0.016245145350694656, -0.015415934845805168, -0.014586725272238255, -0.013757515698671341, -0.012928307056427002, -0.012099097482860088, -0.011269887909293175, -0.010440677404403687, -0.009611468762159348, -0.00878225825726986, -0.007953048683702946, -0.007123839110136032, -0.006294628605246544, -0.00546541903167963, -0.004636209458112717, -0.0038069994188845158, -0.002977789845317602, -0.0021485802717506886, -0.0013193702325224876, -0.000490160658955574, 0.0003390461206436157, 0.0011682558106258512, 0.0019974655006080866, 0.002826675307005644, 0.0036558848805725574, 0.004485094454139471, 0.005314304493367672, 0.006143514066934586, 0.0069727227091789246, 0.007801932282745838, 0.008631141856312752, 0.00946035236120224, 0.010289561003446579, 0.011118771508336067, 0.01194798108190298, 0.012777190655469894, 0.013606401160359383, 0.014435610733926296, 0.01526482030749321, 0.016094030812382698, 0.016923239454627037, 0.017752449959516525, 0.018581658601760864, 0.019410869106650352, 0.02024007961153984, 0.02106929011642933, 0.021898498758673668, 0.022727709263563156, 0.023556917905807495, 0.024386128410696983, 0.02521533891558647, 0.02604454755783081, 0.02687375620007515]}, "gradients/conv2.0.weight": {"_type": "histogram", "values": [1.0, 0.0, 1.0, 2.0, 0.0, 0.0, 0.0, 0.0, 1.0, 4.0, 2.0, 6.0, 2.0, 7.0, 5.0, 11.0, 9.0, 11.0, 19.0, 16.0, 19.0, 39.0, 49.0, 63.0, 65.0, 89.0, 126.0, 215.0, 254.0, 380.0, 578.0, 861.0, 1570.0, 2871.0, 1583.0, 1041.0, 777.0, 546.0, 406.0, 309.0, 250.0, 133.0, 139.0, 96.0, 61.0, 44.0, 36.0, 28.0, 17.0, 13.0, 11.0, 7.0, 6.0, 5.0, 7.0, 1.0, 2.0, 3.0, 1.0, 1.0, 0.0, 0.0, 0.0, 1.0], "bins": [-0.008326192386448383, -0.008075697347521782, -0.007825201377272606, -0.007574705872684717, -0.0073242103680968285, -0.007073715329170227, -0.006823219824582338, -0.00657272431999445, -0.006322228815406561, -0.006071733310818672, -0.0058212378062307835, -0.005570742301642895, -0.005320247262716293, -0.005069751292467117, -0.004819256253540516, -0.004568760748952627, -0.0043182652443647385, -0.00406776973977685, -0.003817274235188961, -0.003566778963431716, -0.0033162834588438272, -0.0030657879542559385, -0.0028152926824986935, -0.0025647971779108047, -0.002314301673322916, -0.0020638061687350273, -0.0018133107805624604, -0.0015628153923898935, -0.0013123198878020048, -0.001061824383214116, -0.0008113289950415492, -0.0005608336068689823, -0.0003103376366198063, -5.9842190239578485e-05, 0.00019065325614064932, 0.0004411487025208771, 0.0006916441489011049, 0.0009421396534889936, 0.0011926350416615605, 0.0014431304298341274, 0.0016936259344220161, 0.0019441214390099049, 0.0021946169435977936, 0.0024451122153550386, 0.0026956077199429274, 0.002946103224530816, 0.003196598496288061, 0.00344709400087595, 0.0036975895054638386, 0.003948085010051727, 0.004198580514639616, 0.004449076019227505, 0.004699571058154106, 0.004950067028403282, 0.005200562067329884, 0.005451057571917772, 0.005701553076505661, 0.00595204858109355, 0.0062025440856814384, 0.006453039590269327, 0.006703535094857216, 0.006954030133783817, 0.007204525638371706, 0.007455021142959595, 0.0077055166475474834]}, "gradients/conv2.0.bias": {"_type": "histogram", "values": [1.0, 0.0, 0.0, 0.0, 0.0, 0.0, 0.0, 0.0, 0.0, 0.0, 0.0, 0.0, 0.0, 0.0, 0.0, 1.0, 1.0, 1.0, 2.0, 2.0, 1.0, 2.0, 0.0, 0.0, 1.0, 0.0, 2.0, 1.0, 1.0, 0.0, 1.0, 3.0, 0.0, 2.0, 0.0, 2.0, 0.0, 1.0, 0.0, 0.0, 1.0, 1.0, 1.0, 1.0, 0.0, 0.0, 0.0, 2.0, 0.0, 0.0, 0.0, 0.0, 0.0, 0.0, 0.0, 0.0, 0.0, 0.0, 0.0, 0.0, 0.0, 0.0, 0.0, 1.0], "bins": [-0.0022771083749830723, -0.0021848143078386784, -0.0020925202406942844, -0.0020002261735498905, -0.0019079319899901748, -0.0018156379228457808, -0.001723343855701387, -0.0016310496721416712, -0.0015387556049972773, -0.0014464615378528833, -0.0013541674707084894, -0.0012618734035640955, -0.0011695792200043797, -0.0010772851528599858, -0.000984991085715592, -0.0008926969603635371, -0.0008004029514268041, -0.0007081088842824101, -0.0006158147589303553, -0.0005235206917859614, -0.000431226595537737, -0.00033893249928951263, -0.0002466384321451187, -0.00015434430679306388, -6.205029785633087e-05, 3.0243791115935892e-05, 0.00012253788008820266, 0.0002148319617845118, 0.0003071260580327362, 0.00039942015428096056, 0.0004917142214253545, 0.0005840083467774093, 0.0006763024721294641, 0.0007685965392738581, 0.0008608906646259129, 0.0009531847317703068, 0.0010454788571223617, 0.0011377729242667556, 0.0012300669914111495, 0.0013223611749708652, 0.0014146552421152592, 0.001506949309259653, 0.001599243376404047, 0.001691537443548441, 0.0017838316271081567, 0.0018761256942525506, 0.0019684196449816227, 0.0020607139449566603, 0.0021530077792704105, 0.0022453018464148045, 0.0023375959135591984, 0.0024298899807035923, 0.0025221840478479862, 0.00261447811499238, 0.002706772182136774, 0.0027990664821118116, 0.0028913605492562056, 0.0029836546164005995, 0.0030759486835449934, 0.0031682427506893873, 0.0032605368178337812, 0.003352831117808819, 0.0034451251849532127, 0.0035374192520976067, 0.0036297133192420006]}, "gradients/conv1.0.weight": {"_type": "histogram",