{"gradients/out.bias": {"_type": "histogram", "values": [1.0, 0.0, 0.0, 0.0, 0.0, 0.0, 0.0, 0.0, 0.0, 0.0, 0.0, 0.0, 0.0, 1.0, 0.0, 0.0, 0.0, 0.0, 0.0, 0.0, 0.0, 0.0, 0.0, 0.0, 0.0, 0.0, 0.0, 0.0, 0.0, 0.0, 1.0, 0.0, 0.0, 1.0, 2.0, 0.0, 0.0, 1.0, 0.0, 0.0, 1.0, 0.0, 0.0, 0.0, 0.0, 0.0, 0.0, 0.0, 0.0, 0.0, 0.0, 0.0, 0.0, 0.0, 1.0, 0.0, 0.0, 0.0, 0.0, 0.0, 0.0, 0.0, 0.0, 1.0], "bins": [-0.06277672946453094, -0.06094514578580856, -0.05911356210708618, -0.0572819821536541, -0.05545039847493172, -0.053618814796209335, -0.05178723484277725, -0.04995565116405487, -0.04812406748533249, -0.04629248380661011, -0.044460900127887726, -0.04262932017445564, -0.04079773649573326, -0.03896615281701088, -0.037134572863578796, -0.035302989184856415, -0.03347140550613403, -0.03163982182741165, -0.02980824001133442, -0.027976658195257187, -0.026145074516534805, -0.024313490837812424, -0.02248190902173519, -0.02065032720565796, -0.018818743526935577, -0.016987159848213196, -0.015155578032135963, -0.013323995284736156, -0.01149241253733635, -0.009660829789936543, -0.007829247042536736, -0.0059976642951369286, -0.004166081547737122, -0.0023344988003373146, -0.0005029160529375076, 0.0013286666944622993, 0.0031602494418621063, 0.004991832189261913, 0.00682341493666172, 0.008654997684061527, 0.010486580431461334, 0.012318163178861141, 0.014149745926260948, 0.01598132774233818, 0.017812911421060562, 0.019644495099782944, 0.021476076915860176, 0.02330765873193741, 0.02513924241065979, 0.02697082608938217, 0.028802407905459404, 0.030633989721536636, 0.03246557340025902, 0.0342971570789814, 0.03612873703241348, 0.037960320711135864, 0.039791904389858246, 0.04162348806858063, 0.04345507174730301, 0.04528665170073509, 0.047118235379457474, 0.048949819058179855, 0.05078139901161194, 0.05261298269033432, 0.0544445663690567]}, "gradients/out.weight": {"_type": "histogram", "values": [2.0, 0.0, 0.0, 1.0, 1.0, 2.0, 1.0, 4.0, 1.0, 5.0, 3.0, 7.0, 5.0, 9.0, 7.0, 9.0, 20.0, 10.0, 24.0, 25.0, 26.0, 48.0, 48.0, 61.0, 68.0, 88.0, 105.0, 174.0, 214.0, 306.0, 413.0, 551.0, 939.0, 1844.0, 5709.0, 1847.0, 939.0, 589.0, 403.0, 274.0, 183.0, 163.0, 123.0, 101.0, 65.0, 50.0, 46.0, 33.0, 33.0, 17.0, 16.0, 10.0, 6.0, 6.0, 6.0, 9.0, 6.0, 7.0, 4.0, 3.0, 6.0, 3.0, 1.0, 1.0], "bins": [-0.15905846655368805, -0.15443871915340424, -0.14981898665428162, -0.1451992392539978, -0.140579491853714, -0.13595974445343018, -0.13133999705314636, -0.12672026455402374, -0.12210051715373993, -0.11748076975345612, -0.1128610298037529, -0.10824128985404968, -0.10362154245376587, -0.09900179505348206, -0.09438205510377884, -0.08976231515407562, -0.08514256775379181, -0.080522820353508, -0.07590308040380478, -0.07128334045410156, -0.06666359305381775, -0.062043849378824234, -0.05742410570383072, -0.052804362028837204, -0.04818461835384369, -0.043564874678850174, -0.03894513100385666, -0.034325387328863144, -0.02970564365386963, -0.025085899978876114, -0.0204661563038826, -0.015846412628889084, -0.011226668953895569, -0.006606925278902054, -0.001987181603908539, 0.002632562071084976, 0.007252305746078491, 0.011872049421072006, 0.01649179309606552, 0.021111536771059036, 0.02573128044605255, 0.030351024121046066, 0.03497076779603958, 0.039590511471033096, 0.04421025514602661, 0.048829998821020126, 0.05344974249601364, 0.058069486171007156, 0.06268922984600067, 0.06730897724628448, 0.0719287171959877, 0.07654845714569092, 0.08116820454597473, 0.08578795194625854, 0.09040769189596176, 0.09502743184566498, 0.09964717924594879, 0.1042669266462326, 0.10888666659593582, 0.11350640654563904, 0.11812615394592285, 0.12274590134620667, 0.12736564874649048, 0.1319853812456131, 0.1366051286458969]}, "gradients/conv2.0.weight": {"_type": "histogram", "values": [1.0, 0.0, 0.0, 0.0, 1.0, 0.0, 0.0, 0.0, 0.0, 3.0, 3.0, 1.0, 3.0, 2.0, 1.0, 3.0, 4.0, 8.0, 4.0, 5.0, 4.0, 10.0, 23.0, 23.0, 15.0, 24.0, 38.0, 25.0, 34.0, 64.0, 49.0, 61.0, 67.0, 108.0, 130.0, 127.0, 185.0, 223.0, 305.0, 436.0, 656.0, 927.0, 1461.0, 4066.0, 1756.0, 855.0, 390.0, 238.0, 134.0, 99.0, 71.0, 45.0, 37.0, 32.0, 12.0, 11.0, 7.0, 3.0, 4.0, 2.0, 2.0, 0.0, 0.0, 2.0], "bins": [-0.06834271550178528, -0.06677853316068649, -0.06521434336900711, -0.06365016102790833, -0.06208597496151924, -0.06052178889513016, -0.05895760655403137, -0.05739342048764229, -0.055829234421253204, -0.05426504835486412, -0.05270086228847504, -0.05113667994737625, -0.04957249388098717, -0.048008307814598083, -0.0464441254734993, -0.044879939407110214, -0.04331575334072113, -0.041751567274332047, -0.04018738120794296, -0.03862319886684418, -0.03705901280045509, -0.03549482673406601, -0.033930644392967224, -0.03236645832657814, -0.030802272260189056, -0.029238086193799973, -0.027673901990056038, -0.026109717786312103, -0.02454553171992302, -0.022981345653533936, -0.02141716144979, -0.019852977246046066, -0.018288791179656982, -0.0167246051132679, -0.015160420909523964, -0.013596235774457455, -0.012032050639390945, -0.010467865504324436, -0.008903680369257927, -0.007339495234191418, -0.0057753100991249084, -0.004211124964058399, -0.00264693982899189, -0.0010827546939253807, 0.00048143044114112854, 0.002045615576207638, 0.003609800711274147, 0.005173985846340656, 0.0067381709814071655, 0.008302356116473675, 0.009866541251540184, 0.011430726386606693, 0.012994911521673203, 0.014559096656739712, 0.01612328179180622, 0.017687465995550156, 0.01925165206193924, 0.020815838128328323, 0.022380022332072258, 0.023944206535816193, 0.025508392602205276, 0.02707257866859436, 0.028636762872338295, 0.03020094707608223, 0.031765133142471313]}, "gradients/conv2.0.bias": {"_type": "histogram", "values": [1.0, 0.0, 0.0, 0.0, 0.0, 0.0, 0.0, 0.0, 1.0, 0.0, 0.0, 0.0, 0.0, 0.0, 1.0, 0.0, 0.0, 0.0, 0.0, 0.0, 0.0, 3.0, 0.0, 0.0, 1.0, 1.0, 0.0, 0.0, 1.0, 0.0, 1.0, 3.0, 0.0, 0.0, 2.0, 0.0, 1.0, 1.0, 1.0, 2.0, 1.0, 1.0, 0.0, 2.0, 0.0, 0.0, 0.0, 1.0, 3.0, 1.0, 1.0, 0.0, 0.0, 0.0, 0.0, 0.0, 1.0, 0.0, 0.0, 0.0, 0.0, 0.0, 0.0, 1.0], "bins": [-0.030512508004903793, -0.02972446382045746, -0.028936419636011124, -0.02814837545156479, -0.027360331267118454, -0.02657228708267212, -0.025784242898225784, -0.02499619871377945, -0.024208154529333115, -0.02342011034488678, -0.022632066160440445, -0.02184402197599411, -0.021055977791547775, -0.02026793360710144, -0.019479889422655106, -0.01869184523820877, -0.017903801053762436, -0.0171157568693161, -0.016327712684869766, -0.015539668500423431, -0.014751624315977097, -0.013963580131530762, -0.013175535947084427, -0.012387491762638092, -0.011599445715546608, -0.010811401531100273, -0.010023357346653938, -0.009235313162207603, -0.008447268977761269, -0.0076592243276536465, -0.006871180143207312, -0.006083135958760977, -0.005295092239975929, -0.004507048055529594, -0.0037190038710832596, -0.002930959453806281, -0.0021429152693599463, -0.0013548708520829678, -0.0005668266676366329, 0.00022121751680970192, 0.0010092612355947495, 0.0017973054200410843, 0.002585349604487419, 0.0033733940217643976, 0.004161437973380089, 0.004949482623487711, 0.005737526807934046, 0.006525570992380381, 0.007313615642488003, 0.008101659826934338, 0.008889704011380672, 0.009677748195827007, 0.010465792380273342, 0.011253837496042252, 0.012041881680488586, 0.012829925864934921, 0.013617970049381256, 0.014406014233827591, 0.015194058418273926, 0.01598210260272026, 0.016770146787166595, 0.01755819097161293, 0.018346235156059265, 0.0191342793405056, 0.019922323524951935]}, "gradients/conv1.0.weight": {"_type": "histogram", "values": [2.0, 0.0, 0.0, 0.0, 1.0, 0.0, 0.0, 0.0, 2.0, 1.0, 0.0, 0.0, 1.0, 0.0, 0.0, 0.0, 2.0, 0.0, 0.0, 0.0, 2.0, 1.0, 0.0, 4.0, 1.0, 4.0, 3.0, 0.0, 3.0, 4.0, 2.0, 2.0, 3.0, 5.0, 6.0, 0.0, 1.0, 3.0, 2.0, 4.0, 6.0, 8.0, 9.0, 3.0, 8.0, 9.0, 8.0, 13.0, 15.0, 10.0, 16.0, 14.0, 22.0, 18.0, 18.0, 21.0, 30.0, 46.0, 47.0, 11.0, 4.0, 1.0, 3.0, 1.0],