{"gradients/out.bias": {"_type": "histogram", "values": [1.0, 0.0, 0.0, 0.0, 0.0, 0.0, 0.0, 0.0, 0.0, 0.0, 0.0, 0.0, 0.0, 0.0, 0.0, 0.0, 0.0, 0.0, 0.0, 1.0, 0.0, 0.0, 0.0, 0.0, 0.0, 0.0, 0.0, 0.0, 0.0, 0.0, 0.0, 0.0, 0.0, 2.0, 0.0, 3.0, 0.0, 0.0, 0.0, 0.0, 0.0, 0.0, 0.0, 0.0, 1.0, 0.0, 0.0, 0.0, 0.0, 0.0, 0.0, 0.0, 1.0, 0.0, 0.0, 0.0, 0.0, 0.0, 0.0, 0.0, 0.0, 0.0, 0.0, 1.0], "bins": [-0.02162259630858898, -0.02101166732609272, -0.02040073834359646, -0.019789809361100197, -0.019178880378603935, -0.018567951396107674, -0.017957022413611412, -0.01734609156847, -0.01673516258597374, -0.016124233603477478, -0.015513304620981216, -0.014902375638484955, -0.014291446655988693, -0.013680517673492432, -0.013069587759673595, -0.012458658777177334, -0.011847730726003647, -0.011236801743507385, -0.010625872761011124, -0.010014943778514862, -0.0094040147960186, -0.008793085813522339, -0.008182155899703503, -0.007571226917207241, -0.0069602979347109795, -0.006349368952214718, -0.005738439969718456, -0.005127510521560907, -0.004516581539064646, -0.003905652556568384, -0.003294723341241479, -0.0026837941259145737, -0.002072865143418312, -0.0014619360445067286, -0.0008510069455951452, -0.0002400778466835618, 0.0003708512522280216, 0.0009817802347242832, 0.0015927094500511885, 0.0022036386653780937, 0.0028145676478743553, 0.003425496630370617, 0.0040364256128668785, 0.004647355061024427, 0.005258284043520689, 0.005869213026016951, 0.0064801424741744995, 0.007091071456670761, 0.007702000439167023, 0.008312929421663284, 0.008923858404159546, 0.009534787386655807, 0.010145716369152069, 0.01075664535164833, 0.011367575265467167, 0.011978504247963428, 0.01258943323045969, 0.013200362212955952, 0.013811291195452213, 0.014422220177948475, 0.015033150091767311, 0.015644079074263573, 0.016255008056759834, 0.016865937039256096, 0.017476866021752357]}, "gradients/out.weight": {"_type": "histogram", "values": [1.0, 0.0, 0.0, 0.0, 0.0, 0.0, 0.0, 3.0, 1.0, 3.0, 1.0, 0.0, 3.0, 3.0, 3.0, 4.0, 3.0, 11.0, 12.0, 16.0, 9.0, 15.0, 15.0, 17.0, 37.0, 32.0, 37.0, 51.0, 74.0, 79.0, 103.0, 106.0, 207.0, 316.0, 526.0, 2082.0, 9828.0, 691.0, 386.0, 264.0, 202.0, 116.0, 94.0, 79.0, 48.0, 36.0, 36.0, 29.0, 25.0, 17.0, 16.0, 10.0, 11.0, 9.0, 4.0, 4.0, 0.0, 1.0, 1.0, 0.0, 0.0, 1.0, 1.0, 1.0], "bins": [-0.1722119003534317, -0.16744264960289001, -0.16267338395118713, -0.15790413320064545, -0.15313486754894257, -0.14836561679840088, -0.143596351146698, -0.1388271003961563, -0.13405783474445343, -0.12928858399391174, -0.12451931834220886, -0.11975006014108658, -0.1149808019399643, -0.11021154373884201, -0.10544228553771973, -0.10067303478717804, -0.09590377658605576, -0.09113451838493347, -0.08636526018381119, -0.0815960019826889, -0.07682674378156662, -0.07205748558044434, -0.06728823482990265, -0.06251896917819977, -0.05774971842765808, -0.0529804602265358, -0.04821120202541351, -0.04344194382429123, -0.038672685623168945, -0.03390342742204666, -0.029134172946214676, -0.024364914745092392, -0.01959565281867981, -0.014826394617557526, -0.010057137347757816, -0.005287880077958107, -0.0005186218768358231, 0.004250636324286461, 0.009019892662763596, 0.01378915086388588, 0.018558412790298462, 0.023327670991420746, 0.02809692919254303, 0.032866187393665314, 0.0376354455947876, 0.04240470379590988, 0.04717395827174187, 0.05194321647286415, 0.056712470948696136, 0.06148172914981842, 0.0662509873509407, 0.07102024555206299, 0.07578950375318527, 0.08055876195430756, 0.08532801270484924, 0.09009727835655212, 0.09486652910709381, 0.0996357873082161, 0.10440504550933838, 0.10917430371046066, 0.11394356191158295, 0.11871282011270523, 0.12348207831382751, 0.1282513290643692, 0.13302059471607208]}, "gradients/conv2.0.weight": {"_type": "histogram", "values": [1.0, 1.0, 1.0, 1.0, 1.0, 2.0, 2.0, 0.0, 2.0, 3.0, 5.0, 4.0, 4.0, 5.0, 5.0, 5.0, 11.0, 14.0, 16.0, 20.0, 27.0, 21.0, 36.0, 32.0, 64.0, 89.0, 126.0, 157.0, 267.0, 366.0, 512.0, 802.0, 1206.0, 1968.0, 3725.0, 1229.0, 691.0, 416.0, 266.0, 162.0, 116.0, 91.0, 82.0, 47.0, 46.0, 42.0, 26.0, 20.0, 10.0, 12.0, 4.0, 6.0, 2.0, 3.0, 2.0, 2.0, 6.0, 5.0, 2.0, 2.0, 4.0, 1.0, 1.0, 3.0], "bins": [-0.06689541041851044, -0.0649350956082344, -0.06297477334737778, -0.061014458537101746, -0.059054140001535416, -0.057093821465969086, -0.055133506655693054, -0.053173188120126724, -0.051212869584560394, -0.049252551048994064, -0.047292232513427734, -0.0453319177031517, -0.04337159916758537, -0.04141128063201904, -0.03945096582174301, -0.03749064728617668, -0.03553032875061035, -0.03357001021504402, -0.03160969167947769, -0.02964937686920166, -0.02768905833363533, -0.025728739798069, -0.02376842312514782, -0.02180810645222664, -0.01984778791666031, -0.01788746938109398, -0.015927152708172798, -0.013966835103929043, -0.012006517499685287, -0.010046199895441532, -0.008085882291197777, -0.0061255646869540215, -0.004165254533290863, -0.0022049369290471077, -0.00024461932480335236, 0.001715698279440403, 0.0036760158836841583, 0.005636333487927914, 0.007596651092171669, 0.009556968696415424, 0.01151728630065918, 0.013477603904902935, 0.01543792150914669, 0.01739823818206787, 0.0193585567176342, 0.02131887525320053, 0.02327919192612171, 0.025239508599042892, 0.027199827134609222, 0.029160145670175552, 0.031120462343096733, 0.033080779016017914, 0.035041097551584244, 0.037001416087150574, 0.038961730897426605, 0.040922049432992935, 0.042882367968559265, 0.044842686504125595, 0.046803005039691925, 0.04876331984996796, 0.050723638385534286, 0.052683956921100616, 0.05464427173137665, 0.05660459026694298, 0.05856490880250931]}, "gradients/conv2.0.bias": {"_type": "histogram", "values": [1.0, 0.0, 0.0, 0.0, 0.0, 0.0, 0.0, 0.0, 0.0, 0.0, 1.0, 0.0, 0.0, 0.0, 0.0, 0.0, 0.0, 2.0, 0.0, 1.0, 0.0, 0.0, 0.0, 1.0, 1.0, 2.0, 1.0, 0.0, 0.0, 1.0, 1.0, 1.0, 2.0, 0.0, 1.0, 0.0, 0.0, 1.0, 1.0, 0.0, 2.0, 1.0, 0.0, 3.0, 1.0, 1.0, 0.0, 0.0, 0.0, 0.0, 0.0, 0.0, 0.0, 1.0, 1.0, 0.0, 0.0, 0.0, 0.0, 1.0, 0.0, 0.0, 1.0, 2.0], "bins": [-0.022792156785726547, -0.022205278277397156, -0.021618397906422615, -0.021031519398093224, -0.020444639027118683, -0.01985776051878929, -0.01927088014781475, -0.01868400163948536, -0.01809712126851082, -0.017510242760181427, -0.016923362389206886, -0.016336483880877495, -0.015749603509902954, -0.015162724070250988, -0.014575844630599022, -0.01398896612226963, -0.013402086682617664, -0.012815207242965698, -0.012228327803313732, -0.011641448363661766, -0.0110545689240098, -0.010467689484357834, -0.009880810976028442, -0.009293930605053902, -0.00870705209672451, -0.008120172657072544, -0.007533293217420578, -0.006946413777768612, -0.006359534338116646, -0.00577265489846468, -0.005185775924474001, -0.004598896484822035, -0.004012015648186207, -0.0034251362085342407, -0.0028382567688822746, -0.002251377562060952, -0.001664498122408986, -0.00107761868275702, -0.0004907394759356976, 9.613996371626854e-05, 0.0006830198690295219, 0.001269899308681488, 0.0018567786319181323, 0.0024436579551547766, 0.0030305373948067427, 0.0036174168344587088, 0.004204296041280031, 0.004791175480931997, 0.005378054454922676, 0.005964933894574642, 0.006551813334226608, 0.007138692773878574, 0.0077255722135305405, 0.008312451653182507, 0.008899331092834473, 0.009486209601163864, 0.010073089972138405, 0.010659969411790371, 0.011246848851442337, 0.011833728291094303, 0.01242060773074627, 0.013007487170398235, 0.013594366610050201, 0.014181245118379593, 0.014768124558031559]}, "gradients/conv1.0.weight": {"_type": "histogram", "values": [1.0, 1.0, 2.0, 4.0, 3.0, 1.0, 6.0, 4.0, 3.0, 8.0, 5.0, 2.0, 10.0, 8.0, 4.0, 5.0, 6.0, 5.0, 17.0, 11.0, 12.0, 21.0, 18.0, 14.0, 50.0, 22.0, 6.0, 19.0, 9.0, 8.0, 7.0, 12.0, 13.0, 16.0, 13.0, 8.0, 6.0, 7.0, 4.0, 3.0, 2.0, 4.0, 1.0, 2.0, 1.0, 1.0, 1.0, 3.0, 2.0, 0.0, 0.0, 2.0, 0.0, 2.0, 0.0, 0.0, 1.0, 2.0, 0.0, 1.0, 0.0, 0.0, 0.0, 1.0],