{"gradients/out.bias": {"_type": "histogram", "values": [1.0, 0.0, 0.0, 0.0, 0.0, 0.0, 0.0, 0.0, 0.0, 0.0, 0.0, 0.0, 0.0, 0.0, 0.0, 0.0, 0.0, 0.0, 0.0, 0.0, 0.0, 0.0, 0.0, 0.0, 0.0, 0.0, 0.0, 1.0, 0.0, 0.0, 0.0, 0.0, 0.0, 0.0, 1.0, 0.0, 0.0, 0.0, 0.0, 0.0, 0.0, 0.0, 0.0, 0.0, 0.0, 0.0, 0.0, 0.0, 0.0, 0.0, 2.0, 0.0, 1.0, 2.0, 0.0, 0.0, 0.0, 0.0, 0.0, 0.0, 0.0, 0.0, 0.0, 2.0], "bins": [-0.020711757242679596, -0.02025078982114792, -0.01978982239961624, -0.019328854978084564, -0.018867887556552887, -0.01840692013502121, -0.017945952713489532, -0.017484985291957855, -0.017024017870426178, -0.0165630504488945, -0.016102083027362823, -0.015641115605831146, -0.015180148184299469, -0.014719180762767792, -0.014258213341236115, -0.013797246851027012, -0.01333628036081791, -0.012875312939286232, -0.012414345517754555, -0.011953378096222878, -0.0114924106746912, -0.011031443253159523, -0.010570475831627846, -0.010109509341418743, -0.009648540988564491, -0.009187573567032814, -0.008726606145501137, -0.00826563872396946, -0.00780467176809907, -0.007343704346567392, -0.006882736925035715, -0.006421769969165325, -0.005960802547633648, -0.005499835126101971, -0.005038867704570293, -0.004577900283038616, -0.004116933327168226, -0.003655965905636549, -0.0031949984841048717, -0.002734031295403838, -0.0022730641067028046, -0.0018120968015864491, -0.0013511294964700937, -0.0008901620749384165, -0.00042919476982206106, 3.177253529429436e-05, 0.0004927399568259716, 0.0009537071455270052, 0.001414674799889326, 0.0018756421050056815, 0.002336609410122037, 0.002797576831653714, 0.0032585440203547478, 0.003719511441886425, 0.004180478863418102, 0.0046414462849497795, 0.005102413706481457, 0.005563381128013134, 0.006024348549544811, 0.0064853159710764885, 0.006946282926946878, 0.007407250348478556, 0.007868217304348946, 0.008329184725880623, 0.0087901521474123]}, "gradients/out.weight": {"_type": "histogram", "values": [2.0, 0.0, 0.0, 0.0, 1.0, 1.0, 0.0, 0.0, 2.0, 0.0, 1.0, 1.0, 1.0, 2.0, 3.0, 2.0, 2.0, 3.0, 3.0, 2.0, 6.0, 2.0, 4.0, 7.0, 9.0, 3.0, 9.0, 4.0, 22.0, 12.0, 22.0, 24.0, 31.0, 15254.0, 80.0, 49.0, 21.0, 14.0, 17.0, 10.0, 9.0, 8.0, 6.0, 5.0, 6.0, 2.0, 2.0, 2.0, 4.0, 0.0, 2.0, 4.0, 0.0, 0.0, 0.0, 0.0, 0.0, 2.0, 0.0, 0.0, 0.0, 0.0, 0.0, 2.0], "bins": [-0.021548649296164513, -0.020900093019008636, -0.02025153860449791, -0.019602982327342033, -0.018954427912831306, -0.01830587163567543, -0.017657317221164703, -0.017008760944008827, -0.0163602065294981, -0.015711650252342224, -0.015063095837831497, -0.014414540491998196, -0.013765985146164894, -0.013117429800331593, -0.012468874454498291, -0.011820318177342415, -0.011171762831509113, -0.010523207485675812, -0.00987465213984251, -0.009226096794009209, -0.008577541448175907, -0.007928986102342606, -0.007280430290848017, -0.006631874945014715, -0.005983319133520126, -0.005334763787686825, -0.004686208441853523, -0.004037653096020222, -0.0033890975173562765, -0.002740542171522975, -0.0020919865928590298, -0.0014434312470257282, -0.000794876366853714, -0.00014632096281275153, 0.0005022344412282109, 0.0011507899034768343, 0.0017993452493101358, 0.0024479005951434374, 0.0030964561738073826, 0.003745011519640684, 0.004393566399812698, 0.005042121745646, 0.0056906770914793015, 0.006339232437312603, 0.0069877877831459045, 0.007636343128979206, 0.008284898474812508, 0.008933454751968384, 0.009582010097801685, 0.010230565443634987, 0.010879120789468288, 0.01152767613530159, 0.012176231481134892, 0.012824786826968193, 0.01347334310412407, 0.014121897518634796, 0.014770453795790672, 0.015419009141623974, 0.016067564487457275, 0.01671612076461315, 0.01736467517912388, 0.018013231456279755, 0.01866178587079048, 0.019310342147946358, 0.019958896562457085]}, "gradients/conv2.0.weight": {"_type": "histogram", "values": [1.0, 0.0, 0.0, 1.0, 0.0, 0.0, 1.0, 2.0, 0.0, 1.0, 0.0, 1.0, 3.0, 1.0, 0.0, 2.0, 2.0, 0.0, 1.0, 2.0, 3.0, 0.0, 2.0, 6.0, 6.0, 4.0, 12723.0, 6.0, 4.0, 2.0, 2.0, 1.0, 3.0, 3.0, 3.0, 1.0, 4.0, 1.0, 2.0, 1.0, 1.0, 0.0, 0.0, 0.0, 0.0, 1.0, 1.0, 0.0, 1.0, 0.0, 0.0, 0.0, 0.0, 0.0, 0.0, 0.0, 0.0, 0.0, 0.0, 0.0, 0.0, 0.0, 0.0, 1.0], "bins": [-0.09359617531299591, -0.09010627120733261, -0.08661636710166931, -0.08312647044658661, -0.07963656634092331, -0.07614666223526001, -0.07265676558017731, -0.06916686147451401, -0.06567695736885071, -0.06218705326318741, -0.05869715288281441, -0.055207252502441406, -0.05171734839677811, -0.04822744429111481, -0.044737543910741806, -0.041247643530368805, -0.037757739424705505, -0.034267835319042206, -0.030777934938669205, -0.027288032695651054, -0.023798130452632904, -0.020308228209614754, -0.016818325966596603, -0.013328423723578453, -0.009838521480560303, -0.006348619237542152, -0.002858716994524002, 0.0006311852484941483, 0.004121087491512299, 0.007610989734530449, 0.0111008919775486, 0.01459079422056675, 0.0180806964635849, 0.02157059870660305, 0.0250605009496212, 0.02855040319263935, 0.0320403054356575, 0.0355302095413208, 0.0390201099216938, 0.0425100103020668, 0.0459999144077301, 0.0494898185133934, 0.0529797188937664, 0.056469619274139404, 0.059959523379802704, 0.063449427485466, 0.0669393241405487, 0.070429228246212, 0.0739191323518753, 0.0774090364575386, 0.0808989405632019, 0.0843888372182846, 0.0878787413239479, 0.0913686454296112, 0.09485854208469391, 0.09834844619035721, 0.10183835029602051, 0.10532825440168381, 0.1088181585073471, 0.11230805516242981, 0.11579795926809311, 0.11928786337375641, 0.12277776002883911, 0.126267671585083, 0.1297575682401657]}, "gradients/conv2.0.bias": {"_type": "histogram", "values": [1.0, 0.0, 0.0, 0.0, 0.0, 0.0, 0.0, 0.0, 0.0, 0.0, 0.0, 0.0, 0.0, 0.0, 0.0, 0.0, 0.0, 0.0, 0.0, 0.0, 0.0, 0.0, 0.0, 0.0, 0.0, 0.0, 0.0, 0.0, 0.0, 0.0, 0.0, 0.0, 0.0, 0.0, 0.0, 0.0, 0.0, 0.0, 0.0, 0.0, 0.0, 0.0, 0.0, 0.0, 0.0, 0.0, 0.0, 0.0, 0.0, 0.0, 0.0, 0.0, 30.0, 0.0, 0.0, 0.0, 0.0, 0.0, 0.0, 0.0, 0.0, 0.0, 0.0, 1.0], "bins": [-0.19867274165153503, -0.1949187070131302, -0.19116468727588654, -0.1874106526374817, -0.18365661799907684, -0.1799025982618332, -0.17614856362342834, -0.1723945289850235, -0.16864050924777985, -0.164886474609375, -0.16113245487213135, -0.1573784202337265, -0.15362438559532166, -0.149870365858078, -0.14611633121967316, -0.1423622965812683, -0.13860827684402466, -0.1348542422056198, -0.13110022246837616, -0.1273461878299713, -0.12359216064214706, -0.11983813345432281, -0.11608409881591797, -0.11233007162809372, -0.10857602953910828, -0.10482200235128403, -0.10106796771287918, -0.09731394052505493, -0.09355991333723068, -0.08980588614940643, -0.08605185151100159, -0.08229782432317734, -0.07854380458593369, -0.07478977739810944, -0.07103574275970459, -0.06728171557188034, -0.06352768838405609, -0.059773657470941544, -0.056019626557826996, -0.05226559937000275, -0.0485115721821785, -0.04475754126906395, -0.0410035140812397, -0.03724948316812515, -0.0334954559803009, -0.029741425067186356, -0.025987394154071808, -0.02223336510360241, -0.018479332327842712, -0.014725303277373314, -0.01097127329558134, -0.007217243313789368, -0.003463214263319969, 0.0002908147871494293, 0.004044845700263977, 0.0077988747507333755, 0.011552903801202774, 0.015306932851672173, 0.01906096190214157, 0.02281499281525612, 0.026569021865725517, 0.030323050916194916, 0.034077081829309464, 0.03783111274242401, 0.04158513993024826]}, "gradients/conv1.0.weight": {"_type": "histogram", "values": [1.0, 0.0, 0.0, 0.0, 1.0, 1.0, 0.0, 0.0, 0.0, 0.0, 1.0, 0.0, 0.0, 0.0, 1.0, 0.0, 0.0, 0.0, 0.0, 0.0, 1.0, 0.0, 0.0, 1.0, 0.0, 1.0, 1.0, 0.0, 0.0, 1.0, 1.0, 1.0, 0.0, 2.0, 0.0, 2.0, 3.0, 1.0, 1.0, 361.0, 2.0, 3.0, 4.0, 1.0, 2.0, 0.0, 0.0, 1.0, 1.0, 2.0, 0.0, 1.0, 0.0, 0.0, 0.0, 0.0, 0.0, 0.0, 0.0, 0.0, 0.0, 0.0, 0.0, 1.0],