{"gradients/out.bias": {"_type": "histogram", "values": [1.0, 0.0, 0.0, 0.0, 0.0, 0.0, 0.0, 0.0, 0.0, 0.0, 0.0, 1.0, 0.0, 0.0, 0.0, 0.0, 0.0, 1.0, 0.0, 0.0, 0.0, 0.0, 0.0, 0.0, 0.0, 0.0, 0.0, 0.0, 0.0, 0.0, 0.0, 0.0, 4.0, 0.0, 0.0, 0.0, 0.0, 0.0, 0.0, 0.0, 0.0, 0.0, 0.0, 0.0, 0.0, 0.0, 1.0, 0.0, 0.0, 0.0, 0.0, 0.0, 1.0, 0.0, 0.0, 0.0, 0.0, 0.0, 0.0, 0.0, 0.0, 0.0, 0.0, 1.0], "bins": [-0.015605960972607136, -0.015118274837732315, -0.014630588702857494, -0.014142902567982674, -0.013655216433107853, -0.013167530298233032, -0.012679844163358212, -0.01219215802848339, -0.01170447189360857, -0.01121678575873375, -0.010729099623858929, -0.010241413488984108, -0.009753727354109287, -0.009266041219234467, -0.008778355084359646, -0.008290668949484825, -0.007802982348948717, -0.007315296214073896, -0.006827610079199076, -0.006339923944324255, -0.005852237809449434, -0.005364551208913326, -0.0048768650740385056, -0.004389178939163685, -0.003901492804288864, -0.0034138066694140434, -0.0029261205345392227, -0.002438434399664402, -0.0019507481483742595, -0.001463061897084117, -0.0009753757622092962, -0.0004876896273344755, -3.725290298461914e-09, 0.0004876824386883527, 0.0009753686026670039, 0.0014630547957494855, 0.0019507409306243062, 0.0024384271819144487, 0.0029261133167892694, 0.00341379945166409, 0.003901485353708267, 0.004389171488583088, 0.004876857623457909, 0.005364543758332729, 0.00585222989320755, 0.006339916028082371, 0.0068276021629571915, 0.007315288297832012, 0.00780297489836812, 0.008290661498904228, 0.008778347633779049, 0.00926603376865387, 0.00975371990352869, 0.010241406038403511, 0.010729092173278332, 0.011216778308153152, 0.011704464443027973, 0.012192150577902794, 0.012679836712777615, 0.013167522847652435, 0.013655208982527256, 0.014142895117402077, 0.014630581252276897, 0.015118267387151718, 0.015605953522026539]}, "gradients/out.weight": {"_type": "histogram", "values": [1.0, 0.0, 0.0, 0.0, 0.0, 0.0, 0.0, 1.0, 1.0, 0.0, 1.0, 1.0, 3.0, 1.0, 3.0, 2.0, 1.0, 6.0, 5.0, 9.0, 7.0, 8.0, 10.0, 13.0, 14.0, 18.0, 24.0, 27.0, 35.0, 45.0, 61.0, 174.0, 14912.0, 61.0, 45.0, 35.0, 27.0, 24.0, 18.0, 14.0, 13.0, 10.0, 8.0, 7.0, 9.0, 5.0, 6.0, 1.0, 2.0, 3.0, 1.0, 3.0, 1.0, 1.0, 0.0, 1.0, 1.0, 0.0, 0.0, 0.0, 0.0, 0.0, 0.0, 1.0], "bins": [-0.13406498730182648, -0.12987545132637024, -0.1256859302520752, -0.12149639427661896, -0.11730686575174332, -0.11311733722686768, -0.10892780125141144, -0.1047382727265358, -0.10054874420166016, -0.09635921567678452, -0.09216967970132828, -0.08798015117645264, -0.083790622651577, -0.07960109412670135, -0.07541155815124512, -0.07122202962636948, -0.06703249365091324, -0.0628429651260376, -0.05865343287587166, -0.05446390062570572, -0.05027437210083008, -0.04608483985066414, -0.0418953076004982, -0.03770577907562256, -0.03351624310016632, -0.02932671271264553, -0.02513718232512474, -0.0209476500749588, -0.01675811968743801, -0.012568589299917221, -0.008379057049751282, -0.004189526662230492, 0.0, 0.004189530853182077, 0.008379061706364155, 0.01256859302520752, 0.01675812341272831, 0.0209476538002491, 0.02513718605041504, 0.02932671643793583, 0.03351624310016632, 0.03770577535033226, 0.0418953038752079, 0.04608483612537384, 0.05027436465024948, 0.05446389690041542, 0.05865342915058136, 0.062842957675457, 0.06703249365091324, 0.07122202217578888, 0.07541155815124512, 0.07960108667612076, 0.0837906152009964, 0.08798015117645264, 0.09216967970132828, 0.09635920822620392, 0.10054874420166016, 0.1047382727265358, 0.10892780870199203, 0.11311733722686768, 0.11730686575174332, 0.12149639427661896, 0.1256859302520752, 0.12987546622753143, 0.13406498730182648]}, "gradients/conv2.0.weight": {"_type": "histogram", "values": [3.0, 0.0, 0.0, 1.0, 1.0, 1.0, 0.0, 1.0, 1.0, 1.0, 5.0, 6.0, 4.0, 11.0, 4.0, 5.0, 7.0, 15.0, 12.0, 11.0, 16.0, 22.0, 32.0, 33.0, 42.0, 48.0, 77.0, 91.0, 126.0, 189.0, 336.0, 636.0, 9168.0, 659.0, 326.0, 229.0, 165.0, 113.0, 67.0, 72.0, 51.0, 40.0, 28.0, 22.0, 24.0, 16.0, 14.0, 11.0, 14.0, 5.0, 12.0, 6.0, 3.0, 1.0, 4.0, 4.0, 1.0, 4.0, 2.0, 0.0, 0.0, 0.0, 1.0, 1.0], "bins": [-0.07163676619529724, -0.06943712383508682, -0.0672374814748764, -0.06503783911466599, -0.06283819675445557, -0.06063855439424515, -0.05843890830874443, -0.05623926594853401, -0.05403962358832359, -0.051839981228113174, -0.049640338867902756, -0.04744069650769234, -0.04524105042219162, -0.0430414080619812, -0.04084176570177078, -0.038642123341560364, -0.036442480981349945, -0.034242838621139526, -0.03204319626092911, -0.02984355203807354, -0.02764390967786312, -0.025444267317652702, -0.023244623094797134, -0.021044980734586716, -0.018845338374376297, -0.01664569601416588, -0.014446052722632885, -0.012246409431099892, -0.010046767070889473, -0.007847124710679054, -0.005647481419146061, -0.0034478381276130676, -0.001248188316822052, 0.000951454509049654, 0.00315109733492136, 0.005350740160793066, 0.007550382986664772, 0.00975002534687519, 0.011949668638408184, 0.014149311929941177, 0.016348954290151596, 0.018548596650362015, 0.020748239010572433, 0.022947883233428, 0.02514752559363842, 0.02734716795384884, 0.029546812176704407, 0.031746454536914825, 0.033946096897125244, 0.03614573925733566, 0.03834538161754608, 0.0405450239777565, 0.04274466633796692, 0.04494430869817734, 0.047143954783678055, 0.049343597143888474, 0.05154323950409889, 0.05374288186430931, 0.05594252422451973, 0.05814216658473015, 0.060341812670230865, 0.06254145503044128, 0.0647410973906517, 0.06694073975086212, 0.06914038211107254]}, "gradients/conv2.0.bias": {"_type": "histogram", "values": [1.0, 0.0, 0.0, 1.0, 1.0, 0.0, 0.0, 0.0, 0.0, 0.0, 0.0, 0.0, 0.0, 0.0, 0.0, 1.0, 1.0, 1.0, 0.0, 0.0, 1.0, 0.0, 1.0, 2.0, 0.0, 1.0, 1.0, 1.0, 1.0, 0.0, 6.0, 0.0, 1.0, 0.0, 0.0, 1.0, 0.0, 1.0, 0.0, 0.0, 0.0, 2.0, 0.0, 1.0, 2.0, 1.0, 0.0, 1.0, 0.0, 0.0, 0.0, 0.0, 0.0, 0.0, 1.0, 0.0, 0.0, 0.0, 0.0, 0.0, 0.0, 0.0, 0.0, 1.0], "bins": [-0.060254618525505066, -0.058273833245038986, -0.05629304423928261, -0.05431225895881653, -0.05233146995306015, -0.05035068467259407, -0.04836989939212799, -0.04638911038637161, -0.04440832510590553, -0.04242753982543945, -0.040446750819683075, -0.038465965539216995, -0.036485180258750916, -0.03450439125299454, -0.03252360597252846, -0.03054281882941723, -0.028562031686306, -0.02658124454319477, -0.024600457400083542, -0.022619672119617462, -0.020638884976506233, -0.018658097833395004, -0.016677312552928925, -0.014696525409817696, -0.012715738266706467, -0.010734951123595238, -0.008754164911806583, -0.006773378234356642, -0.0047925915569067, -0.002811804413795471, -0.0008310182020068169, 0.0011497680097818375, 0.0031305626034736633, 0.005111349280923605, 0.007092135958373547, 0.009072922170162201, 0.01105370931327343, 0.013034496456384659, 0.015015282668173313, 0.016996068879961967, 0.018976856023073196, 0.020957643166184425, 0.022938430309295654, 0.024919215589761734, 0.026900002732872963, 0.028880789875984192, 0.03086157515645027, 0.03284236043691635, 0.03482314944267273, 0.03680393472313881, 0.03878472372889519, 0.04076550900936127, 0.042746298015117645, 0.044727083295583725, 0.046707868576049805, 0.04868865758180618, 0.05066944286227226, 0.05265022814273834, 0.05463101714849472, 0.0566118024289608, 0.05859258770942688, 0.06057337671518326, 0.06255416572093964, 0.06453494727611542, 0.0665157362818718]}, "gradients/conv1.0.weight": {"_type": "histogram", "values": [1.0, 0.0, 1.0, 0.0, 1.0, 2.0, 2.0, 5.0, 2.0, 1.0, 3.0, 1.0, 4.0, 3.0, 8.0, 5.0, 7.0, 3.0, 6.0, 8.0, 6.0, 3.0, 10.0, 12.0, 13.0, 23.0, 19.0, 19.0, 106.0, 17.0, 10.0, 8.0, 7.0, 6.0, 5.0, 7.0, 8.0, 8.0, 10.0, 5.0, 8.0, 4.0, 2.0, 4.0, 0.0, 2.0, 3.0, 1.0, 2.0, 0.0, 0.0, 1.0, 0.0, 0.0, 0.0, 0.0, 1.0, 1.0, 0.0, 3.0, 0.0, 2.0, 0.0, 1.0],