{"gradients/out.bias": {"_type": "histogram", "values": [1.0, 0.0, 0.0, 0.0, 0.0, 0.0, 0.0, 0.0, 0.0, 0.0, 0.0, 0.0, 0.0, 1.0, 0.0, 0.0, 0.0, 0.0, 0.0, 0.0, 0.0, 0.0, 0.0, 0.0, 0.0, 1.0, 1.0, 0.0, 0.0, 0.0, 0.0, 0.0, 0.0, 2.0, 0.0, 0.0, 0.0, 1.0, 0.0, 0.0, 1.0, 0.0, 0.0, 0.0, 0.0, 0.0, 0.0, 0.0, 0.0, 0.0, 0.0, 0.0, 0.0, 0.0, 0.0, 1.0, 0.0, 0.0, 0.0, 0.0, 0.0, 0.0, 0.0, 1.0], "bins": [-0.0048637110739946365, -0.004716550000011921, -0.004569388926029205, -0.004422228317707777, -0.004275067243725061, -0.004127906169742346, -0.00398074509575963, -0.0038335840217769146, -0.0036864231806248426, -0.003539262106642127, -0.003392101265490055, -0.0032449401915073395, -0.003097779117524624, -0.002950618276372552, -0.0028034572023898363, -0.0026562963612377644, -0.0025091352872550488, -0.002361974213272333, -0.002214813372120261, -0.0020676522981375456, -0.0019204913405701518, -0.001773330383002758, -0.0016261693090200424, -0.0014790083514526486, -0.0013318473938852549, -0.001184686436317861, -0.0010375254787504673, -0.0008903644047677517, -0.0007432034472003579, -0.0005960424896329641, -0.00044888147385790944, -0.00030172045808285475, -0.00015455950051546097, -7.3985138442367315e-06, 0.0001397624728269875, 0.00028692345949821174, 0.000434084446169436, 0.0005812454037368298, 0.0007284064195118845, 0.0008755674352869391, 0.001022728392854333, 0.0011698893504217267, 0.0013170503079891205, 0.001464211381971836, 0.0016113723395392299, 0.0017585332971066236, 0.0019056943710893393, 0.002052855212241411, 0.002200016286224127, 0.0023471773602068424, 0.0024943382013589144, 0.00264149927534163, 0.002788660116493702, 0.0029358211904764175, 0.003082982264459133, 0.0032301433384418488, 0.0033773041795939207, 0.0035244652535766363, 0.0036716260947287083, 0.003818787168711424, 0.0039659482426941395, 0.004113108851015568, 0.004260269924998283, 0.004407430998980999, 0.004554592072963715]}, "gradients/out.weight": {"_type": "histogram", "values": [1.0, 0.0, 0.0, 1.0, 0.0, 0.0, 2.0, 0.0, 2.0, 2.0, 3.0, 5.0, 5.0, 13.0, 8.0, 6.0, 15.0, 11.0, 16.0, 14.0, 21.0, 29.0, 30.0, 45.0, 32.0, 71.0, 70.0, 106.0, 118.0, 178.0, 255.0, 424.0, 822.0, 10925.0, 1060.0, 389.0, 277.0, 172.0, 126.0, 83.0, 74.0, 46.0, 47.0, 24.0, 35.0, 33.0, 13.0, 11.0, 10.0, 8.0, 6.0, 9.0, 11.0, 6.0, 2.0, 2.0, 2.0, 1.0, 1.0, 0.0, 0.0, 1.0, 0.0, 1.0], "bins": [-0.04416026920080185, -0.0428396575152874, -0.04151904210448265, -0.0401984304189682, -0.03887781500816345, -0.037557203322649, -0.03623659163713455, -0.0349159762263298, -0.03359536454081535, -0.0322747528553009, -0.030954137444496155, -0.029633525758981705, -0.028312912210822105, -0.026992298662662506, -0.025671686977148056, -0.024351073428988457, -0.023030459880828857, -0.021709846332669258, -0.02038923278450966, -0.01906862109899521, -0.01774800755083561, -0.01642739400267601, -0.015106781385838985, -0.01378616876900196, -0.012465555220842361, -0.011144941672682762, -0.009824329055845737, -0.008503716439008713, -0.0071831028908491135, -0.0058624898083508015, -0.0045418767258524895, -0.0032212641090154648, -0.001900646835565567, -0.000580033753067255, 0.000740579329431057, 0.002061192411929369, 0.003381805494427681, 0.004702418576925993, 0.006023031659424305, 0.00734364427626133, 0.008664257824420929, 0.009984871372580528, 0.011305483989417553, 0.012626096606254578, 0.013946710154414177, 0.015267323702573776, 0.016587935388088226, 0.017908548936247826, 0.019229162484407425, 0.020549776032567024, 0.021870389580726624, 0.023191001266241074, 0.024511614814400673, 0.025832228362560272, 0.027152840048074722, 0.02847345359623432, 0.02979406714439392, 0.03111468069255352, 0.03243529424071312, 0.03375590592622757, 0.03507652133703232, 0.03639713302254677, 0.03771774470806122, 0.03903836011886597, 0.04035897180438042]}, "gradients/conv2.0.weight": {"_type": "histogram", "values": [1.0, 0.0, 0.0, 1.0, 2.0, 0.0, 6.0, 4.0, 1.0, 7.0, 3.0, 7.0, 9.0, 14.0, 10.0, 39.0, 30.0, 37.0, 40.0, 75.0, 112.0, 118.0, 204.0, 268.0, 404.0, 666.0, 1232.0, 3310.0, 2077.0, 1282.0, 821.0, 572.0, 383.0, 269.0, 190.0, 130.0, 99.0, 92.0, 57.0, 43.0, 42.0, 32.0, 20.0, 19.0, 15.0, 7.0, 9.0, 11.0, 4.0, 10.0, 5.0, 3.0, 4.0, 0.0, 0.0, 1.0, 0.0, 2.0, 0.0, 0.0, 0.0, 0.0, 0.0, 1.0], "bins": [-0.01569494418799877, -0.015128130093216896, -0.01456131599843502, -0.013994501903653145, -0.01342768780887127, -0.012860873714089394, -0.012294060550630093, -0.011727246455848217, -0.011160432361066341, -0.010593618266284466, -0.01002680417150259, -0.009459990076720715, -0.008893176913261414, -0.008326362818479538, -0.007759548723697662, -0.007192734628915787, -0.006625920534133911, -0.0060591064393520355, -0.00549229234457016, -0.004925478715449572, -0.004358664620667696, -0.0037918505258858204, -0.0032250366639345884, -0.0026582228019833565, -0.002091408707201481, -0.001524594728834927, -0.0009577807504683733, -0.0003909667721018195, 0.00017584720626473427, 0.0007426613010466099, 0.0013094751629978418, 0.0018762890249490738, 0.0024431012570858, 0.0030099153518676758, 0.0035767292138189077, 0.00414354307577014, 0.004710357170552015, 0.005277171265333891, 0.005843984894454479, 0.006410798989236355, 0.0069776130840182304, 0.007544427178800106, 0.008111241273581982, 0.008678055368363857, 0.009244868531823158, 0.009811682626605034, 0.01037849672138691, 0.010945310816168785, 0.01151212491095066, 0.012078939005732536, 0.012645753100514412, 0.013212567195296288, 0.013779381290078163, 0.014346195384860039, 0.01491300854831934, 0.015479822643101215, 0.016046635806560516, 0.016613449901342392, 0.017180263996124268, 0.017747078090906143, 0.01831389218568802, 0.018880706280469894, 0.01944752037525177, 0.020014334470033646, 0.02058114856481552]}, "gradients/conv2.0.bias": {"_type": "histogram", "values": [1.0, 0.0, 0.0, 0.0, 0.0, 0.0, 0.0, 0.0, 0.0, 0.0, 0.0, 0.0, 0.0, 0.0, 0.0, 0.0, 0.0, 0.0, 0.0, 0.0, 0.0, 0.0, 0.0, 0.0, 0.0, 0.0, 1.0, 0.0, 0.0, 0.0, 1.0, 3.0, 3.0, 0.0, 2.0, 2.0, 1.0, 0.0, 1.0, 1.0, 2.0, 2.0, 0.0, 0.0, 0.0, 0.0, 0.0, 0.0, 1.0, 1.0, 0.0, 0.0, 1.0, 1.0, 1.0, 1.0, 2.0, 0.0, 0.0, 0.0, 0.0, 0.0, 2.0, 2.0], "bins": [-0.005256053060293198, -0.005107024218887091, -0.004957995377480984, -0.0048089660704135895, -0.0046599372290074825, -0.004510908387601376, -0.004361879546195269, -0.004212850704789162, -0.004063821397721767, -0.0039147925563156605, -0.00376576348207891, -0.003616734640672803, -0.0034677055664360523, -0.0033186767250299454, -0.0031696478836238384, -0.0030206190422177315, -0.0028715902008116245, -0.0027225613594055176, -0.002573532285168767, -0.00242450344376266, -0.0022754743695259094, -0.0021264455281198025, -0.0019774166867136955, -0.0018283877288922668, -0.001679358771070838, -0.0015303298132494092, -0.0013813008554279804, -0.0012322720140218735, -0.0010832430562004447, -0.0009342140983790159, -0.0007851851987652481, -0.0006361562991514802, -0.00048712780699133873, -0.0003380988782737404, -0.0001890699495561421, -4.004102083854377e-05, 0.00010898790787905455, 0.0002580168657004833, 0.0004070457653142512, 0.000556074664928019, 0.0007051036227494478, 0.0008541325805708766, 0.0010031615383923054, 0.0011521903797984123, 0.001301219337619841, 0.0014502482954412699, 0.0015992771368473768, 0.0017483060946688056, 0.0018973350524902344, 0.0020463638938963413, 0.002195392968133092, 0.002344421809539199, 0.0024934508837759495, 0.0026424797251820564, 0.0027915085665881634, 0.0029405374079942703, 0.003089566482231021, 0.003238595323637128, 0.0033876243978738785, 0.0035366532392799854, 0.0036856820806860924, 0.003834711154922843, 0.003983740229159594, 0.0041327690705657005, 0.0042817979119718075]}, "gradients/conv1.0.weight": {"_type": "histogram", "values": [1.0, 1.0, 0.0, 1.0, 1.0, 0.0, 0.0, 0.0, 1.0, 1.0, 0.0, 0.0, 2.0, 0.0, 1.0, 3.0, 3.0, 2.0, 4.0, 5.0, 5.0, 5.0, 7.0, 5.0, 7.0, 11.0, 7.0, 16.0, 11.0, 17.0, 23.0, 23.0, 32.0, 27.0, 21.0, 31.0, 20.0, 26.0, 14.0, 9.0, 13.0, 11.0, 7.0, 6.0, 2.0, 2.0, 2.0, 2.0, 1.0, 1.0, 3.0, 1.0, 0.0, 1.0, 1.0, 2.0, 1.0, 0.0, 0.0, 0.0, 0.0, 0.0, 0.0, 1.0],