{"gradients/out.bias": {"_type": "histogram", "values": [1.0, 0.0, 0.0, 1.0, 0.0, 0.0, 0.0, 0.0, 0.0, 0.0, 0.0, 0.0, 0.0, 0.0, 1.0, 0.0, 0.0, 0.0, 0.0, 0.0, 0.0, 1.0, 0.0, 0.0, 0.0, 0.0, 0.0, 0.0, 0.0, 0.0, 0.0, 1.0, 0.0, 0.0, 0.0, 0.0, 1.0, 0.0, 0.0, 0.0, 1.0, 0.0, 0.0, 0.0, 0.0, 1.0, 0.0, 0.0, 0.0, 0.0, 0.0, 0.0, 0.0, 0.0, 0.0, 0.0, 1.0, 0.0, 0.0, 0.0, 0.0, 0.0, 0.0, 1.0], "bins": [-0.025008823722600937, -0.02421114407479763, -0.023413464426994324, -0.022615782916545868, -0.02181810326874256, -0.021020423620939255, -0.020222743973135948, -0.01942506432533264, -0.018627382814884186, -0.01782970316708088, -0.017032023519277573, -0.016234342008829117, -0.01543666236102581, -0.014638982713222504, -0.013841303065419197, -0.01304362341761589, -0.012245943769812584, -0.011448264122009277, -0.010650583542883396, -0.00985290389508009, -0.009055223315954208, -0.008257543668150902, -0.007459864020347595, -0.006662183906883001, -0.005864504724740982, -0.005066824611276388, -0.004269144497811794, -0.0034714648500084877, -0.002673784736543894, -0.0018761046230793, -0.0010784249752759933, -0.00028074486181139946, 0.000516936182975769, 0.001314616180025041, 0.002112296177074313, 0.0029099760577082634, 0.0037076561711728573, 0.004505336284637451, 0.005303015932440758, 0.006100696045905352, 0.00689837709069252, 0.007696057204157114, 0.008493737317621708, 0.009291416965425014, 0.010089097544550896, 0.010886777192354202, 0.011684456840157509, 0.012482136487960815, 0.013279816135764122, 0.014077495783567429, 0.01487517636269331, 0.015672855079174042, 0.016470536589622498, 0.017268216237425804, 0.01806589588522911, 0.018863575533032417, 0.019661255180835724, 0.02045893482863903, 0.021256614476442337, 0.022054295986890793, 0.0228519756346941, 0.023649655282497406, 0.024447334930300713, 0.02524501457810402, 0.026042696088552475]}, "gradients/out.weight": {"_type": "histogram", "values": [1.0, 1.0, 1.0, 1.0, 2.0, 0.0, 1.0, 2.0, 0.0, 3.0, 5.0, 4.0, 2.0, 2.0, 9.0, 20.0, 23.0, 22.0, 26.0, 29.0, 43.0, 44.0, 58.0, 66.0, 84.0, 124.0, 155.0, 193.0, 287.0, 297.0, 513.0, 816.0, 2287.0, 6657.0, 1458.0, 790.0, 478.0, 342.0, 219.0, 172.0, 91.0, 92.0, 69.0, 26.0, 31.0, 29.0, 20.0, 20.0, 23.0, 12.0, 5.0, 8.0, 5.0, 6.0, 2.0, 2.0, 0.0, 0.0, 0.0, 0.0, 0.0, 0.0, 0.0, 2.0], "bins": [-0.2982356548309326, -0.289239764213562, -0.2802438735961914, -0.2712479531764984, -0.2622520625591278, -0.2532561719417572, -0.2442602813243866, -0.235264390707016, -0.2262684851884842, -0.2172725945711136, -0.2082766890525818, -0.19928079843521118, -0.19028490781784058, -0.18128900229930878, -0.17229311168193817, -0.16329720616340637, -0.15430131554603577, -0.14530542492866516, -0.13630951941013336, -0.12731362879276276, -0.11831773072481155, -0.10932183265686035, -0.10032594203948975, -0.09133004397153854, -0.08233414590358734, -0.07333824783563614, -0.06434234976768494, -0.05534645915031433, -0.04635056108236313, -0.037354663014411926, -0.028358768671751022, -0.01936287432909012, -0.010367006063461304, -0.0013711098581552505, 0.007624786347150803, 0.016620682552456856, 0.02561657875776291, 0.03461247682571411, 0.043608371168375015, 0.05260426551103592, 0.06160016357898712, 0.07059606164693832, 0.07959195971488953, 0.08858785033226013, 0.09758374840021133, 0.10657964646816254, 0.11557553708553314, 0.12457143515348434, 0.13356733322143555, 0.14256322383880615, 0.15155912935733795, 0.16055501997470856, 0.16955092549324036, 0.17854681611061096, 0.18754270672798157, 0.19653859734535217, 0.20553450286388397, 0.21453039348125458, 0.22352629899978638, 0.23252218961715698, 0.2415180802345276, 0.2505139708518982, 0.2595098912715912, 0.2685057818889618, 0.2775016725063324]}, "gradients/conv2.0.weight": {"_type": "histogram", "values": [3.0, 0.0, 4.0, 2.0, 2.0, 0.0, 2.0, 3.0, 2.0, 4.0, 5.0, 5.0, 9.0, 9.0, 14.0, 16.0, 7.0, 17.0, 14.0, 14.0, 13.0, 21.0, 35.0, 33.0, 42.0, 68.0, 71.0, 79.0, 93.0, 148.0, 219.0, 292.0, 497.0, 1211.0, 4691.0, 2778.0, 881.0, 372.0, 236.0, 169.0, 104.0, 102.0, 85.0, 69.0, 43.0, 46.0, 41.0, 44.0, 34.0, 22.0, 25.0, 17.0, 14.0, 14.0, 7.0, 10.0, 6.0, 11.0, 6.0, 5.0, 4.0, 6.0, 1.0, 3.0], "bins": [-0.05646613985300064, -0.05484588071703911, -0.053225621581077576, -0.05160536244511604, -0.04998510330915451, -0.04836484417319298, -0.046744585037231445, -0.04512432590126991, -0.04350406676530838, -0.04188380762934685, -0.040263548493385315, -0.03864328935742378, -0.03702303022146225, -0.03540277108550072, -0.033782511949539185, -0.03216225281357765, -0.03054199181497097, -0.028921732679009438, -0.027301473543047905, -0.025681214407086372, -0.02406095527112484, -0.022440694272518158, -0.020820435136556625, -0.019200176000595093, -0.01757991686463356, -0.015959657728672028, -0.014339398592710495, -0.012719139456748962, -0.01109888032078743, -0.009478620253503323, -0.00785836111754179, -0.006238101981580257, -0.0046178437769412994, -0.002997584640979767, -0.0013773252721875906, 0.00024293409660458565, 0.0018631932325661182, 0.003483452834188938, 0.005103711970150471, 0.006723971106112003, 0.008344229310750961, 0.009964488446712494, 0.011584747582674026, 0.013205006718635559, 0.014825265854597092, 0.016445524990558624, 0.018065784126520157, 0.01968604326248169, 0.02130630426108837, 0.022926563397049904, 0.024546822533011436, 0.02616708166897297, 0.0277873408049345, 0.029407601803541183, 0.031027860939502716, 0.03264812007546425, 0.03426837921142578, 0.035888638347387314, 0.037508897483348846, 0.03912915661931038, 0.04074941575527191, 0.042369674891233444, 0.04398993402719498, 0.04561019316315651, 0.04723045229911804]}, "gradients/conv2.0.bias": {"_type": "histogram", "values": [1.0, 0.0, 0.0, 0.0, 0.0, 0.0, 0.0, 0.0, 0.0, 0.0, 0.0, 0.0, 0.0, 0.0, 0.0, 0.0, 0.0, 1.0, 0.0, 0.0, 0.0, 1.0, 0.0, 0.0, 0.0, 0.0, 1.0, 0.0, 1.0, 1.0, 0.0, 2.0, 4.0, 1.0, 0.0, 2.0, 1.0, 1.0, 1.0, 0.0, 0.0, 1.0, 0.0, 2.0, 2.0, 1.0, 1.0, 0.0, 2.0, 0.0, 0.0, 2.0, 0.0, 1.0, 0.0, 0.0, 0.0, 0.0, 0.0, 0.0, 1.0, 0.0, 0.0, 1.0], "bins": [-0.029349319636821747, -0.028592413291335106, -0.027835505083203316, -0.027078598737716675, -0.026321690529584885, -0.025564784184098244, -0.024807877838611603, -0.024050969630479813, -0.023294061422348022, -0.02253715507686138, -0.02178024686872959, -0.02102334052324295, -0.02026643231511116, -0.01950952596962452, -0.01875261962413788, -0.017995711416006088, -0.017238805070519447, -0.016481898725032806, -0.015724990516901016, -0.014968084171414375, -0.014211175963282585, -0.013454269617795944, -0.012697362340986729, -0.011940455064177513, -0.011183548718690872, -0.010426641441881657, -0.009669734165072441, -0.0089128278195858, -0.00815591961145401, -0.007399012800306082, -0.0066421059891581535, -0.005885198712348938, -0.005128288641571999, -0.004371381364762783, -0.003614474320784211, -0.0028575672768056393, -0.0021006599999964237, -0.0013437527231872082, -0.0005868459120392799, 0.0001700613647699356, 0.0009269695729017258, 0.0016838767332956195, 0.002440783893689513, 0.003197690937668085, 0.003954598214477301, 0.004711505491286516, 0.005468412302434444, 0.00622531957924366, 0.006982225924730301, 0.0077391332015395164, 0.008496040478348732, 0.009252946823835373, 0.010009855031967163, 0.010766761377453804, 0.01152366865426302, 0.012280575931072235, 0.01303748320788145, 0.013794390484690666, 0.014551297761499882, 0.015308205038309097, 0.016065111383795738, 0.01682201959192753, 0.01757892593741417, 0.01833583414554596, 0.0190927404910326]}, "gradients/conv1.0.weight": {"_type": "histogram", "values": [1.0, 0.0, 0.0, 0.0, 0.0, 1.0, 0.0, 0.0, 1.0, 0.0, 0.0, 1.0, 3.0, 1.0, 0.0, 1.0, 1.0, 2.0, 4.0, 8.0, 21.0, 23.0, 34.0, 46.0, 69.0, 30.0, 31.0, 17.0, 19.0, 8.0, 5.0, 7.0, 6.0, 8.0, 9.0, 5.0, 1.0, 1.0, 2.0, 1.0, 2.0, 1.0, 1.0, 4.0, 2.0, 5.0, 0.0, 1.0, 2.0, 4.0, 0.0, 0.0, 2.0, 1.0, 1.0, 1.0, 1.0, 1.0, 1.0, 1.0, 0.0, 0.0, 0.0, 2.0],