{"gradients/out.bias": {"_type": "histogram", "values": [1.0, 0.0, 0.0, 0.0, 0.0, 2.0, 0.0, 0.0, 0.0, 0.0, 0.0, 0.0, 0.0, 0.0, 0.0, 0.0, 1.0, 0.0, 0.0, 1.0, 2.0, 1.0, 0.0, 0.0, 0.0, 0.0, 1.0, 0.0, 0.0, 0.0, 0.0, 0.0, 0.0, 0.0, 0.0, 0.0, 0.0, 0.0, 0.0, 0.0, 0.0, 0.0, 0.0, 0.0, 0.0, 0.0, 0.0, 0.0, 0.0, 0.0, 0.0, 0.0, 0.0, 0.0, 0.0, 0.0, 0.0, 0.0, 0.0, 0.0, 0.0, 0.0, 0.0, 1.0], "bins": [-0.0008625133195891976, -0.0008194856927730143, -0.000776458065956831, -0.0007334303809329867, -0.0006904028123244643, -0.0006473751273006201, -0.0006043475004844368, -0.0005613198736682534, -0.0005182922468520701, -0.00047526462003588676, -0.00043223699321970344, -0.00038920933729968965, -0.0003461817104835063, -0.000303154083667323, -0.0002601264277473092, -0.00021709880093112588, -0.00017407117411494255, -0.00013104354729875922, -8.801590593066067e-05, -4.498826456256211e-05, -1.9606377463787794e-06, 4.106698906980455e-05, 8.409464498981833e-05, 0.00012712227180600166, 0.0001701499568298459, 0.00021317758364602923, 0.00025620521046221256, 0.00029923286638222635, 0.0003422604931984097, 0.000385288120014593, 0.0004283157759346068, 0.0004713434027507901, 0.0005143709713593125, 0.0005573985981754959, 0.0006004262249916792, 0.0006434539100155234, 0.0006864814786240458, 0.0007295091636478901, 0.0007725367904640734, 0.0008155644172802567, 0.0008585919858887792, 0.0009016196127049625, 0.0009446472395211458, 0.00098767492454499, 0.0010307024931535125, 0.0010737301781773567, 0.0011167577467858791, 0.0011597854318097234, 0.0012028131168335676, 0.0012458408018574119, 0.0012888683704659343, 0.0013318960554897785, 0.001374923624098301, 0.0014179513091221452, 0.0014609789941459894, 0.0015040065627545118, 0.0015470341313630342, 0.0015900618163868785, 0.001633089384995401, 0.0016761170700192451, 0.0017191446386277676, 0.0017621723236516118, 0.001805200008675456, 0.0018482275772839785, 0.0018912552623078227]}, "gradients/out.weight": {"_type": "histogram", "values": [1.0, 1.0, 1.0, 2.0, 2.0, 2.0, 3.0, 0.0, 7.0, 4.0, 5.0, 6.0, 11.0, 13.0, 11.0, 19.0, 21.0, 26.0, 44.0, 47.0, 67.0, 75.0, 90.0, 130.0, 195.0, 359.0, 855.0, 11940.0, 767.0, 315.0, 185.0, 96.0, 67.0, 51.0, 31.0, 37.0, 32.0, 32.0, 26.0, 13.0, 17.0, 12.0, 9.0, 10.0, 5.0, 7.0, 1.0, 2.0, 5.0, 3.0, 2.0, 4.0, 2.0, 2.0, 3.0, 1.0, 2.0, 0.0, 3.0, 0.0, 0.0, 0.0, 0.0, 1.0], "bins": [-0.011303083039820194, -0.01089092344045639, -0.010478763841092587, -0.010066603310406208, -0.009654443711042404, -0.0092422841116786, -0.008830124512314796, -0.008417963981628418, -0.008005804382264614, -0.00759364478290081, -0.007181484717875719, -0.006769325118511915, -0.006357165053486824, -0.00594500545412302, -0.005532845854759216, -0.005120685789734125, -0.004708526190370321, -0.004296366591006517, -0.0038842065259814262, -0.0034720469266176224, -0.003059886861592531, -0.0026477272622287273, -0.00223556743003428, -0.0018234075978398323, -0.0014112479984760284, -0.000999088166281581, -0.0005869283922947943, -0.00017476861830800772, 0.0002373912138864398, 0.0006495509296655655, 0.001061710761860013, 0.0014738705940544605, 0.0018860306590795517, 0.002298190491273999, 0.0027103503234684467, 0.0031225099228322506, 0.0035346699878573418, 0.003946829587221146, 0.0043589891865849495, 0.004771149251610041, 0.005183309316635132, 0.005595468915998936, 0.006007628981024027, 0.006419788580387831, 0.006831948645412922, 0.007244108244776726, 0.00765626784414053, 0.008068427443504333, 0.008480587974190712, 0.008892747573554516, 0.00930490717291832, 0.009717067703604698, 0.010129227302968502, 0.010541386902332306, 0.01095354650169611, 0.011365706101059914, 0.011777865700423717, 0.012190025299787521, 0.012602184899151325, 0.013014345429837704, 0.013426505029201508, 0.013838664628565311, 0.014250824227929115, 0.014662984758615494, 0.015075144357979298]}, "gradients/conv2.0.weight": {"_type": "histogram", "values": [1.0, 0.0, 0.0, 0.0, 2.0, 0.0, 1.0, 1.0, 0.0, 3.0, 3.0, 6.0, 9.0, 11.0, 9.0, 11.0, 16.0, 12.0, 38.0, 39.0, 45.0, 59.0, 67.0, 76.0, 127.0, 142.0, 211.0, 243.0, 345.0, 478.0, 783.0, 1364.0, 2603.0, 2395.0, 1269.0, 739.0, 481.0, 313.0, 205.0, 172.0, 105.0, 97.0, 83.0, 60.0, 30.0, 44.0, 25.0, 11.0, 18.0, 9.0, 8.0, 7.0, 7.0, 4.0, 0.0, 4.0, 4.0, 1.0, 0.0, 1.0, 0.0, 1.0, 0.0, 2.0], "bins": [-0.005039921961724758, -0.004886745009571314, -0.004733567591756582, -0.004580390639603138, -0.004427213687449694, -0.004274036735296249, -0.004120859317481518, -0.0039676823653280735, -0.0038145051803439856, -0.0036613279953598976, -0.0035081510432064533, -0.0033549738582223654, -0.0032017966732382774, -0.003048619721084833, -0.002895442536100745, -0.0027422653511166573, -0.002589088398963213, -0.002435911213979125, -0.0022827342618256807, -0.002129557076841593, -0.0019763801246881485, -0.0018232029397040606, -0.0016700257547199726, -0.0015168486861512065, -0.0013636716175824404, -0.0012104945490136743, -0.0010573174804449081, -0.0009041402954608202, -0.0007509632268920541, -0.000597786158323288, -0.00044460903154686093, -0.0002914319047704339, -0.0001382553018629551, 1.492179580964148e-05, 0.00016809889348223805, 0.00032127599115483463, 0.0004744530888274312, 0.0006276301573961973, 0.0007808072841726243, 0.0009339844109490514, 0.0010871614795178175, 0.0012403385480865836, 0.0013935156166553497, 0.0015466928016394377, 0.0016998698702082038, 0.00185304693877697, 0.002006224123761058, 0.002159401308745146, 0.00231257826089859, 0.002465755445882678, 0.0026189323980361223, 0.0027721095830202103, 0.0029252865351736546, 0.0030784637201577425, 0.0032316409051418304, 0.0033848178572952747, 0.0035379950422793627, 0.0036911722272634506, 0.003844349179416895, 0.003997526131570339, 0.004150703549385071, 0.004303880501538515, 0.004457057453691959, 0.004610234871506691, 0.004763411823660135]}, "gradients/conv2.0.bias": {"_type": "histogram", "values": [1.0, 0.0, 1.0, 0.0, 0.0, 0.0, 0.0, 1.0, 1.0, 0.0, 0.0, 1.0, 0.0, 0.0, 0.0, 0.0, 0.0, 0.0, 0.0, 1.0, 0.0, 0.0, 1.0, 0.0, 0.0, 2.0, 0.0, 1.0, 0.0, 0.0, 0.0, 0.0, 2.0, 2.0, 1.0, 1.0, 1.0, 2.0, 0.0, 0.0, 0.0, 0.0, 0.0, 3.0, 0.0, 0.0, 2.0, 0.0, 0.0, 0.0, 1.0, 1.0, 1.0, 0.0, 0.0, 1.0, 0.0, 0.0, 1.0, 0.0, 0.0, 0.0, 1.0, 2.0], "bins": [-0.0011578334961086512, -0.0011255936697125435, -0.0010933538433164358, -0.0010611139005050063, -0.0010288740741088986, -0.000996634247712791, -0.0009643943631090224, -0.0009321544785052538, -0.0008999146521091461, -0.0008676748257130384, -0.0008354349411092699, -0.0008031950565055013, -0.0007709552301093936, -0.0007387154037132859, -0.0007064755191095173, -0.0006742356345057487, -0.0006419958081096411, -0.0006097559817135334, -0.0005775160971097648, -0.0005452762125059962, -0.0005130363861098886, -0.0004807965306099504, -0.0004485566751100123, -0.00041631681961007416, -0.00038407696411013603, -0.0003518371086101979, -0.00031959725311025977, -0.00028735739761032164, -0.0002551175421103835, -0.00022287768661044538, -0.00019063783111050725, -0.00015839797561056912, -0.00012615823652595282, -9.391838102601469e-05, -6.167852552607656e-05, -2.9438670026138425e-05, 2.8011854737997055e-06, 3.5041040973737836e-05, 6.728089647367597e-05, 9.95207519736141e-05, 0.00013176060747355223, 0.00016400046297349036, 0.0001962403184734285, 0.00022848017397336662, 0.00026072002947330475, 0.0002929598849732429, 0.000325199740473181, 0.00035743959597311914, 0.00038967945147305727, 0.0004219193069729954, 0.00045415916247293353, 0.00048639901797287166, 0.0005186388734728098, 0.0005508786998689175, 0.000583118584472686, 0.0006153584690764546, 0.0006475982954725623, 0.00067983812186867, 0.0007120780064724386, 0.0007443178910762072, 0.0007765577174723148, 0.0008087975438684225, 0.0008410374284721911, 0.0008732773130759597, 0.0009055171394720674]}, "gradients/conv1.0.weight": {"_type": "histogram",