{"gradients/out.bias": {"_type": "histogram", "values": [1.0, 0.0, 0.0, 0.0, 0.0, 0.0, 0.0, 0.0, 0.0, 0.0, 0.0, 0.0, 0.0, 0.0, 0.0, 0.0, 0.0, 0.0, 0.0, 0.0, 0.0, 0.0, 0.0, 0.0, 0.0, 0.0, 0.0, 0.0, 1.0, 0.0, 0.0, 0.0, 0.0, 0.0, 0.0, 0.0, 0.0, 0.0, 0.0, 0.0, 0.0, 0.0, 0.0, 1.0, 3.0, 0.0, 0.0, 0.0, 0.0, 0.0, 1.0, 0.0, 0.0, 0.0, 0.0, 0.0, 0.0, 1.0, 0.0, 0.0, 0.0, 1.0, 0.0, 1.0], "bins": [-0.0012597908498719335, -0.0012311383616179228, -0.001202485873363912, -0.0011738333851099014, -0.001145180780440569, -0.0011165282921865582, -0.0010878758039325476, -0.001059223315678537, -0.0010305708274245262, -0.0010019183391705155, -0.000973265792708844, -0.0009446133044548333, -0.0009159608162008226, -0.000887308269739151, -0.0008586557814851403, -0.0008300032932311296, -0.0008013506885617971, -0.0007726982003077865, -0.0007440456538461149, -0.0007153931655921042, -0.0006867406773380935, -0.0006580881308764219, -0.0006294356426224113, -0.0006007831543684006, -0.0005721306661143899, -0.0005434781778603792, -0.0005148256313987076, -0.00048617314314469695, -0.0004575206257868558, -0.0004288681084290147, -0.000400215620175004, -0.00037156310281716287, -0.00034291058545932174, -0.0003142580681014806, -0.0002856055798474699, -0.0002569530624896288, -0.00022830054513178766, -0.00019964804232586175, -0.00017099553951993585, -0.0001423430221620947, -0.00011369050480425358, -8.503799472237006e-05, -5.6385488278465346e-05, -2.7732981834560633e-05, 9.195282473228872e-07, 2.9572038329206407e-05, 5.822454113513231e-05, 8.687705849297345e-05, 0.00011552954674698412, 0.00014418204955291003, 0.00017283456691075116, 0.00020148706971667707, 0.0002301395870745182, 0.0002587920753285289, 0.00028744459268637, 0.00031609711004421115, 0.0003447495982982218, 0.00037340211565606296, 0.00040205460391007364, 0.00043070712126791477, 0.0004593596386257559, 0.00048801215598359704, 0.0005166646442376077, 0.0005453171906992793, 0.00057396967895329]}, "gradients/out.weight": {"_type": "histogram", "values": [2.0, 0.0, 0.0, 0.0, 1.0, 5.0, 3.0, 1.0, 3.0, 2.0, 3.0, 7.0, 8.0, 5.0, 3.0, 6.0, 11.0, 17.0, 12.0, 17.0, 21.0, 25.0, 35.0, 36.0, 41.0, 64.0, 54.0, 95.0, 91.0, 107.0, 158.0, 180.0, 261.0, 549.0, 11792.0, 676.0, 337.0, 254.0, 211.0, 115.0, 91.0, 79.0, 64.0, 50.0, 48.0, 30.0, 16.0, 15.0, 18.0, 8.0, 8.0, 4.0, 13.0, 1.0, 2.0, 7.0, 5.0, 2.0, 1.0, 5.0, 0.0, 2.0, 1.0, 2.0], "bins": [-0.009519084356725216, -0.009242339059710503, -0.008965592831373215, -0.008688847534358501, -0.008412102237343788, -0.0081353560090065, -0.007858610711991787, -0.007581864949315786, -0.007305119186639786, -0.007028373423963785, -0.006751627661287785, -0.006474882364273071, -0.006198136601597071, -0.00592139083892107, -0.005644645541906357, -0.005367899779230356, -0.005091154016554356, -0.004814408253878355, -0.004537662491202354, -0.004260917194187641, -0.0039841714315116405, -0.00370742566883564, -0.003430680138990283, -0.003153934609144926, -0.0028771888464689255, -0.002600443083792925, -0.002323697553947568, -0.002046952024102211, -0.0017702062614262104, -0.0014934606151655316, -0.0012167149689048529, -0.0009399693226441741, -0.00066322460770607, -0.0003864789614453912, -0.00010973331518471241, 0.00016701233107596636, 0.0004437579773366451, 0.0007205036235973239, 0.0009972492698580027, 0.0012739949161186814, 0.0015507405623793602, 0.001827486208640039, 0.0021042318549007177, 0.0023809773847460747, 0.0026577231474220753, 0.002934468910098076, 0.003211214439943433, 0.0034879599697887897, 0.0037647057324647903, 0.004041451495140791, 0.0043181972578167915, 0.004594942554831505, 0.004871688317507505, 0.005148434080183506, 0.005425179377198219, 0.00570192513987422, 0.0059786709025502205, 0.006255416665226221, 0.006532162427902222, 0.006808907724916935, 0.0070856534875929356, 0.007362399250268936, 0.0076391445472836494, 0.007915890775620937, 0.00819263607263565]}, "gradients/conv2.0.weight": {"_type": "histogram", "values": [3.0, 0.0, 1.0, 1.0, 2.0, 0.0, 1.0, 2.0, 3.0, 1.0, 1.0, 0.0, 4.0, 4.0, 1.0, 3.0, 5.0, 8.0, 3.0, 9.0, 21.0, 12.0, 17.0, 27.0, 42.0, 41.0, 55.0, 87.0, 145.0, 148.0, 182.0, 305.0, 465.0, 695.0, 1076.0, 1771.0, 3203.0, 1455.0, 981.0, 607.0, 387.0, 284.0, 212.0, 145.0, 108.0, 80.0, 54.0, 36.0, 30.0, 20.0, 9.0, 13.0, 7.0, 12.0, 4.0, 3.0, 4.0, 1.0, 2.0, 0.0, 0.0, 0.0, 1.0, 1.0], "bins": [-0.005701269023120403, -0.005544021259993315, -0.005386773496866226, -0.00522952526807785, -0.005072277504950762, -0.004915029741823673, -0.004757781513035297, -0.004600533749908209, -0.00444328598678112, -0.004286038223654032, -0.004128790460526943, -0.003971542231738567, -0.003814294468611479, -0.0036570467054843903, -0.003499798709526658, -0.003342550713568926, -0.0031853029504418373, -0.0030280551873147488, -0.0028708071913570166, -0.0027135591953992844, -0.002556311432272196, -0.0023990636691451073, -0.002241815673187375, -0.002084567677229643, -0.0019273199141025543, -0.001770072034560144, -0.0016128241550177336, -0.0014555762754753232, -0.0012983283959329128, -0.0011410805163905025, -0.000983832636848092, -0.0008265847573056817, -0.0006693373434245586, -0.0005120894638821483, -0.0003548415843397379, -0.00019759370479732752, -4.0345825254917145e-05, 0.00011690205428749323, 0.0002741499338299036, 0.000431397813372314, 0.0005886456929147243, 0.0007458935724571347, 0.0009031414519995451, 0.0010603893315419555, 0.0012176372110843658, 0.0013748850906267762, 0.0015321329701691866, 0.001689380849711597, 0.0018466287292540073, 0.002003876492381096, 0.002161124488338828, 0.0023183724842965603, 0.002475620247423649, 0.0026328680105507374, 0.0027901160065084696, 0.0029473640024662018, 0.0031046117655932903, 0.003261859528720379, 0.003419107524678111, 0.0035763555206358433, 0.003733603283762932, 0.0038908510468900204, 0.004048098810017109, 0.004205347038805485, 0.004362594801932573]}, "gradients/conv2.0.bias": {"_type": "histogram", "values": [1.0, 0.0, 0.0, 0.0, 0.0, 0.0, 0.0, 0.0, 0.0, 0.0, 1.0, 0.0, 0.0, 0.0, 0.0, 0.0, 0.0, 0.0, 1.0, 1.0, 0.0, 0.0, 0.0, 0.0, 0.0, 1.0, 1.0, 2.0, 1.0, 0.0, 0.0, 0.0, 0.0, 2.0, 1.0, 0.0, 0.0, 2.0, 2.0, 2.0, 1.0, 0.0, 0.0, 0.0, 2.0, 3.0, 0.0, 0.0, 1.0, 0.0, 2.0, 0.0, 2.0, 0.0, 1.0, 0.0, 0.0, 0.0, 0.0, 1.0, 0.0, 0.0, 0.0, 1.0], "bins": [-0.001411339151673019, -0.0013702898286283016, -0.0013292405055835843, -0.001288191182538867, -0.0012471418594941497, -0.0012060925364494324, -0.0011650433298200369, -0.0011239938903599977, -0.0010829446837306023, -0.001041895360685885, -0.0010008460376411676, -0.0009597967145964503, -0.000918747391551733, -0.0008776980685070157, -0.0008366488036699593, -0.000795599480625242, -0.0007545500993728638, -0.0007135007763281465, -0.0006724514532834291, -0.0006314021302387118, -0.0005903528071939945, -0.0005493034841492772, -0.0005082542193122208, -0.0004672048962675035, -0.0004261556314304471, -0.0003851063083857298, -0.0003440569853410125, -0.0003030076914001256, -0.0002619583683554083, -0.000220909045310691, -0.00017985975136980414, -0.00013881042832508683, -9.776116348803043e-05, -5.6711847719270736e-05, -1.5662531950511038e-05, 2.5386776542291045e-05, 6.643609958700836e-05, 0.00010748542263172567, 0.00014853471657261252, 0.00018958403961732984, 0.00023063342086970806, 0.0002716827439144254, 0.0003127320669591427, 0.00035378136090002954, 0.00039483068394474685, 0.00043588000698946416, 0.000476929300930351, 0.0005179786239750683, 0.0005590278888121247, 0.000600077211856842, 0.0006411265349015594, 0.0006821758579462767, 0.000723225180990994, 0.0007642745040357113, 0.0008053237688727677, 0.000846373091917485, 0.0008874224149622023, 0.0009284717380069196, 0.0009695210610516369, 0.0010105703258886933, 0.0010516196489334106, 0.001092668971978128, 0.0011337182950228453, 0.0011747676180675626, 0.00121581694111228]}, "gradients/conv1.0.weight": {"_type": "histogram",