{"gradients/out.bias": {"_type": "histogram", "values": [1.0, 0.0, 0.0, 0.0, 0.0, 0.0, 0.0, 0.0, 0.0, 0.0, 0.0, 0.0, 0.0, 0.0, 0.0, 0.0, 0.0, 0.0, 0.0, 0.0, 1.0, 1.0, 0.0, 0.0, 0.0, 0.0, 0.0, 1.0, 4.0, 0.0, 0.0, 0.0, 0.0, 0.0, 1.0, 0.0, 0.0, 0.0, 0.0, 0.0, 0.0, 0.0, 0.0, 0.0, 0.0, 0.0, 0.0, 0.0, 0.0, 0.0, 0.0, 0.0, 0.0, 0.0, 0.0, 0.0, 0.0, 0.0, 0.0, 0.0, 0.0, 0.0, 0.0, 1.0], "bins": [-0.0002548678603488952, -0.00024577227304689586, -0.0002366766711929813, -0.00022758108389098197, -0.00021848549658898264, -0.00020938989473506808, -0.00020029430743306875, -0.00019119872013106942, -0.0001821031328290701, -0.00017300754552707076, -0.0001639119436731562, -0.00015481635637115687, -0.00014572076906915754, -0.00013662516721524298, -0.00012752957991324365, -0.00011843399261124432, -0.00010933839075732976, -0.00010024279617937282, -9.114720887737349e-05, -8.205161429941654e-05, -7.295602699741721e-05, -6.386043241946027e-05, -5.476483784150332e-05, -4.566925053950399e-05, -3.657364868558943e-05, -2.7478057745611295e-05, -1.8382464986643754e-05, -9.286872227676213e-06, -1.9128128769807518e-07, 8.904309652280062e-06, 1.7999904230237007e-05, 2.7095491532236338e-05, 3.619107883423567e-05, 4.5286669774213806e-05, 5.4382260714191943e-05, 6.347785529214889e-05, 7.257344259414822e-05, 8.166903717210516e-05, 9.076463175006211e-05, 9.986021905206144e-05, 0.00010895580635406077, 0.00011805140093201771, 0.00012714699550997466, 0.000136242582811974, 0.00014533817011397332, 0.00015443377196788788, 0.0001635293592698872, 0.00017262494657188654, 0.0001817205484258011, 0.00019081613572780043, 0.000199911737581715, 0.00020900732488371432, 0.00021810291218571365, 0.00022719849948771298, 0.00023629410134162754, 0.0002453897031955421, 0.00025448529049754143, 0.00026358087779954076, 0.0002726764651015401, 0.0002817720524035394, 0.0002908676688093692, 0.00029996325611136854, 0.00030905884341336787, 0.0003181544307153672, 0.00032725001801736653]}, "gradients/out.weight": {"_type": "histogram", "values": [1.0, 0.0, 0.0, 2.0, 0.0, 1.0, 1.0, 1.0, 3.0, 2.0, 1.0, 0.0, 1.0, 1.0, 0.0, 2.0, 6.0, 3.0, 6.0, 5.0, 5.0, 7.0, 13.0, 7.0, 7.0, 17.0, 30.0, 52.0, 97.0, 14997.0, 196.0, 68.0, 41.0, 18.0, 15.0, 10.0, 1.0, 9.0, 10.0, 7.0, 6.0, 8.0, 2.0, 3.0, 2.0, 1.0, 2.0, 0.0, 0.0, 2.0, 1.0, 1.0, 1.0, 2.0, 0.0, 1.0, 4.0, 0.0, 0.0, 0.0, 0.0, 0.0, 0.0, 1.0], "bins": [-0.0028492589481174946, -0.002753842156380415, -0.002658425597473979, -0.0025630088057368994, -0.0024675920139998198, -0.002372175455093384, -0.002276758663356304, -0.0021813418716192245, -0.002085925079882145, -0.0019905082881450653, -0.0018950916128233075, -0.0017996749375015497, -0.00170425814576447, -0.0016088414704427123, -0.0015134247951209545, -0.001418008003383875, -0.001322591444477439, -0.0012271747691556811, -0.0011317579774186015, -0.0010363413020968437, -0.000940924568567425, -0.0008455078350380063, -0.0007500911597162485, -0.0006546744261868298, -0.0005592578090727329, -0.0004638410755433142, -0.00036842437111772597, -0.0002730076666921377, -0.000177590933162719, -8.21741996333003e-05, 1.3242475688457489e-05, 0.0001086592092178762, 0.00020407629199326038, 0.0002994930255226791, 0.00039490972994826734, 0.0004903264343738556, 0.0005857431679032743, 0.000681159901432693, 0.0007765765767544508, 0.0008719933102838695, 0.00096741016022861, 0.0010628268355503678, 0.0011582436272874475, 0.0012536603026092052, 0.0013490770943462849, 0.0014444937696680427, 0.0015399104449898005, 0.00163532723672688, 0.001730743795633316, 0.0018261604709550738, 0.0019215772626921535, 0.0020169939380139112, 0.002112410729750991, 0.002207827288657427, 0.0023032440803945065, 0.002398660872131586, 0.0024940776638686657, 0.0025894944556057453, 0.0026849110145121813, 0.002780327806249261, 0.0028757445979863405, 0.0029711611568927765, 0.003066577948629856, 0.0031619947403669357, 0.0032574112992733717]}, "gradients/conv2.0.weight": {"_type": "histogram", "values": [1.0, 3.0, 1.0, 4.0, 4.0, 3.0, 7.0, 12.0, 8.0, 14.0, 13.0, 21.0, 37.0, 35.0, 56.0, 65.0, 102.0, 188.0, 272.0, 453.0, 1524.0, 8744.0, 392.0, 208.0, 146.0, 108.0, 76.0, 55.0, 30.0, 32.0, 23.0, 23.0, 20.0, 20.0, 8.0, 9.0, 12.0, 7.0, 12.0, 5.0, 4.0, 1.0, 4.0, 6.0, 3.0, 2.0, 5.0, 4.0, 3.0, 1.0, 6.0, 3.0, 0.0, 1.0, 0.0, 1.0, 0.0, 0.0, 1.0, 0.0, 1.0, 0.0, 0.0, 1.0], "bins": [-0.0008451411267742515, -0.0008049142779782414, -0.0007646874873898923, -0.0007244606968015432, -0.0006842338480055332, -0.0006440069992095232, -0.0006037802086211741, -0.000563553418032825, -0.000523326569236815, -0.0004830997495446354, -0.00044287292985245585, -0.0004026461101602763, -0.00036241929046809673, -0.00032219247077591717, -0.0002819656510837376, -0.00024173883139155805, -0.0002015120116993785, -0.00016128519200719893, -0.00012105837231501937, -8.083155262283981e-05, -4.060473293066025e-05, -3.7791323848068714e-07, 3.9848906453698874e-05, 8.007572614587843e-05, 0.000120302545838058, 0.00016052936553023756, 0.00020075618522241712, 0.00024098300491459668, 0.00028120982460677624, 0.0003214366442989558, 0.00036166346399113536, 0.0004018902836833149, 0.0004421171033754945, 0.00048234392306767404, 0.0005225707427598536, 0.0005627975333482027, 0.0006030243821442127, 0.0006432512309402227, 0.0006834780215285718, 0.000723704812116921, 0.000763931660912931, 0.000804158509708941, 0.0008443853002972901, 0.0008846120908856392, 0.0009248389396816492, 0.0009650657884776592, 0.0010052926372736692, 0.0010455193696543574, 0.0010857462184503675, 0.0011259730672463775, 0.0011661997996270657, 0.0012064266484230757, 0.0012466534972190857, 0.0012868803460150957, 0.0013271071948111057, 0.001367333927191794, 0.001407560775987804, 0.001447787624783814, 0.0014880143571645021, 0.0015282412059605122, 0.0015684680547565222, 0.0016086949035525322, 0.0016489217523485422, 0.0016891484847292304, 0.0017293753335252404]}, "gradients/conv2.0.bias": {"_type": "histogram", "values": [1.0, 0.0, 0.0, 0.0, 0.0, 0.0, 1.0, 0.0, 0.0, 0.0, 0.0, 0.0, 0.0, 0.0, 0.0, 0.0, 0.0, 1.0, 1.0, 1.0, 1.0, 2.0, 1.0, 1.0, 0.0, 12.0, 0.0, 0.0, 2.0, 1.0, 1.0, 0.0, 0.0, 1.0, 0.0, 0.0, 0.0, 1.0, 0.0, 1.0, 0.0, 0.0, 0.0, 0.0, 0.0, 0.0, 0.0, 0.0, 0.0, 0.0, 0.0, 0.0, 0.0, 0.0, 0.0, 1.0, 1.0, 0.0, 0.0, 0.0, 0.0, 0.0, 0.0, 1.0], "bins": [-0.000641766469925642, -0.0006168322288431227, -0.0005918980459682643, -0.000566963804885745, -0.0005420296220108867, -0.0005170953809283674, -0.0004921611398458481, -0.00046722692786715925, -0.0004422927158884704, -0.0004173585039097816, -0.00039242429193109274, -0.00036749005084857345, -0.0003425558388698846, -0.0003176216268911958, -0.0002926873858086765, -0.00026775317382998765, -0.0002428189618512988, -0.00021788474987260997, -0.0001929505233420059, -0.00016801629681140184, -0.000143082084832713, -0.00011814787285402417, -9.321364632342011e-05, -6.827941979281604e-05, -4.334520781412721e-05, -1.8410988559480757e-05, 6.523230695165694e-06, 3.1457449949812144e-05, 5.6391669204458594e-05, 8.132588118314743e-05, 0.0001062601077137515, 0.00013119433424435556, 0.0001561286044307053, 0.00018106281640939415, 0.0002059970429399982, 0.00023093126947060227, 0.0002558654814492911, 0.00028079969342797995, 0.00030573393451049924, 0.0003306681464891881, 0.0003556023584678769, 0.00038053657044656575, 0.0004054707824252546, 0.0004304050235077739, 0.0004553392354864627, 0.00048027344746515155, 0.0005052076885476708, 0.0005301418714225292, 0.0005550761125050485, 0.0005800103535875678, 0.0006049445364624262, 0.0006298787775449455, 0.0006548130186274648, 0.0006797472015023232, 0.0007046814425848424, 0.0007296156836673617, 0.0007545498665422201, 0.0007794841076247394, 0.0008044182904995978, 0.0008293525315821171, 0.0008542867144569755, 0.0008792209555394948, 0.000904155196622014, 0.0009290893794968724, 0.0009540236205793917]}, "gradients/conv1.0.weight": {"_type": "histogram",