{"gradients/out.bias": {"_type": "histogram", "values": [1.0, 0.0, 0.0, 0.0, 0.0, 0.0, 0.0, 0.0, 0.0, 0.0, 0.0, 0.0, 0.0, 0.0, 0.0, 0.0, 0.0, 0.0, 0.0, 0.0, 0.0, 1.0, 0.0, 0.0, 0.0, 0.0, 0.0, 0.0, 1.0, 1.0, 0.0, 3.0, 0.0, 1.0, 0.0, 0.0, 0.0, 0.0, 0.0, 0.0, 1.0, 0.0, 0.0, 0.0, 0.0, 0.0, 0.0, 0.0, 0.0, 0.0, 0.0, 0.0, 0.0, 0.0, 0.0, 0.0, 0.0, 0.0, 0.0, 0.0, 0.0, 0.0, 0.0, 1.0], "bins": [-0.002602895488962531, -0.0025196350179612637, -0.0024363745469599962, -0.002353114075958729, -0.0022698536049574614, -0.002186593133956194, -0.00210333289578557, -0.002020072191953659, -0.0019368118373677135, -0.001853551366366446, -0.0017702908953651786, -0.001687030540779233, -0.0016037700697779655, -0.0015205095987766981, -0.0014372491277754307, -0.0013539886567741632, -0.0012707281857728958, -0.0011874677147716284, -0.001104207243770361, -0.0010209467727690935, -0.000937686359975487, -0.0008544258889742196, -0.000771165476180613, -0.0006879050051793456, -0.0006046446505934, -0.0005213841795921326, -0.0004381237376946956, -0.0003548632957972586, -0.0002716028247959912, -0.00018834235379472375, -0.00010508194100111723, -2.1821469999849796e-05, 6.143911741673946e-05, 0.00014469957386609167, 0.00022796003031544387, 0.00031122047221288085, 0.0003944809432141483, 0.0004777414142154157, 0.0005610018270090222, 0.0006442622980102897, 0.0007275228854268789, 0.0008107833564281464, 0.0008940438274294138, 0.0009773042984306812, 0.0010605647694319487, 0.001143825240433216, 0.0012270855950191617, 0.0013103460660204291, 0.0013936064206063747, 0.0014768668916076422, 0.0015601273626089096, 0.001643387833610177, 0.0017266483046114445, 0.001809908775612712, 0.0018931691301986575, 0.001976429484784603, 0.002059690188616514, 0.0021429506596177816, 0.002226211130619049, 0.0023094716016203165, 0.002392732072621584, 0.0024759925436228514, 0.002559253014624119, 0.0026425132527947426, 0.00272577372379601]}, "gradients/out.weight": {"_type": "histogram", "values": [2.0, 0.0, 0.0, 0.0, 2.0, 0.0, 1.0, 0.0, 2.0, 1.0, 1.0, 2.0, 8.0, 4.0, 3.0, 8.0, 5.0, 6.0, 11.0, 18.0, 14.0, 19.0, 17.0, 29.0, 32.0, 34.0, 44.0, 65.0, 81.0, 155.0, 347.0, 13233.0, 835.0, 223.0, 106.0, 73.0, 57.0, 36.0, 31.0, 34.0, 27.0, 10.0, 25.0, 14.0, 14.0, 7.0, 7.0, 5.0, 7.0, 2.0, 7.0, 5.0, 2.0, 2.0, 1.0, 0.0, 1.0, 1.0, 0.0, 2.0, 0.0, 0.0, 0.0, 2.0], "bins": [-0.027696529403328896, -0.02682463265955448, -0.025952737778425217, -0.025080841034650803, -0.02420894429087639, -0.023337049409747124, -0.02246515266597271, -0.021593257784843445, -0.02072136104106903, -0.019849464297294617, -0.018977569416165352, -0.018105672672390938, -0.017233777791261673, -0.01636188104748726, -0.015489984303712845, -0.014618088491261005, -0.013746192678809166, -0.012874296866357327, -0.012002401053905487, -0.011130504310131073, -0.010258608497679234, -0.009386712685227394, -0.00851481594145298, -0.007642920129001141, -0.006771024316549301, -0.005899128504097462, -0.005027232225984335, -0.004155335947871208, -0.0032834401354193687, -0.0024115443229675293, -0.0015396480448544025, -0.0006677517667412758, 0.0002041459083557129, 0.001076041953638196, 0.001947937998920679, 0.002819834044203162, 0.0036917300894856453, 0.004563625901937485, 0.0054355221800506115, 0.006307418458163738, 0.007179314270615578, 0.008051210083067417, 0.008923105895519257, 0.00979500263929367, 0.01066689845174551, 0.01153879426419735, 0.012410691007971764, 0.013282586820423603, 0.014154482632875443, 0.015026378445327282, 0.01589827425777912, 0.016770171001553535, 0.0176420658826828, 0.018513962626457214, 0.01938585937023163, 0.020257756114006042, 0.021129650995135307, 0.02200154773890972, 0.022873442620038986, 0.0237453393638134, 0.024617236107587814, 0.02548913098871708, 0.026361027732491493, 0.027232922613620758, 0.028104819357395172]}, "gradients/conv2.0.weight": {"_type": "histogram", "values": [1.0, 0.0, 1.0, 0.0, 1.0, 5.0, 3.0, 5.0, 6.0, 8.0, 10.0, 8.0, 19.0, 17.0, 18.0, 38.0, 37.0, 43.0, 54.0, 74.0, 78.0, 106.0, 107.0, 150.0, 189.0, 244.0, 345.0, 474.0, 617.0, 932.0, 1535.0, 2121.0, 1536.0, 1124.0, 783.0, 555.0, 409.0, 288.0, 219.0, 136.0, 114.0, 72.0, 57.0, 49.0, 46.0, 38.0, 25.0, 22.0, 21.0, 18.0, 15.0, 8.0, 3.0, 3.0, 3.0, 2.0, 2.0, 2.0, 3.0, 0.0, 0.0, 0.0, 0.0, 1.0], "bins": [-0.006436613388359547, -0.006231671664863825, -0.00602673040702939, -0.0058217886835336685, -0.005616847425699234, -0.005411905702203512, -0.00520696397870779, -0.005002022720873356, -0.004797080997377634, -0.004592139273881912, -0.004387198016047478, -0.004182256292551756, -0.003977315034717321, -0.0037723733112215996, -0.0035674318205565214, -0.0033624903298914433, -0.003157548839226365, -0.002952607348561287, -0.0027476658578962088, -0.0025427243672311306, -0.0023377826437354088, -0.0021328411530703306, -0.0019278996624052525, -0.0017229580553248525, -0.0015180166810750961, -0.001313075190410018, -0.001108133583329618, -0.0009031920926645398, -0.0006982505437918007, -0.0004933089949190617, -0.0002883675042539835, -8.342589717358351e-05, 0.00012151570990681648, 0.00032645725877955556, 0.0005313988076522946, 0.0007363402983173728, 0.0009412818471901119, 0.001146223396062851, 0.0013511648867279291, 0.001556106493808329, 0.001761048100888729, 0.0019659895915538073, 0.0021709310822188854, 0.0023758728057146072, 0.0025808142963796854, 0.0027857557870447636, 0.0029906972777098417, 0.00319563876837492, 0.003400580259039998, 0.0036055217497050762, 0.0038104632403701544, 0.0040154047310352325, 0.004220346454530954, 0.004425288178026676, 0.004630229435861111, 0.0048351711593568325, 0.005040112417191267, 0.005245054140686989, 0.005449995398521423, 0.005654937122017145, 0.00585987837985158, 0.0060648201033473015, 0.006269761361181736, 0.006474703084677458, 0.00667964480817318]}, "gradients/conv2.0.bias": {"_type": "histogram", "values": [1.0, 0.0, 0.0, 0.0, 0.0, 2.0, 0.0, 2.0, 1.0, 1.0, 1.0, 0.0, 0.0, 0.0, 1.0, 0.0, 0.0, 0.0, 0.0, 1.0, 0.0, 0.0, 1.0, 0.0, 0.0, 0.0, 0.0, 3.0, 0.0, 1.0, 0.0, 1.0, 0.0, 0.0, 1.0, 1.0, 0.0, 3.0, 1.0, 3.0, 1.0, 1.0, 0.0, 0.0, 0.0, 0.0, 1.0, 0.0, 0.0, 0.0, 0.0, 0.0, 1.0, 0.0, 0.0, 0.0, 1.0, 1.0, 0.0, 0.0, 0.0, 0.0, 0.0, 1.0], "bins": [-0.001930632395669818, -0.0018664725357666612, -0.0018023126758635044, -0.0017381528159603477, -0.001673992956057191, -0.001609833212569356, -0.0015456733526661992, -0.0014815134927630424, -0.0014173536328598857, -0.001353193772956729, -0.0012890339130535722, -0.0012248740531504154, -0.0011607143096625805, -0.001096554333344102, -0.001032394589856267, -0.0009682347299531102, -0.0009040748700499535, -0.0008399150101467967, -0.00077575515024364, -0.0007115953485481441, -0.0006474354886449873, -0.0005832756287418306, -0.0005191158270463347, -0.000454955967143178, -0.00039079610724002123, -0.00032663624733686447, -0.00026247641653753817, -0.00019831657118629664, -0.0001341567258350551, -6.999686593189836e-05, -5.837035132572055e-06, 5.8322795666754246e-05, 0.00012248242273926735, 0.00018664226809050888, 0.0002508021134417504, 0.0003149619442410767, 0.00037912180414423347, 0.0004432816640473902, 0.0005074414657428861, 0.0005716013256460428, 0.0006357611855491996, 0.0006999210454523563, 0.0007640809053555131, 0.0008282407070510089, 0.0008924005669541657, 0.0009565604268573225, 0.0010207202285528183, 0.001084880088455975, 0.0011490399483591318, 0.0012131998082622886, 0.0012773596681654453, 0.001341519528068602, 0.0014056793879717588, 0.0014698391314595938, 0.0015339989913627505, 0.0015981588512659073, 0.001662318711169064, 0.0017264785710722208, 0.0017906384309753776, 0.0018547982908785343, 0.0019189580343663692, 0.001983118010684848, 0.0020472777541726828, 0.0021114377304911613, 0.0021755974739789963]}, "gradients/conv1.0.weight": {"_type": "histogram",