{"gradients/out.bias": {"_type": "histogram", "values": [1.0, 0.0, 0.0, 0.0, 0.0, 0.0, 0.0, 0.0, 0.0, 0.0, 0.0, 0.0, 0.0, 0.0, 0.0, 0.0, 0.0, 0.0, 0.0, 0.0, 0.0, 1.0, 0.0, 0.0, 0.0, 0.0, 0.0, 0.0, 0.0, 1.0, 0.0, 1.0, 0.0, 3.0, 0.0, 0.0, 0.0, 0.0, 0.0, 0.0, 1.0, 0.0, 0.0, 0.0, 0.0, 1.0, 0.0, 0.0, 0.0, 0.0, 0.0, 0.0, 0.0, 0.0, 0.0, 0.0, 0.0, 0.0, 0.0, 0.0, 0.0, 0.0, 0.0, 1.0], "bins": [-0.010307472199201584, -0.009997772052884102, -0.009688070975244045, -0.009378370828926563, -0.009068669751286507, -0.008758969604969025, -0.008449269458651543, -0.00813956931233406, -0.007829868234694004, -0.007520167622715235, -0.0072104670107364655, -0.0069007668644189835, -0.006591066252440214, -0.006281365640461445, -0.005971665494143963, -0.0056619648821651936, -0.005352264270186424, -0.005042563658207655, -0.004732863046228886, -0.004423162899911404, -0.004113462287932634, -0.003803761675953865, -0.0034940612968057394, -0.0031843609176576138, -0.0028746603056788445, -0.002564959693700075, -0.0022552593145519495, -0.001945558818988502, -0.0016358583234250546, -0.001326157827861607, -0.0010164573322981596, -0.000706756953150034, -0.00039705634117126465, -8.735584560781717e-05, 0.0002223446499556303, 0.0005320451455190778, 0.0008417456410825253, 0.0011514461366459727, 0.0014611466322094202, 0.0017708470113575459, 0.002080547623336315, 0.0023902482353150845, 0.00269994861446321, 0.0030096489936113358, 0.003319349605590105, 0.0036290502175688744, 0.003938750363886356, 0.004248450975865126, 0.004558151587843895, 0.004867852199822664, 0.0051775528118014336, 0.0054872529581189156, 0.005796953570097685, 0.006106654182076454, 0.006416354328393936, 0.0067260549403727055, 0.007035755552351475, 0.007345456164330244, 0.007655156776309013, 0.007964856922626495, 0.008274557068943977, 0.008584258146584034, 0.008893958292901516, 0.009203659370541573, 0.009513359516859055]}, "gradients/out.weight": {"_type": "histogram", "values": [1.0, 0.0, 0.0, 1.0, 1.0, 2.0, 3.0, 2.0, 1.0, 2.0, 3.0, 4.0, 8.0, 8.0, 11.0, 15.0, 11.0, 14.0, 20.0, 27.0, 30.0, 40.0, 41.0, 44.0, 65.0, 110.0, 145.0, 142.0, 197.0, 294.0, 415.0, 902.0, 10523.0, 832.0, 445.0, 288.0, 233.0, 152.0, 149.0, 124.0, 66.0, 53.0, 47.0, 47.0, 39.0, 24.0, 20.0, 15.0, 9.0, 9.0, 10.0, 9.0, 9.0, 2.0, 3.0, 1.0, 4.0, 3.0, 2.0, 2.0, 0.0, 0.0, 0.0, 1.0], "bins": [-0.09811915457248688, -0.0951046496629715, -0.09209014475345612, -0.08907563984394073, -0.08606113493442535, -0.08304663002490997, -0.08003212511539459, -0.07701762020587921, -0.07400311529636383, -0.07098861038684845, -0.06797410547733307, -0.06495960056781769, -0.06194509565830231, -0.058930590748786926, -0.055916085839271545, -0.052901580929756165, -0.049887076020240784, -0.0468725711107254, -0.04385806620121002, -0.04084356129169464, -0.03782905638217926, -0.03481455147266388, -0.0318000465631485, -0.028785541653633118, -0.025771036744117737, -0.022756531834602356, -0.019742026925086975, -0.016727522015571594, -0.013713017106056213, -0.010698512196540833, -0.007684007287025452, -0.004669502377510071, -0.00165499746799469, 0.001359507441520691, 0.004374012351036072, 0.007388517260551453, 0.010403022170066833, 0.013417527079582214, 0.016432031989097595, 0.019446536898612976, 0.022461041808128357, 0.025475546717643738, 0.02849005162715912, 0.0315045565366745, 0.03451906144618988, 0.03753356635570526, 0.04054807126522064, 0.04356257617473602, 0.046577081084251404, 0.049591585993766785, 0.052606090903282166, 0.055620595812797546, 0.05863510072231293, 0.06164960563182831, 0.06466411054134369, 0.06767861545085907, 0.07069312036037445, 0.07370762526988983, 0.07672213017940521, 0.0797366350889206, 0.08275113999843597, 0.08576564490795135, 0.08878014981746674, 0.09179465472698212, 0.0948091596364975]}, "gradients/conv2.0.weight": {"_type": "histogram", "values": [1.0, 1.0, 1.0, 2.0, 0.0, 0.0, 3.0, 2.0, 1.0, 3.0, 0.0, 7.0, 2.0, 8.0, 9.0, 10.0, 6.0, 18.0, 14.0, 22.0, 27.0, 27.0, 54.0, 79.0, 86.0, 120.0, 157.0, 264.0, 364.0, 549.0, 936.0, 1961.0, 3348.0, 1397.0, 886.0, 608.0, 462.0, 299.0, 254.0, 169.0, 133.0, 93.0, 72.0, 69.0, 58.0, 43.0, 36.0, 23.0, 25.0, 21.0, 10.0, 16.0, 10.0, 9.0, 9.0, 6.0, 0.0, 1.0, 4.0, 0.0, 2.0, 0.0, 2.0, 1.0], "bins": [-0.030965007841587067, -0.03000483103096485, -0.029044656082987785, -0.02808447927236557, -0.027124304324388504, -0.02616412751376629, -0.025203952565789223, -0.024243775755167007, -0.02328360080718994, -0.022323423996567726, -0.02136324904859066, -0.020403072237968445, -0.01944289728999138, -0.018482720479369164, -0.017522545531392097, -0.016562368720769882, -0.015602192841470242, -0.014642016962170601, -0.01368184108287096, -0.01272166520357132, -0.011761489324271679, -0.010801313444972038, -0.009841136634349823, -0.008880961686372757, -0.007920784875750542, -0.006960608996450901, -0.00600043311715126, -0.00504025723785162, -0.004080081358551979, -0.003119905013591051, -0.0021597291342914104, -0.0011995532549917698, -0.00023937784135341644, 0.0007207980961538851, 0.0016809740336611867, 0.002641150029376149, 0.00360132590867579, 0.004561502020806074, 0.005521677900105715, 0.0064818537794053555, 0.007442029193043709, 0.00840220507234335, 0.00936238095164299, 0.01032255683094263, 0.011282732710242271, 0.012242909520864487, 0.013203084468841553, 0.014163261279463768, 0.015123437158763409, 0.01608361303806305, 0.017043789848685265, 0.01800396479666233, 0.018964141607284546, 0.019924316555261612, 0.020884493365883827, 0.021844668313860893, 0.02280484512448311, 0.023765021935105324, 0.02472519688308239, 0.025685373693704605, 0.02664554864168167, 0.027605725452303886, 0.028565900400280952, 0.029526077210903168, 0.030486252158880234]}, "gradients/conv2.0.bias": {"_type": "histogram", "values": [1.0, 0.0, 0.0, 1.0, 0.0, 0.0, 1.0, 0.0, 0.0, 0.0, 0.0, 0.0, 0.0, 0.0, 0.0, 0.0, 0.0, 0.0, 0.0, 0.0, 0.0, 1.0, 0.0, 1.0, 1.0, 2.0, 0.0, 1.0, 0.0, 2.0, 1.0, 2.0, 1.0, 1.0, 0.0, 0.0, 2.0, 1.0, 1.0, 0.0, 0.0, 0.0, 1.0, 1.0, 1.0, 0.0, 1.0, 1.0, 2.0, 1.0, 1.0, 0.0, 0.0, 1.0, 0.0, 0.0, 0.0, 0.0, 0.0, 0.0, 0.0, 0.0, 0.0, 2.0], "bins": [-0.008650368079543114, -0.008429371751844883, -0.008208374492824078, -0.007987378165125847, -0.0077663809061050415, -0.0075453841127455235, -0.007324387319386005, -0.007103390991687775, -0.006882393732666969, -0.006661396939307451, -0.006440400145947933, -0.006219403352588415, -0.005998406559228897, -0.005777409765869379, -0.005556412972509861, -0.00533541664481163, -0.005114419851452112, -0.004893423058092594, -0.004672426264733076, -0.004451429471373558, -0.00423043267801404, -0.004009435884654522, -0.0037884393241256475, -0.0035674425307661295, -0.003346445970237255, -0.003125449176877737, -0.002904452383518219, -0.002683455590158701, -0.002462458796799183, -0.002241462003439665, -0.0020204654429107904, -0.0017994686495512724, -0.001578472089022398, -0.00135747529566288, -0.001136478502303362, -0.0009154818253591657, -0.0006944850319996476, -0.00047348823864012957, -0.00025249156169593334, -3.149476833641529e-05, 0.00018950225785374641, 0.000410499022109434, 0.0006314957863651216, 0.0008524925215169787, 0.0010734893148764968, 0.0012944861082360148, 0.001515482785180211, 0.0017364795785397291, 0.0019574761390686035, 0.0021784729324281216, 0.0023994697257876396, 0.0026204665191471577, 0.0028414633125066757, 0.0030624601058661938, 0.003283456666395068, 0.0035044534597545862, 0.0037254502531141043, 0.003946446813642979, 0.004167443607002497, 0.004388440400362015, 0.004609437193721533, 0.004830433987081051, 0.005051430780440569, 0.005272427573800087, 0.005493424367159605]}, "gradients/conv1.0.weight": {"_type": "histogram", "values": [1.0, 0.0, 1.0, 0.0, 0.0, 0.0, 1.0, 1.0, 1.0, 2.0, 2.0, 2.0, 7.0, 5.0, 5.0, 7.0, 5.0, 9.0, 3.0, 11.0, 15.0, 13.0, 11.0, 17.0, 12.0, 24.0, 19.0, 20.0, 21.0, 28.0, 31.0, 28.0, 25.0, 20.0, 6.0, 5.0, 8.0, 11.0, 4.0, 5.0, 2.0, 1.0, 0.0, 0.0, 1.0, 0.0, 1.0, 1.0, 0.0, 0.0, 0.0, 0.0, 2.0, 1.0, 0.0, 0.0, 0.0, 1.0, 0.0, 1.0, 1.0, 1.0, 0.0, 1.0],