{"gradients/out.bias": {"_type": "histogram", "values": [1.0, 0.0, 0.0, 0.0, 0.0, 0.0, 0.0, 0.0, 0.0, 0.0, 0.0, 0.0, 0.0, 0.0, 0.0, 0.0, 0.0, 0.0, 0.0, 0.0, 0.0, 0.0, 0.0, 0.0, 0.0, 0.0, 0.0, 0.0, 0.0, 0.0, 0.0, 0.0, 0.0, 0.0, 1.0, 0.0, 0.0, 0.0, 5.0, 0.0, 0.0, 0.0, 1.0, 0.0, 0.0, 0.0, 0.0, 0.0, 0.0, 0.0, 0.0, 1.0, 0.0, 0.0, 0.0, 0.0, 0.0, 0.0, 0.0, 0.0, 0.0, 0.0, 0.0, 1.0], "bins": [-0.00013790297089144588, -0.0001343378535239026, -0.00013077273615635931, -0.00012720761878881603, -0.00012364250142127275, -0.00012007738405372947, -0.00011651225941022858, -0.0001129471420426853, -0.00010938202467514202, -0.00010581690730759874, -0.00010225178994005546, -9.868667257251218e-05, -9.512154792901129e-05, -9.1556430561468e-05, -8.799131319392473e-05, -8.442619582638144e-05, -8.086107845883816e-05, -7.729596109129488e-05, -7.37308437237516e-05, -7.016572635620832e-05, -6.660060898866504e-05, -6.303549162112176e-05, -5.947036697762087e-05, -5.590524961007759e-05, -5.234013224253431e-05, -4.877501487499103e-05, -4.520989750744775e-05, -4.164477650192566e-05, -3.807965913438238e-05, -3.45145417668391e-05, -3.0949420761317015e-05, -2.7384303393773735e-05, -2.3819186026230454e-05, -2.0254068658687174e-05, -1.668894947215449e-05, -1.3123831195116509e-05, -9.558712918078527e-06, -5.993595550535247e-06, -2.428476364002563e-06, 1.1366428225301206e-06, 4.701760190073401e-06, 8.266878467111383e-06, 1.1831996744149365e-05, 1.5397115930682048e-05, 1.896223329822533e-05, 2.252735066576861e-05, 2.6092469852301292e-05, 2.9657589038833976e-05, 3.3222706406377256e-05, 3.6787823773920536e-05, 4.0352941141463816e-05, 4.39180621469859e-05, 4.7483179514529184e-05, 5.1048296882072464e-05, 5.461341788759455e-05, 5.817853525513783e-05, 6.174365262268111e-05, 6.530876999022439e-05, 6.887388735776767e-05, 7.243900472531095e-05, 7.600412936881185e-05, 7.956924673635513e-05, 8.31343641038984e-05, 8.669948147144169e-05, 9.026459883898497e-05]}, "gradients/out.weight": {"_type": "histogram", "values": [1.0, 0.0, 0.0, 0.0, 0.0, 0.0, 1.0, 0.0, 0.0, 0.0, 0.0, 0.0, 0.0, 0.0, 5.0, 2.0, 2.0, 3.0, 3.0, 2.0, 3.0, 4.0, 3.0, 3.0, 4.0, 4.0, 7.0, 5.0, 13.0, 15.0, 22.0, 26.0, 19.0, 22.0, 23.0, 46.0, 81.0, 151.0, 694.0, 13987.0, 181.0, 94.0, 55.0, 31.0, 25.0, 24.0, 29.0, 25.0, 9.0, 14.0, 6.0, 5.0, 3.0, 4.0, 3.0, 2.0, 3.0, 1.0, 3.0, 3.0, 1.0, 1.0, 1.0, 6.0], "bins": [-0.0009323660051450133, -0.0009084630873985589, -0.0008845601696521044, -0.000860657193697989, -0.0008367542759515345, -0.00081285135820508, -0.0007889484404586256, -0.0007650455227121711, -0.0007411426049657166, -0.0007172396872192621, -0.0006933367694728076, -0.0006694338517263532, -0.0006455308757722378, -0.0006216279580257833, -0.0005977250402793288, -0.0005738221225328743, -0.0005499192047864199, -0.0005260162870399654, -0.0005021133692935109, -0.000478210422443226, -0.0004543075046967715, -0.00043040455784648657, -0.0004065016401000321, -0.0003825987223535776, -0.0003586957463994622, -0.00033479282865300775, -0.0003108898818027228, -0.00028698696405626833, -0.00026308404630981386, -0.00023918111401144415, -0.00021527818171307445, -0.00019137526396661997, -0.0001674723462201655, -0.00014356941392179579, -0.00011966649617534131, -9.57635638769716e-05, -7.186063885455951e-05, -4.795771383214742e-05, -2.4054781533777714e-05, -1.5186378732323647e-07, 2.375105395913124e-05, 4.765397898154333e-05, 7.155690400395542e-05, 9.545983630232513e-05, 0.00011936276132473722, 0.0001432656863471493, 0.00016716861864551902, 0.0001910715363919735, 0.00021497448324225843, 0.00023887741554062814, 0.00026278034783899784, 0.0002866832655854523, 0.0003105861833319068, 0.00033448910107836127, 0.0003583920479286462, 0.0003822949656751007, 0.0004061979125253856, 0.0004301008302718401, 0.00045400377712212503, 0.0004779066948685795, 0.0005018096417188644, 0.0005257125594653189, 0.0005496154772117734, 0.0005735183949582279, 0.0005974213127046824]}, "gradients/conv2.0.weight": {"_type": "histogram", "values": [1.0, 0.0, 0.0, 0.0, 0.0, 0.0, 0.0, 2.0, 1.0, 1.0, 1.0, 1.0, 6.0, 6.0, 4.0, 5.0, 5.0, 10.0, 7.0, 17.0, 29.0, 25.0, 47.0, 60.0, 69.0, 91.0, 118.0, 167.0, 249.0, 330.0, 397.0, 638.0, 907.0, 1772.0, 4784.0, 1118.0, 637.0, 383.0, 255.0, 169.0, 124.0, 95.0, 63.0, 48.0, 33.0, 35.0, 23.0, 13.0, 11.0, 8.0, 6.0, 5.0, 5.0, 1.0, 1.0, 4.0, 2.0, 2.0, 1.0, 1.0, 2.0, 2.0, 1.0, 2.0], "bins": [-0.00018632152932696044, -0.00018089902005158365, -0.00017547652532812208, -0.00017005401605274528, -0.00016463150677736849, -0.00015920901205390692, -0.00015378650277853012, -0.00014836399350315332, -0.00014294148422777653, -0.00013751897495239973, -0.00013209648022893816, -0.00012667397095356137, -0.00012125146167818457, -0.00011582895967876539, -0.0001104064576793462, -0.00010498394840396941, -9.956145368050784e-05, -9.413895168108866e-05, -8.871644240571186e-05, -8.329394040629268e-05, -7.787143113091588e-05, -7.24489291314967e-05, -6.702642713207752e-05, -6.160391785670072e-05, -5.618142313323915e-05, -5.075891749584116e-05, -4.533641185844317e-05, -3.991390985902399e-05, -3.4491404221626e-05, -2.906889858422801e-05, -2.3646396584808826e-05, -1.8223890947410837e-05, -1.2801378034055233e-05, -7.378873306151945e-06, -1.9563685782486573e-06, 3.466135240159929e-06, 8.888640877557918e-06, 1.4311146514955908e-05, 1.973364851437509e-05, 2.515615415177308e-05, 3.0578667065128684e-05, 3.6001172702526674e-05, 4.142367833992466e-05, 4.6846180339343846e-05, 5.2268685976741835e-05, 5.7691191614139825e-05, 6.311369361355901e-05, 6.85362028889358e-05, 7.395869761239737e-05, 7.938119961181656e-05, 8.480370888719335e-05, 9.022621088661253e-05, 9.564872016198933e-05, 0.00010107122216140851, 0.0001064937241608277, 0.00011191623343620449, 0.00011733873543562368, 0.00012276123743504286, 0.00012818374671041965, 0.00013360625598579645, 0.00013902875070925802, 0.00014445125998463482, 0.00014987375470809639, 0.00015529626398347318, 0.00016071877325884998]}, "gradients/conv2.0.bias": {"_type": "histogram", "values": [1.0, 0.0, 0.0, 0.0, 0.0, 0.0, 0.0, 0.0, 0.0, 0.0, 0.0, 0.0, 0.0, 0.0, 1.0, 0.0, 1.0, 1.0, 0.0, 0.0, 0.0, 0.0, 0.0, 0.0, 1.0, 0.0, 0.0, 1.0, 1.0, 3.0, 1.0, 0.0, 1.0, 0.0, 1.0, 1.0, 0.0, 1.0, 0.0, 0.0, 0.0, 0.0, 1.0, 5.0, 2.0, 0.0, 0.0, 1.0, 1.0, 0.0, 1.0, 0.0, 0.0, 1.0, 0.0, 1.0, 1.0, 0.0, 2.0, 0.0, 0.0, 0.0, 0.0, 1.0], "bins": [-0.00014348406693898141, -0.00014017186185810715, -0.00013685965677723289, -0.0001335474371444434, -0.00013023523206356913, -0.00012692302698269486, -0.0001236108219018206, -0.00012029861682094634, -0.00011698640446411446, -0.00011367419938324019, -0.00011036198702640831, -0.00010704978194553405, -0.00010373757686465979, -0.00010042536450782791, -9.711315942695364e-05, -9.380094707012177e-05, -9.04887419892475e-05, -8.717653690837324e-05, -8.386432455154136e-05, -8.05521194706671e-05, -7.723990711383522e-05, -7.392770203296095e-05, -7.061549695208669e-05, -6.730329187121242e-05, -6.399107951438054e-05, -6.067887079552747e-05, -5.73666620766744e-05, -5.405445699580014e-05, -5.0742248276947066e-05, -4.7430039558093995e-05, -4.411783447721973e-05, -4.080562575836666e-05, -3.7493409763555974e-05, -3.41812010447029e-05, -3.086899232584983e-05, -2.7556787244975567e-05, -2.4244578526122496e-05, -2.0932369807269424e-05, -1.7620162907405756e-05, -1.4307956007542089e-05, -1.0995747288689017e-05, -7.683539479330648e-06, -4.371331669972278e-06, -1.0591238606139086e-06, 2.253083948744461e-06, 5.565292667597532e-06, 8.8774995674612e-06, 1.2189706467324868e-05, 1.550191518617794e-05, 1.881412390503101e-05, 2.2126330804894678e-05, 2.5438537704758346e-05, 2.8750746423611417e-05, 3.206295514246449e-05, 3.537516022333875e-05, 3.8687368942191824e-05, 4.1999577661044896e-05, 4.531178637989797e-05, 4.862399509875104e-05, 5.19362001796253e-05, 5.5248408898478374e-05, 5.8560617617331445e-05, 6.187282269820571e-05, 6.518502777907997e-05, 6.849724013591185e-05]}, "gradients/conv1.0.weight": {"_type": "histogram",