{"gradients/out.bias": {"_type": "histogram", "values": [1.0, 0.0, 0.0, 0.0, 0.0, 0.0, 0.0, 0.0, 0.0, 0.0, 0.0, 0.0, 0.0, 0.0, 0.0, 0.0, 0.0, 0.0, 0.0, 0.0, 0.0, 0.0, 0.0, 0.0, 0.0, 0.0, 0.0, 0.0, 0.0, 0.0, 0.0, 0.0, 0.0, 0.0, 0.0, 0.0, 1.0, 2.0, 2.0, 2.0, 0.0, 0.0, 0.0, 0.0, 0.0, 0.0, 0.0, 1.0, 0.0, 0.0, 0.0, 0.0, 0.0, 0.0, 0.0, 0.0, 0.0, 0.0, 0.0, 0.0, 0.0, 0.0, 0.0, 1.0], "bins": [-0.008157534524798393, -0.007942400872707367, -0.007727266754955053, -0.00751213263720274, -0.007296998985111713, -0.007081865333020687, -0.0068667312152683735, -0.00665159709751606, -0.006436463445425034, -0.006221329793334007, -0.006006195675581694, -0.00579106155782938, -0.005575927905738354, -0.005360794253647327, -0.005145660135895014, -0.0049305260181427, -0.004715392366051674, -0.004500258713960648, -0.004285124596208334, -0.00406999047845602, -0.003854856826364994, -0.003639722941443324, -0.003424589056521654, -0.003209455171599984, -0.002994321286678314, -0.0027791874017566442, -0.0025640535168349743, -0.0023489196319133043, -0.0021337857469916344, -0.0019186518620699644, -0.0017035179771482944, -0.0014883840922266245, -0.0012732497416436672, -0.0010581158567219973, -0.0008429819718003273, -0.0006278480868786573, -0.0004127142019569874, -0.00019758031703531742, 1.755356788635254e-05, 0.0002326874528080225, 0.00044782133772969246, 0.0006629552226513624, 0.0008780891075730324, 0.0010932229924947023, 0.0013083568774163723, 0.0015234907623380423, 0.0017386246472597122, 0.001953758532181382, 0.002168892417103052, 0.002384026302024722, 0.002599160186946392, 0.002814294071868062, 0.003029427956789732, 0.003244561841711402, 0.003459695726633072, 0.003674829611554742, 0.003889963496476412, 0.004105097614228725, 0.004320231266319752, 0.004535364918410778, 0.004750499036163092, 0.004965633153915405, 0.005180766806006432, 0.005395900458097458, 0.0056110345758497715]}, "gradients/out.weight": {"_type": "histogram", "values": [1.0, 0.0, 2.0, 1.0, 0.0, 0.0, 1.0, 4.0, 1.0, 0.0, 3.0, 1.0, 3.0, 3.0, 3.0, 5.0, 4.0, 6.0, 7.0, 8.0, 9.0, 13.0, 22.0, 23.0, 24.0, 27.0, 31.0, 38.0, 45.0, 65.0, 65.0, 82.0, 89.0, 124.0, 219.0, 607.0, 11180.0, 1638.0, 412.0, 241.0, 174.0, 130.0, 91.0, 76.0, 61.0, 23.0, 28.0, 19.0, 16.0, 13.0, 8.0, 6.0, 3.0, 7.0, 3.0, 5.0, 3.0, 2.0, 1.0, 1.0, 1.0, 1.0, 0.0, 1.0], "bins": [-0.05365137755870819, -0.052188415080308914, -0.05072544887661934, -0.04926248639822006, -0.04779952019453049, -0.04633655771613121, -0.044873595237731934, -0.04341062903404236, -0.04194766655564308, -0.040484704077243805, -0.03902173787355423, -0.03755877539515495, -0.03609580919146538, -0.0346328467130661, -0.033169880509376526, -0.03170691803097725, -0.030243953689932823, -0.028780989348888397, -0.02731802500784397, -0.025855060666799545, -0.02439209818840027, -0.022929133847355843, -0.021466169506311417, -0.02000320702791214, -0.018540240824222565, -0.01707727648317814, -0.015614313073456287, -0.014151348732411861, -0.01268838532269001, -0.011225420981645584, -0.009762456640601158, -0.008299493230879307, -0.0068365298211574554, -0.005373565945774317, -0.003910602070391178, -0.002447637729346752, -0.0009846738539636135, 0.00047829002141952515, 0.0019412543624639511, 0.0034042177721858025, 0.004867181181907654, 0.0063301450572907925, 0.007793108932673931, 0.009256073273718357, 0.010719036683440208, 0.012182001024484634, 0.01364496536552906, 0.015107928775250912, 0.016570894047617912, 0.018033858388662338, 0.019496822729706764, 0.02095978707075119, 0.022422749549150467, 0.023885713890194893, 0.02534867823123932, 0.026811640709638596, 0.02827460691332817, 0.029737571254372597, 0.031200535595417023, 0.0326634980738163, 0.034126464277505875, 0.03558942675590515, 0.03705239295959473, 0.038515355437994, 0.03997831791639328]}, "gradients/conv2.0.weight": {"_type": "histogram", "values": [1.0, 0.0, 0.0, 1.0, 1.0, 2.0, 5.0, 2.0, 2.0, 8.0, 0.0, 6.0, 5.0, 6.0, 14.0, 10.0, 14.0, 14.0, 23.0, 34.0, 41.0, 46.0, 55.0, 72.0, 89.0, 128.0, 174.0, 196.0, 295.0, 470.0, 671.0, 1176.0, 3121.0, 2209.0, 1365.0, 832.0, 502.0, 339.0, 208.0, 179.0, 129.0, 97.0, 49.0, 44.0, 41.0, 24.0, 20.0, 13.0, 16.0, 14.0, 5.0, 10.0, 4.0, 5.0, 3.0, 0.0, 1.0, 2.0, 0.0, 1.0, 2.0, 1.0, 1.0, 2.0], "bins": [-0.02384582906961441, -0.02311740256845951, -0.02238897606730461, -0.02166054956614971, -0.020932123064994812, -0.020203696563839912, -0.019475270062685013, -0.018746841698884964, -0.018018417060375214, -0.017289990559220314, -0.016561564058065414, -0.015833137556910515, -0.015104711055755615, -0.014376284554600716, -0.013647857122123241, -0.012919430620968342, -0.012191003188490868, -0.011462576687335968, -0.010734150186181068, -0.010005723685026169, -0.00927729718387127, -0.00854887068271637, -0.007820443250238895, -0.007092016749083996, -0.006363589316606522, -0.005635162815451622, -0.004906736314296722, -0.0041783093474805355, -0.003449882846325636, -0.0027214563451707363, -0.0019930293783545494, -0.0012646028771996498, -0.0005361754447221756, 0.00019225117284804583, 0.0009206777904182673, 0.0016491045244038105, 0.00237753102555871, 0.0031059575267136097, 0.0038343844935297966, 0.004562810994684696, 0.005291236564517021, 0.006019663065671921, 0.00674808956682682, 0.007476516533643007, 0.00820494256913662, 0.00893336907029152, 0.009661796502768993, 0.010390223003923893, 0.011118650436401367, 0.011847076937556267, 0.012575503438711166, 0.013303929939866066, 0.014032356441020966, 0.014760782942175865, 0.01548921037465334, 0.016217637807130814, 0.016946062445640564, 0.017674488946795464, 0.018402915447950363, 0.019131341949105263, 0.019859768450260162, 0.020588194951415062, 0.02131662145256996, 0.02204504981637001, 0.02277347631752491]}, "gradients/conv2.0.bias": {"_type": "histogram", "values": [1.0, 0.0, 0.0, 0.0, 0.0, 0.0, 1.0, 0.0, 0.0, 0.0, 0.0, 0.0, 0.0, 1.0, 0.0, 1.0, 0.0, 1.0, 0.0, 1.0, 1.0, 1.0, 0.0, 1.0, 0.0, 1.0, 1.0, 2.0, 1.0, 0.0, 0.0, 2.0, 2.0, 0.0, 1.0, 0.0, 0.0, 1.0, 0.0, 4.0, 1.0, 1.0, 1.0, 0.0, 0.0, 2.0, 0.0, 0.0, 1.0, 0.0, 1.0, 0.0, 0.0, 0.0, 0.0, 0.0, 0.0, 0.0, 0.0, 0.0, 0.0, 0.0, 0.0, 1.0], "bins": [-0.006105052772909403, -0.00590166449546814, -0.005698275752365589, -0.005494887474924326, -0.005291499197483063, -0.005088110454380512, -0.004884722176939249, -0.004681333899497986, -0.004477945156395435, -0.004274556878954172, -0.004071168135851622, -0.0038677798584103584, -0.0036643913481384516, -0.0034610028378665447, -0.0032576145604252815, -0.0030542260501533747, -0.0028508377727121115, -0.0026474492624402046, -0.0024440609849989414, -0.0022406724747270346, -0.0020372839644551277, -0.0018338955705985427, -0.0016305071767419577, -0.0014271186664700508, -0.0012237303890287876, -0.0010203419951722026, -0.0008169534849002957, -0.0006135650910437107, -0.00041017663897946477, -0.00020678818691521883, -3.3997930586338043e-06, 0.00019998871721327305, 0.0004033772274851799, 0.0006067656795494258, 0.0008101541316136718, 0.0010135425254702568, 0.0012169310357421637, 0.0014203194295987487, 0.0016237078234553337, 0.0018270963337272406, 0.0020304848439991474, 0.0022338733542710543, 0.0024372616317123175, 0.0026406501419842243, 0.002844038652256131, 0.003047427162528038, 0.0032508154399693012, 0.003454203950241208, 0.0036575922276824713, 0.003860980737954378, 0.004064369015395641, 0.004267757758498192, 0.004471146035939455, 0.004674534313380718, 0.004877923056483269, 0.005081311333924532, 0.005284699611365795, 0.005488087888807058, 0.005691476631909609, 0.005894864909350872, 0.006098253186792135, 0.006301641929894686, 0.006505030207335949, 0.0067084189504384995, 0.006911807227879763]}, "gradients/conv1.0.weight": {"_type": "histogram", "values": [1.0, 0.0, 0.0, 0.0, 0.0, 2.0, 4.0, 3.0, 1.0, 5.0, 3.0, 2.0, 5.0, 3.0, 7.0, 11.0, 11.0, 5.0, 13.0, 15.0, 13.0, 12.0, 14.0, 4.0, 15.0, 8.0, 21.0, 23.0, 45.0, 28.0, 22.0, 15.0, 11.0, 8.0, 6.0, 5.0, 6.0, 2.0, 9.0, 6.0, 5.0, 5.0, 3.0, 4.0, 2.0, 1.0, 4.0, 2.0, 1.0, 0.0, 0.0, 1.0, 3.0, 0.0, 1.0, 1.0, 0.0, 0.0, 0.0, 0.0, 0.0, 1.0, 1.0, 1.0],