{"gradients/out.bias": {"_type": "histogram", "values": [1.0, 0.0, 0.0, 0.0, 0.0, 0.0, 0.0, 0.0, 0.0, 0.0, 0.0, 0.0, 0.0, 0.0, 0.0, 0.0, 0.0, 0.0, 0.0, 0.0, 0.0, 0.0, 0.0, 0.0, 0.0, 0.0, 0.0, 0.0, 0.0, 1.0, 0.0, 0.0, 1.0, 0.0, 3.0, 0.0, 1.0, 1.0, 1.0, 0.0, 0.0, 0.0, 0.0, 0.0, 0.0, 0.0, 0.0, 0.0, 0.0, 0.0, 0.0, 0.0, 0.0, 0.0, 0.0, 0.0, 0.0, 0.0, 0.0, 0.0, 0.0, 0.0, 0.0, 1.0], "bins": [-0.013517236337065697, -0.013121935538947582, -0.012726634740829468, -0.012331334874033928, -0.011936034075915813, -0.011540733277797699, -0.011145432479679585, -0.01075013168156147, -0.010354830883443356, -0.009959530085325241, -0.009564229287207127, -0.009168928489089012, -0.008773628622293472, -0.008378327824175358, -0.007983027026057243, -0.007587726227939129, -0.007192425895482302, -0.006797125097364187, -0.00640182476490736, -0.006006523966789246, -0.005611223168671131, -0.005215922370553017, -0.0048206220380961895, -0.004425321239978075, -0.004030020907521248, -0.003634720342233777, -0.0032394195441156626, -0.0028441189788281918, -0.0024488181807100773, -0.0020535176154226065, -0.0016582170501351357, -0.0012629162520170212, -0.0008676154538989067, -0.0004723148012999445, -7.701414870098233e-05, 0.0003182864747941494, 0.000713587156496942, 0.0011088878381997347, 0.0015041884034872055, 0.00189948920160532, 0.0022947899997234344, 0.0026900905650109053, 0.0030853913631290197, 0.0034806919284164906, 0.003875992726534605, 0.004271293058991432, 0.004666593857109547, 0.005061894655227661, 0.005457194987684488, 0.005852495785802603, 0.00624779611825943, 0.006643096916377544, 0.007038397714495659, 0.007433698512613773, 0.007828999310731888, 0.008224299177527428, 0.008619599975645542, 0.009014900773763657, 0.009410201571881771, 0.009805502369999886, 0.010200802236795425, 0.01059610303491354, 0.010991403833031654, 0.011386704631149769, 0.011782005429267883]}, "gradients/out.weight": {"_type": "histogram", "values": [2.0, 0.0, 0.0, 0.0, 0.0, 0.0, 1.0, 0.0, 2.0, 2.0, 1.0, 0.0, 5.0, 4.0, 7.0, 5.0, 9.0, 7.0, 4.0, 12.0, 12.0, 8.0, 17.0, 19.0, 22.0, 42.0, 42.0, 64.0, 80.0, 146.0, 243.0, 809.0, 12840.0, 634.0, 231.0, 127.0, 54.0, 44.0, 39.0, 36.0, 17.0, 11.0, 12.0, 8.0, 15.0, 9.0, 6.0, 7.0, 1.0, 7.0, 4.0, 5.0, 2.0, 0.0, 1.0, 2.0, 0.0, 0.0, 1.0, 0.0, 0.0, 1.0, 0.0, 1.0], "bins": [-0.09732730686664581, -0.09431619942188263, -0.09130508452653885, -0.08829397708177567, -0.08528286963701248, -0.0822717547416687, -0.07926064729690552, -0.07624953985214233, -0.07323843240737915, -0.07022732496261597, -0.06721621006727219, -0.064205102622509, -0.06119399517774582, -0.05818288400769234, -0.055171772837638855, -0.05216066539287567, -0.04914955049753189, -0.04613843932747841, -0.043127331882715225, -0.04011622071266174, -0.03710511326789856, -0.03409400209784508, -0.031082890927791595, -0.028071781620383263, -0.02506066858768463, -0.0220495592802763, -0.019038449972867966, -0.016027338802814484, -0.01301622949540615, -0.010005120187997818, -0.006994009017944336, -0.003982899710536003, -0.0009718015789985657, 0.0020393081940710545, 0.005050417967140675, 0.008061528205871582, 0.011072637513279915, 0.014083746820688248, 0.01709485799074173, 0.020105967298150063, 0.023117072880268097, 0.02612818218767643, 0.029139291495084763, 0.032150402665138245, 0.03516151010990143, 0.03817262127995491, 0.04118373245000839, 0.044194839894771576, 0.047205954790115356, 0.05021706596016884, 0.05322817340493202, 0.056239284574985504, 0.05925039201974869, 0.06226150318980217, 0.06527261435985565, 0.06828372180461884, 0.07129482924938202, 0.0743059366941452, 0.07731705158948898, 0.08032815903425217, 0.08333926647901535, 0.08635038137435913, 0.08936148881912231, 0.0923725962638855, 0.09538371115922928]}, "gradients/conv2.0.weight": {"_type": "histogram", "values": [1.0, 1.0, 1.0, 1.0, 0.0, 7.0, 5.0, 2.0, 10.0, 5.0, 2.0, 9.0, 10.0, 22.0, 22.0, 27.0, 31.0, 40.0, 74.0, 91.0, 112.0, 124.0, 207.0, 243.0, 343.0, 443.0, 629.0, 788.0, 1094.0, 1667.0, 2352.0, 1511.0, 887.0, 566.0, 372.0, 278.0, 188.0, 181.0, 95.0, 83.0, 75.0, 42.0, 29.0, 21.0, 29.0, 16.0, 13.0, 8.0, 7.0, 8.0, 5.0, 6.0, 2.0, 3.0, 0.0, 0.0, 1.0, 2.0, 3.0, 3.0, 0.0, 0.0, 2.0, 1.0], "bins": [-0.027528945356607437, -0.026628391817212105, -0.025727838277816772, -0.02482728473842144, -0.023926731199026108, -0.023026177659630775, -0.022125624120235443, -0.02122507058084011, -0.02032451704144478, -0.019423963502049446, -0.018523409962654114, -0.01762285642325878, -0.01672230288386345, -0.015821749344468117, -0.014921195805072784, -0.014020642265677452, -0.013120087794959545, -0.012219534255564213, -0.01131898071616888, -0.010418427176773548, -0.009517873637378216, -0.008617319166660309, -0.007716766092926264, -0.0068162125535309315, -0.005915658548474312, -0.0050151050090789795, -0.004114551469683647, -0.003213997697457671, -0.002313444158062339, -0.0014128903858363628, -0.0005123368464410305, 0.00038821669295430183, 0.0012887697666883469, 0.002189323306083679, 0.0030898768454790115, 0.003990430384874344, 0.004890983924269676, 0.005791537929326296, 0.006692091468721628, 0.0075926450081169605, 0.008493198081851006, 0.009393751621246338, 0.01029430516064167, 0.011194858700037003, 0.012095412239432335, 0.012995965778827667, 0.013896519318223, 0.014797072857618332, 0.015697628259658813, 0.016598181799054146, 0.017498735338449478, 0.01839928887784481, 0.019299842417240143, 0.020200395956635475, 0.021100949496030807, 0.02200150303542614, 0.022902056574821472, 0.023802610114216805, 0.024703163653612137, 0.02560371719300747, 0.0265042707324028, 0.027404824271798134, 0.028305377811193466, 0.0292059313505888, 0.03010648488998413]}, "gradients/conv2.0.bias": {"_type": "histogram", "values": [3.0, 0.0, 0.0, 0.0, 0.0, 0.0, 0.0, 0.0, 0.0, 1.0, 0.0, 3.0, 0.0, 1.0, 0.0, 0.0, 1.0, 1.0, 2.0, 0.0, 1.0, 0.0, 0.0, 4.0, 2.0, 0.0, 1.0, 1.0, 0.0, 2.0, 1.0, 1.0, 0.0, 1.0, 0.0, 0.0, 1.0, 0.0, 0.0, 0.0, 1.0, 0.0, 0.0, 1.0, 0.0, 0.0, 0.0, 0.0, 0.0, 0.0, 0.0, 0.0, 0.0, 0.0, 0.0, 1.0, 0.0, 0.0, 1.0, 0.0, 0.0, 0.0, 0.0, 1.0], "bins": [-0.007102565374225378, -0.006845119409263134, -0.00658767344430089, -0.006330227479338646, -0.006072781514376402, -0.005815335549414158, -0.005557889584451914, -0.00530044361948967, -0.005042997654527426, -0.004785551689565182, -0.004528105724602938, -0.004270659759640694, -0.00401321379467845, -0.0037557678297162056, -0.0034983218647539616, -0.0032408758997917175, -0.0029834299348294735, -0.0027259839698672295, -0.0024685380049049854, -0.0022110920399427414, -0.0019536460749804974, -0.0016962001100182533, -0.0014387541450560093, -0.0011813081800937653, -0.0009238622151315212, -0.0006664162501692772, -0.00040897028520703316, -0.00015152432024478912, 0.00010592164471745491, 0.00036336760967969894, 0.000620813574641943, 0.000878259539604187, 0.0011357059702277184, 0.0013931519351899624, 0.0016505979001522064, 0.0019080438651144505, 0.0021654898300766945, 0.0024229357950389385, 0.0026803817600011826, 0.0029378277249634266, 0.0031952736899256706, 0.0034527196548879147, 0.0037101656198501587, 0.003967611584812403, 0.004225057549774647, 0.004482503514736891, 0.004739949479699135, 0.004997395444661379, 0.005254841409623623, 0.005512287374585867, 0.005769733339548111, 0.006027179304510355, 0.006284625269472599, 0.006542071234434843, 0.006799517199397087, 0.007056963164359331, 0.007314409129321575, 0.007571855094283819, 0.007829301059246063, 0.00808674655854702, 0.008344192989170551, 0.008601639419794083, 0.00885908491909504, 0.009116530418395996, 0.009373976849019527]}, "gradients/conv1.0.weight": {"_type": "histogram", "values": [1.0, 0.0, 0.0, 1.0, 2.0, 3.0, 2.0, 0.0, 0.0, 0.0, 1.0, 4.0, 3.0, 2.0, 1.0, 3.0, 6.0, 4.0, 5.0, 1.0, 9.0, 4.0, 11.0, 5.0, 12.0, 10.0, 10.0, 10.0, 17.0, 14.0, 19.0, 13.0, 26.0, 25.0, 22.0, 21.0, 19.0, 16.0, 15.0, 18.0, 11.0, 8.0, 7.0, 7.0, 2.0, 6.0, 4.0, 2.0, 1.0, 2.0, 1.0, 2.0, 3.0, 1.0, 1.0, 2.0, 1.0, 1.0, 0.0, 1.0, 0.0, 0.0, 0.0, 2.0],