{"gradients/out.bias": {"_type": "histogram", "values": [1.0, 0.0, 0.0, 0.0, 0.0, 0.0, 0.0, 0.0, 0.0, 0.0, 0.0, 0.0, 0.0, 0.0, 0.0, 0.0, 0.0, 0.0, 0.0, 0.0, 0.0, 0.0, 0.0, 0.0, 0.0, 0.0, 0.0, 0.0, 0.0, 0.0, 1.0, 4.0, 2.0, 1.0, 0.0, 0.0, 0.0, 0.0, 0.0, 0.0, 0.0, 0.0, 0.0, 0.0, 0.0, 0.0, 0.0, 0.0, 0.0, 0.0, 0.0, 0.0, 0.0, 0.0, 0.0, 0.0, 0.0, 0.0, 0.0, 0.0, 0.0, 0.0, 0.0, 1.0], "bins": [-5.702021735487506e-05, -5.5233322200365365e-05, -5.344642704585567e-05, -5.165953189134598e-05, -4.9872636736836284e-05, -4.808574158232659e-05, -4.62988464278169e-05, -4.4511951273307204e-05, -4.272505611879751e-05, -4.093816096428782e-05, -3.9151265809778124e-05, -3.736437065526843e-05, -3.557747550075874e-05, -3.3790580346249044e-05, -3.200368519173935e-05, -3.0216788218240254e-05, -2.8429891244741157e-05, -2.6642996090231463e-05, -2.485610093572177e-05, -2.3069205781212077e-05, -2.1282310626702383e-05, -1.949541547219269e-05, -1.7708518498693593e-05, -1.59216233441839e-05, -1.4134726370684803e-05, -1.2347831216175109e-05, -1.0560936061665416e-05, -8.77403999766102e-06, -6.987144843151327e-06, -5.200249688641634e-06, -3.4133536246372387e-06, -1.6264584701275453e-06, 1.6043122741393745e-07, 1.9473266092973063e-06, 3.734221991180675e-06, 5.521117600437719e-06, 7.308012754947413e-06, 9.094907909457106e-06, 1.0881803973461501e-05, 1.2668699127971195e-05, 1.4455592463491485e-05, 1.6242487618001178e-05, 1.802938277251087e-05, 1.9816277927020565e-05, 2.1603173081530258e-05, 2.339006823603995e-05, 2.517696520953905e-05, 2.6963860364048742e-05, 2.875075733754784e-05, 3.053765249205753e-05, 3.2324547646567225e-05, 3.411144280107692e-05, 3.589833795558661e-05, 3.7685233110096306e-05, 3.9472128264606e-05, 4.125902341911569e-05, 4.3045918573625386e-05, 4.483281372813508e-05, 4.661970888264477e-05, 4.8406604037154466e-05, 5.019349919166416e-05, 5.198039434617385e-05, 5.3767289500683546e-05, 5.555418465519324e-05, 5.734108344768174e-05]}, "gradients/out.weight": {"_type": "histogram", "values": [1.0, 0.0, 0.0, 0.0, 1.0, 0.0, 0.0, 1.0, 0.0, 2.0, 0.0, 1.0, 3.0, 4.0, 3.0, 3.0, 1.0, 6.0, 0.0, 8.0, 4.0, 7.0, 11.0, 8.0, 10.0, 10.0, 18.0, 15.0, 16.0, 31.0, 27.0, 14022.0, 1276.0, 27.0, 31.0, 16.0, 15.0, 18.0, 10.0, 10.0, 8.0, 11.0, 7.0, 4.0, 8.0, 0.0, 6.0, 1.0, 3.0, 3.0, 4.0, 3.0, 1.0, 0.0, 1.0, 1.0, 1.0, 0.0, 0.0, 1.0, 0.0, 0.0, 0.0, 1.0], "bins": [-0.0005053594941273332, -0.000489566067699343, -0.0004737726703751832, -0.0004579792730510235, -0.00044218587572686374, -0.000426392478402704, -0.0004105990519747138, -0.00039480565465055406, -0.0003790122573263943, -0.0003632188600022346, -0.0003474254335742444, -0.00033163203625008464, -0.0003158386389259249, -0.00030004524160176516, -0.00028425181517377496, -0.0002684584178496152, -0.000252664991421625, -0.00023687157954555005, -0.0002210781822213903, -0.00020528477034531534, -0.0001894913730211556, -0.00017369796114508063, -0.00015790454926900566, -0.00014211115194484591, -0.00012631772551685572, -0.00011052432091673836, -9.4730916316621e-05, -7.893750444054604e-05, -6.314409984042868e-05, -4.7350695240311325e-05, -3.1557283364236355e-05, -1.5763878764119e-05, 2.9511284083127975e-08, 1.5822917703189887e-05, 3.1616324122296646e-05, 4.740973236039281e-05, 6.320313696051016e-05, 7.899654156062752e-05, 9.478995343670249e-05, 0.00011058335803681985, 0.00012637674808502197, 0.00014217015996109694, 0.00015796355728525668, 0.00017375696916133165, 0.0001895503664854914, 0.00020534377836156636, 0.00022113719023764133, 0.00023693058756180108, 0.0002527240139897913, 0.000268517411313951, 0.0002843108377419412, 0.00030010423506610096, 0.0003158976323902607, 0.0003316910588182509, 0.00034748445614241064, 0.0003632778534665704, 0.0003790712798945606, 0.0003948646772187203, 0.0004106581036467105, 0.00042645150097087026, 0.00044224489829503, 0.00045803829561918974, 0.00047383172204717994, 0.0004896251484751701, 0.0005054185166954994]}, "gradients/conv2.0.weight": {"_type": "histogram", "values": [1.0, 0.0, 1.0, 1.0, 0.0, 0.0, 3.0, 2.0, 2.0, 3.0, 6.0, 8.0, 8.0, 5.0, 4.0, 10.0, 11.0, 14.0, 10.0, 29.0, 25.0, 30.0, 43.0, 50.0, 67.0, 79.0, 79.0, 150.0, 206.0, 298.0, 442.0, 809.0, 7244.0, 1336.0, 637.0, 363.0, 258.0, 175.0, 110.0, 77.0, 37.0, 53.0, 32.0, 17.0, 17.0, 14.0, 4.0, 7.0, 5.0, 4.0, 3.0, 1.0, 6.0, 1.0, 1.0, 0.0, 0.0, 1.0, 0.0, 0.0, 0.0, 0.0, 0.0, 1.0], "bins": [-0.00018154447025153786, -0.00017599690181668848, -0.00017044931882992387, -0.0001649017503950745, -0.00015935416740830988, -0.0001538065989734605, -0.00014825901598669589, -0.0001427114475518465, -0.0001371638645650819, -0.0001316162961302325, -0.0001260687131434679, -0.00012052113743266091, -0.00011497356172185391, -0.00010942598601104692, -0.00010387841030023992, -9.833084186539054e-05, -9.278326615458354e-05, -8.723569044377655e-05, -8.168811473296955e-05, -7.614053902216256e-05, -7.059296331135556e-05, -6.504538760054857e-05, -5.949781552772038e-05, -5.395023981691338e-05, -4.840266774408519e-05, -4.28550920332782e-05, -3.73075163224712e-05, -3.1759940611664206e-05, -2.6212366719846614e-05, -2.0664791009039618e-05, -1.5117217117222026e-05, -9.56964140641503e-06, -4.022062057629228e-06, 1.525513198430417e-06, 7.073088454490062e-06, 1.2620663255802356e-05, 1.816823896660935e-05, 2.3715814677416347e-05, 2.926338856923394e-05, 3.4810964280040935e-05, 4.035854362882674e-05, 4.590611933963373e-05, 5.145369505044073e-05, 5.7001270761247724e-05, 6.254884647205472e-05, 6.809642218286172e-05, 7.364399789366871e-05, 7.919156632851809e-05, 8.473914203932509e-05, 9.028671775013208e-05, 9.583429346093908e-05, 0.00010138186917174608, 0.00010692944488255307, 0.00011247702059336007, 0.00011802458902820945, 0.00012357217201497406, 0.00012911974044982344, 0.00013466730888467282, 0.00014021489187143743, 0.0001457624603062868, 0.00015131004329305142, 0.0001568576117279008, 0.0001624051947146654, 0.0001679527631495148, 0.0001735003461362794]}, "gradients/conv2.0.bias": {"_type": "histogram", "values": [1.0, 0.0, 0.0, 0.0, 0.0, 0.0, 1.0, 0.0, 0.0, 0.0, 0.0, 0.0, 0.0, 1.0, 0.0, 0.0, 0.0, 0.0, 0.0, 3.0, 0.0, 0.0, 0.0, 0.0, 0.0, 1.0, 0.0, 1.0, 0.0, 2.0, 1.0, 0.0, 1.0, 0.0, 0.0, 0.0, 0.0, 1.0, 0.0, 4.0, 0.0, 0.0, 0.0, 1.0, 1.0, 0.0, 2.0, 0.0, 0.0, 1.0, 0.0, 1.0, 0.0, 0.0, 1.0, 3.0, 0.0, 0.0, 1.0, 1.0, 1.0, 1.0, 0.0, 1.0], "bins": [-0.00010862240014830604, -0.00010589067096589133, -0.00010315894178347662, -0.00010042721260106191, -9.76954834186472e-05, -9.496375423623249e-05, -9.223202505381778e-05, -8.950029587140307e-05, -8.676856668898836e-05, -8.403683750657365e-05, -8.130510832415894e-05, -7.857337914174423e-05, -7.584164995932952e-05, -7.31099207769148e-05, -7.03781915945001e-05, -6.764646241208538e-05, -6.491473322967067e-05, -6.218300404725596e-05, -5.945127486484125e-05, -5.671954568242654e-05, -5.398781650001183e-05, -5.125608731759712e-05, -4.852435813518241e-05, -4.57926289527677e-05, -4.306089977035299e-05, -4.032917058793828e-05, -3.759744140552357e-05, -3.486571222310886e-05, -3.213398304069415e-05, -2.9402253858279437e-05, -2.6670524675864726e-05, -2.3938795493450016e-05, -2.120707358699292e-05, -1.847534440457821e-05, -1.57436152221635e-05, -1.3011886039748788e-05, -1.0280156857334077e-05, -7.548427674919367e-06, -4.816698492504656e-06, -2.084969310089946e-06, 6.467598723247647e-07, 3.3784890547394753e-06, 6.110218237154186e-06, 8.841947419568896e-06, 1.1573676601983607e-05, 1.4305405784398317e-05, 1.7037134966813028e-05, 1.976886414922774e-05, 2.250059333164245e-05, 2.523232251405716e-05, 2.796405169647187e-05, 3.069578087888658e-05, 3.342751006130129e-05, 3.6159239243716e-05, 3.889096842613071e-05, 4.162269760854542e-05, 4.435442679096013e-05, 4.7086155973374844e-05, 4.9817885155789554e-05, 5.2549614338204265e-05, 5.5281343520618975e-05, 5.8013072703033686e-05, 6.0744801885448396e-05, 6.34765310678631e-05, 6.620826025027782e-05]}, "gradients/conv1.0.weight": {"_type": "histogram",