{"gradients/out.bias": {"_type": "histogram", "values": [1.0, 0.0, 0.0, 0.0, 1.0, 0.0, 0.0, 1.0, 0.0, 0.0, 0.0, 0.0, 0.0, 0.0, 0.0, 1.0, 0.0, 0.0, 0.0, 0.0, 0.0, 0.0, 0.0, 0.0, 2.0, 0.0, 0.0, 0.0, 0.0, 0.0, 0.0, 0.0, 1.0, 0.0, 1.0, 0.0, 0.0, 0.0, 1.0, 0.0, 0.0, 0.0, 0.0, 0.0, 0.0, 0.0, 0.0, 0.0, 0.0, 0.0, 0.0, 0.0, 0.0, 0.0, 0.0, 0.0, 0.0, 0.0, 0.0, 0.0, 0.0, 0.0, 0.0, 1.0], "bins": [-0.009137718938291073, -0.00876524019986391, -0.008392761461436749, -0.008020282723009586, -0.007647803984582424, -0.007275325246155262, -0.0069028460420668125, -0.00653036730363965, -0.006157888565212488, -0.005785409826785326, -0.005412931088358164, -0.005040451884269714, -0.004667973145842552, -0.00429549440741539, -0.003923015668988228, -0.0035505369305610657, -0.0031780581921339035, -0.0028055794537067413, -0.002433100715279579, -0.0020606217440217733, -0.0016881430055946112, -0.001315664267167449, -0.0009431852959096432, -0.000570706557482481, -0.00019822735339403152, 0.00017425144324079156, 0.0005467302398756146, 0.0009192090947180986, 0.0012916878331452608, 0.001664166571572423, 0.002036645542830229, 0.002409124281257391, 0.0027816034853458405, 0.0031540822237730026, 0.003526560962200165, 0.0038990399334579706, 0.004271518439054489, 0.004643997177481651, 0.005016476381570101, 0.005388955119997263, 0.005761433392763138, 0.0061339121311903, 0.006506390869617462, 0.006878869608044624, 0.0072513483464717865, 0.007623827084898949, 0.00799630582332611, 0.008368784561753273, 0.00874126423150301, 0.009113742969930172, 0.009486221708357334, 0.009858700446784496, 0.010231179185211658, 0.01060365792363882, 0.010976137593388557, 0.01134861633181572, 0.011721095070242882, 0.012093573808670044, 0.012466052547097206, 0.012838531285524368, 0.01321101002395153, 0.013583488762378693, 0.013955967500805855, 0.014328446239233017, 0.01470092497766018]}, "gradients/out.weight": {"_type": "histogram", "values": [1.0, 0.0, 0.0, 0.0, 0.0, 0.0, 0.0, 2.0, 0.0, 0.0, 1.0, 1.0, 1.0, 1.0, 3.0, 2.0, 0.0, 5.0, 3.0, 5.0, 2.0, 3.0, 9.0, 6.0, 5.0, 6.0, 12.0, 15.0, 17.0, 26.0, 30.0, 114.0, 15253.0, 41.0, 19.0, 21.0, 10.0, 10.0, 9.0, 6.0, 6.0, 3.0, 5.0, 1.0, 5.0, 4.0, 3.0, 0.0, 3.0, 2.0, 2.0, 1.0, 1.0, 1.0, 1.0, 0.0, 1.0, 0.0, 1.0, 0.0, 0.0, 0.0, 0.0, 1.0], "bins": [-0.03264453262090683, -0.031624868512153625, -0.03060520626604557, -0.029585544019937515, -0.02856587991118431, -0.027546217665076256, -0.0265265554189682, -0.025506891310214996, -0.02448722906410694, -0.023467566817998886, -0.022447902709245682, -0.021428240463137627, -0.02040857821702957, -0.019388914108276367, -0.018369251862168312, -0.017349589616060257, -0.016329925507307053, -0.015310262329876423, -0.014290599152445793, -0.013270936906337738, -0.012251273728907108, -0.011231610551476479, -0.010211948305368423, -0.009192285127937794, -0.008172621950507164, -0.007152958773076534, -0.006133296061307192, -0.005113633349537849, -0.00409397017210722, -0.00307430699467659, -0.0020546442829072475, -0.0010349815711379051, -1.5322118997573853e-05, 0.0010043408256024122, 0.0020240037702023983, 0.0030436667148023844, 0.0040633296594023705, 0.005082992836833, 0.006102655548602343, 0.007122318260371685, 0.008141981437802315, 0.009161644615232944, 0.010181307792663574, 0.01120097003877163, 0.012220633216202259, 0.013240296393632889, 0.014259958639740944, 0.015279621817171574, 0.016299284994602203, 0.01731894724071026, 0.018338611349463463, 0.019358273595571518, 0.020377937704324722, 0.021397599950432777, 0.022417262196540833, 0.023436926305294037, 0.024456588551402092, 0.025476250797510147, 0.02649591490626335, 0.027515577152371407, 0.02853523939847946, 0.029554903507232666, 0.03057456575334072, 0.031594227999448776, 0.03261389210820198]}, "gradients/conv2.0.weight": {"_type": "histogram", "values": [1.0, 0.0, 0.0, 0.0, 0.0, 0.0, 0.0, 0.0, 0.0, 0.0, 0.0, 2.0, 3.0, 0.0, 2.0, 4.0, 0.0, 1.0, 6.0, 5.0, 4.0, 12.0, 10.0, 5.0, 8.0, 8.0, 21.0, 23.0, 12547.0, 27.0, 17.0, 25.0, 7.0, 11.0, 9.0, 6.0, 6.0, 4.0, 5.0, 2.0, 2.0, 1.0, 2.0, 3.0, 3.0, 3.0, 0.0, 0.0, 0.0, 1.0, 0.0, 0.0, 2.0, 0.0, 0.0, 0.0, 1.0, 0.0, 0.0, 0.0, 0.0, 0.0, 0.0, 1.0], "bins": [-0.05589323490858078, -0.05395935848355293, -0.052025482058525085, -0.05009160190820694, -0.04815772548317909, -0.046223849058151245, -0.0442899726331234, -0.04235609620809555, -0.040422216057777405, -0.03848833963274956, -0.03655446320772171, -0.034620583057403564, -0.03268670663237572, -0.03075283020734787, -0.028818953782320023, -0.026885077357292175, -0.024951200932264328, -0.02301732450723648, -0.021083446219563484, -0.019149569794535637, -0.01721569150686264, -0.015281815081834793, -0.013347938656806946, -0.011414061300456524, -0.009480185806751251, -0.007546308450400829, -0.005612431559711695, -0.00367855466902256, -0.0017446773126721382, 0.0001892000436782837, 0.002123076468706131, 0.004056953825056553, 0.005990833044052124, 0.007924710400402546, 0.009858587756752968, 0.011792464181780815, 0.013726341538131237, 0.01566021889448166, 0.017594095319509506, 0.019527971744537354, 0.0214618518948555, 0.023395728319883347, 0.025329606607556343, 0.02726348303258419, 0.029197361320257187, 0.031131237745285034, 0.03306511417031288, 0.03499899059534073, 0.036932867020368576, 0.03886674344539642, 0.04080061987042427, 0.04273449629545212, 0.044668376445770264, 0.04660225287079811, 0.04853612929582596, 0.050470005720853806, 0.05240388214588165, 0.0543377585709095, 0.05627163499593735, 0.05820551514625549, 0.06013939157128334, 0.06207326799631119, 0.06400714814662933, 0.06594102084636688, 0.06787490099668503]}, "gradients/conv2.0.bias": {"_type": "histogram", "values": [1.0, 0.0, 0.0, 0.0, 0.0, 0.0, 0.0, 0.0, 0.0, 0.0, 0.0, 0.0, 0.0, 0.0, 0.0, 0.0, 0.0, 0.0, 0.0, 0.0, 0.0, 0.0, 0.0, 0.0, 0.0, 0.0, 0.0, 0.0, 0.0, 0.0, 0.0, 0.0, 28.0, 0.0, 0.0, 0.0, 0.0, 0.0, 0.0, 0.0, 0.0, 1.0, 0.0, 0.0, 0.0, 0.0, 0.0, 0.0, 0.0, 0.0, 0.0, 0.0, 0.0, 0.0, 0.0, 0.0, 0.0, 0.0, 0.0, 0.0, 1.0, 0.0, 0.0, 1.0], "bins": [-0.07795107364654541, -0.07554370909929276, -0.0731363445520401, -0.07072897255420685, -0.0683216080069542, -0.06591424345970154, -0.06350687891244888, -0.06109951436519623, -0.058692146092653275, -0.05628478154540062, -0.053877413272857666, -0.05147004872560501, -0.049062684178352356, -0.0466553159058094, -0.04424795135855675, -0.041840583086013794, -0.03943321853876114, -0.037025853991508484, -0.03461848571896553, -0.032211121171712875, -0.02980375476181507, -0.027396388351917267, -0.024989023804664612, -0.022581657394766808, -0.020174290984869003, -0.0177669245749712, -0.01535955909639597, -0.01295219361782074, -0.010544827207922935, -0.008137460798025131, -0.005730095319449902, -0.003322729840874672, -0.0009153559803962708, 0.0014920099638402462, 0.003899375908076763, 0.00630674185231328, 0.008714107796549797, 0.011121474206447601, 0.013528839685022831, 0.01593620516359806, 0.018343571573495865, 0.02075093798339367, 0.023158304393291473, 0.02556566894054413, 0.027973035350441933, 0.030380401760339737, 0.03278776630759239, 0.035195134580135345, 0.037602499127388, 0.040009863674640656, 0.04241723194718361, 0.044824596494436264, 0.04723196476697922, 0.04963932931423187, 0.05204669386148453, 0.05445405840873718, 0.056861426681280136, 0.05926879122853279, 0.061676159501075745, 0.0640835240483284, 0.06649088859558105, 0.0688982605934143, 0.07130562514066696, 0.07371298968791962, 0.07612035423517227]}, "gradients/conv1.0.weight": {"_type": "histogram", "values": [1.0, 0.0, 0.0, 0.0, 0.0, 0.0, 1.0, 0.0, 0.0, 0.0, 0.0, 0.0, 1.0, 0.0, 0.0, 0.0, 0.0, 0.0, 0.0, 2.0, 1.0, 1.0, 1.0, 0.0, 0.0, 1.0, 0.0, 4.0, 0.0, 1.0, 1.0, 0.0, 1.0, 1.0, 0.0, 2.0, 0.0, 2.0, 2.0, 1.0, 0.0, 1.0, 3.0, 4.0, 2.0, 3.0, 5.0, 3.0, 343.0, 4.0, 1.0, 0.0, 1.0, 1.0, 1.0, 0.0, 0.0, 0.0, 2.0, 0.0, 0.0, 1.0, 0.0, 1.0],