{"gradients/out.bias": {"_type": "histogram", "values": [1.0, 0.0, 0.0, 0.0, 0.0, 0.0, 0.0, 0.0, 0.0, 0.0, 0.0, 0.0, 0.0, 0.0, 0.0, 0.0, 0.0, 0.0, 0.0, 0.0, 0.0, 0.0, 0.0, 0.0, 0.0, 0.0, 0.0, 0.0, 0.0, 0.0, 0.0, 0.0, 0.0, 1.0, 0.0, 1.0, 0.0, 1.0, 1.0, 1.0, 0.0, 1.0, 0.0, 0.0, 1.0, 0.0, 0.0, 0.0, 0.0, 0.0, 0.0, 0.0, 1.0, 0.0, 0.0, 0.0, 0.0, 0.0, 0.0, 0.0, 0.0, 0.0, 0.0, 1.0], "bins": [-0.012987959198653698, -0.012652397155761719, -0.012316834181547165, -0.011981272138655186, -0.011645710095763206, -0.011310147121548653, -0.010974585078656673, -0.010639023035764694, -0.01030346006155014, -0.009967898018658161, -0.009632335044443607, -0.009296773001551628, -0.008961210027337074, -0.008625647984445095, -0.008290085941553116, -0.007954522967338562, -0.007618960924446583, -0.007283398415893316, -0.00694783590734005, -0.0066122738644480705, -0.006276711355894804, -0.0059411488473415375, -0.005605586804449558, -0.005270024295896292, -0.004934461787343025, -0.004598899278789759, -0.004263336770236492, -0.003927774727344513, -0.0035922122187912464, -0.00325664971023798, -0.002921087434515357, -0.002585525158792734, -0.0022499626502394676, -0.001914400258101523, -0.0015788378659635782, -0.0012432754738256335, -0.0009077130816876888, -0.0005721506895497441, -0.00023658829741179943, 9.897397831082344e-05, 0.00043453648686408997, 0.0007700988790020347, 0.0011056612711399794, 0.001441223663277924, 0.0017767860554158688, 0.0021123485639691353, 0.002447910839691758, 0.002783473115414381, 0.0031190356239676476, 0.003454598132520914, 0.003790160408243537, 0.00412572268396616, 0.004461285192519426, 0.004796847701072693, 0.005132409743964672, 0.005467972252517939, 0.005803534761071205, 0.006139097269624472, 0.006474659778177738, 0.006810221821069717, 0.007145784329622984, 0.0074813468381762505, 0.00781690888106823, 0.008152471855282784, 0.008488033898174763]}, "gradients/out.weight": {"_type": "histogram", "values": [1.0, 2.0, 1.0, 4.0, 2.0, 0.0, 2.0, 4.0, 0.0, 3.0, 2.0, 6.0, 3.0, 3.0, 6.0, 11.0, 5.0, 6.0, 4.0, 4.0, 9.0, 9.0, 14.0, 15.0, 10.0, 21.0, 18.0, 26.0, 21.0, 24.0, 28.0, 34.0, 25.0, 32.0, 44.0, 55.0, 107.0, 190.0, 609.0, 12589.0, 639.0, 301.0, 175.0, 127.0, 94.0, 86.0, 72.0, 42.0, 32.0, 40.0, 24.0, 20.0, 20.0, 16.0, 7.0, 11.0, 7.0, 3.0, 2.0, 6.0, 2.0, 2.0, 2.0, 1.0], "bins": [-0.13717128336429596, -0.1336943507194519, -0.13021740317344666, -0.1267404705286026, -0.12326353043317795, -0.1197865903377533, -0.11630965024232864, -0.11283271014690399, -0.10935577750205994, -0.10587883740663528, -0.10240189731121063, -0.09892496466636658, -0.09544802457094193, -0.09197108447551727, -0.08849414438009262, -0.08501720428466797, -0.08154026418924332, -0.07806332409381866, -0.07458638399839401, -0.07110944390296936, -0.0676325112581253, -0.06415557116270065, -0.060678631067276, -0.05720169097185135, -0.0537247508764267, -0.050247810781002045, -0.04677087441086769, -0.04329393431544304, -0.039816997945308685, -0.03634005784988403, -0.03286311775445938, -0.029386179521679878, -0.025909237563610077, -0.022432299330830574, -0.01895536109805107, -0.015478421002626419, -0.012001482769846916, -0.008524544537067413, -0.005047604441642761, -0.0015706662088632584, 0.001906268298625946, 0.005383206997066736, 0.008860145695507526, 0.012337084859609604, 0.015814023092389107, 0.01929096132516861, 0.02276790142059326, 0.026244839653372765, 0.029721781611442566, 0.03319872170686722, 0.03667565807700157, 0.040152598172426224, 0.04362953454256058, 0.04710647463798523, 0.05058341473340988, 0.054060354828834534, 0.05753729119896889, 0.06101423129439354, 0.0644911676645279, 0.06796810775995255, 0.0714450478553772, 0.07492198050022125, 0.0783989280462265, 0.08187586069107056, 0.08535280078649521]}, "gradients/conv2.0.weight": {"_type": "histogram", "values": [1.0, 0.0, 0.0, 1.0, 1.0, 2.0, 4.0, 2.0, 2.0, 3.0, 7.0, 12.0, 10.0, 8.0, 25.0, 21.0, 41.0, 40.0, 48.0, 88.0, 108.0, 165.0, 212.0, 283.0, 412.0, 486.0, 717.0, 898.0, 1271.0, 2716.0, 1522.0, 983.0, 621.0, 456.0, 346.0, 268.0, 247.0, 171.0, 141.0, 118.0, 57.0, 58.0, 52.0, 35.0, 31.0, 25.0, 24.0, 13.0, 10.0, 8.0, 4.0, 4.0, 4.0, 3.0, 0.0, 3.0, 3.0, 2.0, 0.0, 4.0, 2.0, 0.0, 0.0, 1.0], "bins": [-0.039640024304389954, -0.03829459846019745, -0.03694917634129524, -0.03560375049710274, -0.03425832837820053, -0.032912902534008026, -0.03156747668981552, -0.030222054570913315, -0.02887663058936596, -0.027531206607818604, -0.026185782626271248, -0.024840358644723892, -0.023494932800531387, -0.02214951068162918, -0.020804084837436676, -0.01945866085588932, -0.018113236874341965, -0.01676781289279461, -0.015422388911247253, -0.014076963998377323, -0.012731540016829967, -0.011386116035282612, -0.010040691122412682, -0.008695267140865326, -0.007349841296672821, -0.006004417315125465, -0.004658992867916822, -0.0033135684207081795, -0.001968144439160824, -0.0006227204576134682, 0.0007227044552564621, 0.0020681284368038177, 0.0034135468304157257, 0.004758970811963081, 0.006104395259171724, 0.007449819706380367, 0.008795243687927723, 0.010140667669475079, 0.011486092582345009, 0.012831516563892365, 0.014176938682794571, 0.015522362664341927, 0.016867786645889282, 0.018213212490081787, 0.019558634608983994, 0.0209040604531765, 0.022249484434723854, 0.02359490841627121, 0.024940334260463715, 0.02628575824201107, 0.027631182223558426, 0.02897660806775093, 0.030322030186653137, 0.03166745603084564, 0.03301288187503815, 0.03435830399394035, 0.03570372611284256, 0.037049151957035065, 0.03839457407593727, 0.039739999920129776, 0.04108542203903198, 0.04243084788322449, 0.04377627372741699, 0.0451216958463192, 0.046467121690511703]}, "gradients/conv2.0.bias": {"_type": "histogram", "values": [1.0, 0.0, 0.0, 0.0, 1.0, 0.0, 0.0, 0.0, 0.0, 0.0, 0.0, 0.0, 0.0, 0.0, 1.0, 0.0, 0.0, 0.0, 1.0, 0.0, 0.0, 2.0, 1.0, 0.0, 1.0, 1.0, 1.0, 0.0, 0.0, 0.0, 3.0, 1.0, 0.0, 1.0, 2.0, 1.0, 2.0, 0.0, 0.0, 1.0, 3.0, 1.0, 1.0, 0.0, 2.0, 2.0, 0.0, 0.0, 0.0, 1.0, 0.0, 0.0, 0.0, 0.0, 0.0, 0.0, 0.0, 0.0, 0.0, 0.0, 0.0, 0.0, 0.0, 1.0], "bins": [-0.009198682382702827, -0.008912153542041779, -0.00862562470138073, -0.008339094929397106, -0.008052566088736057, -0.007766037248075008, -0.0074795084074139595, -0.007192979566752911, -0.006906450260430574, -0.0066199214197695255, -0.006333392113447189, -0.0060468632727861404, -0.0057603344321250916, -0.005473805125802755, -0.0051872762851417065, -0.00490074697881937, -0.004614218138158321, -0.0043276892974972725, -0.004041159991174936, -0.0037546311505138874, -0.003468102077022195, -0.0031815730035305023, -0.0028950441628694534, -0.002608515089377761, -0.0023219860158860683, -0.002035456942394376, -0.001748927985318005, -0.0014623990282416344, -0.0011758699547499418, -0.0008893408812582493, -0.0006028119241818786, -0.00031628296710550785, -2.9753893613815308e-05, 0.0002567751216702163, 0.000543304136954248, 0.0008298331522382796, 0.0011163621675223112, 0.0014028912410140038, 0.0016894201980903745, 0.001975949155166745, 0.0022624782286584377, 0.0025490073021501303, 0.002835536375641823, 0.0031220652163028717, 0.0034085942897945642, 0.003695123363286257, 0.003981652203947306, 0.004268181510269642, 0.004554710350930691, 0.00484123919159174, 0.005127768497914076, 0.005414297338575125, 0.005700826644897461, 0.00598735548555851, 0.006273884326219559, 0.006560413166880608, 0.006846942473202944, 0.007133471313863993, 0.007420000620186329, 0.007706529460847378, 0.007993058301508427, 0.00827958807349205, 0.008566116914153099, 0.008852645754814148, 0.009139174595475197]}, "gradients/conv1.0.weight": {"_type": "histogram", "values": [1.0, 0.0, 2.0, 1.0, 0.0, 2.0, 3.0, 2.0, 5.0, 5.0, 9.0, 11.0, 7.0, 10.0, 8.0, 11.0, 14.0, 11.0, 10.0, 5.0, 8.0, 13.0, 10.0, 13.0, 13.0, 33.0, 20.0, 12.0, 12.0, 20.0, 14.0, 16.0, 9.0, 14.0, 11.0, 12.0, 5.0, 9.0, 5.0, 6.0, 2.0, 4.0, 5.0, 2.0, 1.0, 0.0, 1.0, 0.0, 0.0, 0.0, 1.0, 1.0, 0.0, 1.0, 2.0, 1.0, 1.0, 0.0, 4.0, 0.0, 0.0, 1.0, 0.0, 1.0],