{"gradients/out.bias": {"_type": "histogram", "values": [1.0, 0.0, 0.0, 0.0, 0.0, 0.0, 0.0, 0.0, 1.0, 0.0, 0.0, 0.0, 0.0, 0.0, 0.0, 0.0, 0.0, 0.0, 0.0, 0.0, 0.0, 0.0, 1.0, 1.0, 2.0, 2.0, 0.0, 1.0, 0.0, 0.0, 0.0, 0.0, 0.0, 0.0, 0.0, 0.0, 0.0, 0.0, 0.0, 0.0, 0.0, 0.0, 0.0, 0.0, 0.0, 0.0, 0.0, 0.0, 0.0, 0.0, 0.0, 0.0, 0.0, 0.0, 0.0, 0.0, 0.0, 0.0, 0.0, 0.0, 0.0, 0.0, 0.0, 1.0], "bins": [-0.00297568179666996, -0.002854613121598959, -0.002733544446527958, -0.002612475771456957, -0.002491407096385956, -0.0023703384213149548, -0.0022492697462439537, -0.0021282010711729527, -0.0020071323961019516, -0.0018860637210309505, -0.0017649950459599495, -0.0016439263708889484, -0.0015228576958179474, -0.0014017890207469463, -0.0012807203456759453, -0.0011596516706049442, -0.0010385829955339432, -0.0009175143204629421, -0.0007964456453919411, -0.00067537697032094, -0.000554308295249939, -0.0004332396201789379, -0.00031217094510793686, -0.0001911022700369358, -7.003359496593475e-05, 5.10350801050663e-05, 0.00017210375517606735, 0.0002931724302470684, 0.00041424110531806946, 0.0005353097803890705, 0.0006563784554600716, 0.0007774471305310726, 0.0008985158056020737, 0.0010195844806730747, 0.0011406531557440758, 0.0012617218308150768, 0.0013827905058860779, 0.001503859180957079, 0.00162492785602808, 0.001745996531099081, 0.001867065206170082, 0.001988133881241083, 0.002109202556312084, 0.0022302712313830853, 0.0023513399064540863, 0.0024724085815250874, 0.0025934772565960884, 0.0027145459316670895, 0.0028356146067380905, 0.0029566832818090916, 0.0030777519568800926, 0.0031988206319510937, 0.0033198893070220947, 0.0034409579820930958, 0.003562026657164097, 0.003683095332235098, 0.003804164007306099, 0.0039252326823771, 0.004046301357448101, 0.004167370032519102, 0.004288438707590103, 0.004409507382661104, 0.004530576057732105, 0.004651644732803106, 0.004772713407874107]}, "gradients/out.weight": {"_type": "histogram", "values": [1.0, 1.0, 1.0, 1.0, 2.0, 1.0, 2.0, 5.0, 5.0, 4.0, 2.0, 5.0, 4.0, 5.0, 9.0, 10.0, 11.0, 11.0, 20.0, 16.0, 28.0, 40.0, 37.0, 53.0, 62.0, 78.0, 111.0, 129.0, 224.0, 590.0, 13280.0, 288.0, 107.0, 86.0, 74.0, 61.0, 58.0, 35.0, 35.0, 33.0, 24.0, 17.0, 21.0, 10.0, 17.0, 8.0, 4.0, 8.0, 10.0, 7.0, 5.0, 3.0, 5.0, 4.0, 2.0, 3.0, 1.0, 1.0, 1.0, 2.0, 1.0, 0.0, 0.0, 1.0], "bins": [-0.03762856498360634, -0.036385972052812576, -0.035143379122018814, -0.03390078619122505, -0.03265819326043129, -0.03141560032963753, -0.030173007398843765, -0.028930414468050003, -0.02768782153725624, -0.02644522860646248, -0.025202635675668716, -0.023960042744874954, -0.022717449814081192, -0.02147485688328743, -0.020232263952493668, -0.018989671021699905, -0.017747076228260994, -0.016504483297467232, -0.01526189036667347, -0.014019297435879707, -0.012776704505085945, -0.011534111574292183, -0.010291517712175846, -0.009048924781382084, -0.007806330919265747, -0.006563737988471985, -0.005321145057678223, -0.004078551661223173, -0.002835958730429411, -0.0015933657996356487, -0.0003507724031805992, 0.000891820527613163, 0.0021344125270843506, 0.003377005457878113, 0.004619598388671875, 0.0058621917851269245, 0.007104784715920687, 0.008347377181053162, 0.009589971043169498, 0.01083256397396326, 0.012075155973434448, 0.01331774890422821, 0.014560341835021973, 0.015802934765815735, 0.017045527696609497, 0.01828812062740326, 0.01953071355819702, 0.020773306488990784, 0.022015901282429695, 0.023258494213223457, 0.02450108714401722, 0.025743680074810982, 0.026986273005604744, 0.028228865936398506, 0.029471460729837418, 0.03071405366063118, 0.03195664659142494, 0.033199239522218704, 0.034441832453012466, 0.03568442538380623, 0.03692701831459999, 0.03816961124539375, 0.039412204176187515, 0.04065479710698128, 0.04189739003777504]}, "gradients/conv2.0.weight": {"_type": "histogram", "values": [4.0, 1.0, 4.0, 7.0, 7.0, 15.0, 14.0, 10.0, 8.0, 8.0, 25.0, 9.0, 16.0, 32.0, 44.0, 41.0, 56.0, 68.0, 60.0, 86.0, 112.0, 117.0, 160.0, 198.0, 235.0, 326.0, 435.0, 664.0, 1256.0, 3743.0, 1659.0, 898.0, 600.0, 409.0, 327.0, 258.0, 188.0, 131.0, 113.0, 90.0, 63.0, 54.0, 30.0, 41.0, 28.0, 24.0, 14.0, 12.0, 11.0, 12.0, 16.0, 9.0, 9.0, 6.0, 7.0, 8.0, 4.0, 2.0, 4.0, 3.0, 4.0, 1.0, 1.0, 3.0], "bins": [-0.016460750252008438, -0.01590590365231037, -0.015351057052612305, -0.014796210452914238, -0.014241363853216171, -0.013686517253518105, -0.013131671585142612, -0.012576824985444546, -0.012021978385746479, -0.011467131786048412, -0.010912285186350346, -0.010357438586652279, -0.009802592918276787, -0.00924774631857872, -0.008692899718880653, -0.008138053119182587, -0.00758320651948452, -0.007028359919786453, -0.0064735133200883865, -0.005918667186051607, -0.00536382058635354, -0.004808973986655474, -0.004254127852618694, -0.0036992812529206276, -0.003144434653222561, -0.002589588053524494, -0.002034741686657071, -0.0014798952033743262, -0.0009250487200915813, -0.00037020212039351463, 0.00018464424647390842, 0.0007394906133413315, 0.0012943372130393982, 0.001849183696322143, 0.002404030179604888, 0.002958876546472311, 0.0035137231461703777, 0.0040685697458684444, 0.004623415879905224, 0.0051782624796032906, 0.005733109079301357, 0.006287955678999424, 0.006842802278697491, 0.00739764841273427, 0.00795249454677105, 0.008507341146469116, 0.009062187746167183, 0.00961703434586525, 0.010171880945563316, 0.010726727545261383, 0.01128157414495945, 0.011836420744657516, 0.012391267344355583, 0.01294611394405365, 0.013500959612429142, 0.014055806212127209, 0.014610652811825275, 0.015165499411523342, 0.015720345079898834, 0.0162751916795969, 0.016830038279294968, 0.017384884878993034, 0.0179397314786911, 0.018494578078389168, 0.019049424678087234]}, "gradients/conv2.0.bias": {"_type": "histogram", "values": [2.0, 0.0, 0.0, 0.0, 0.0, 0.0, 0.0, 0.0, 0.0, 0.0, 0.0, 0.0, 1.0, 0.0, 0.0, 2.0, 0.0, 0.0, 2.0, 1.0, 0.0, 2.0, 0.0, 1.0, 0.0, 1.0, 2.0, 2.0, 1.0, 1.0, 1.0, 1.0, 1.0, 1.0, 0.0, 0.0, 2.0, 0.0, 0.0, 0.0, 0.0, 0.0, 0.0, 0.0, 1.0, 0.0, 2.0, 0.0, 1.0, 1.0, 0.0, 0.0, 1.0, 0.0, 0.0, 0.0, 0.0, 0.0, 1.0, 0.0, 0.0, 0.0, 0.0, 1.0], "bins": [-0.0045576379634439945, -0.0043989564292132854, -0.004240275360643864, -0.004081593826413155, -0.0039229122921824455, -0.0037642312236130238, -0.0036055496893823147, -0.0034468683879822493, -0.003288187086582184, -0.0031295057851821184, -0.002970824483782053, -0.002812142949551344, -0.0026534616481512785, -0.002494780346751213, -0.002336098812520504, -0.0021774175111204386, -0.002018736209720373, -0.0018600549083203077, -0.0017013734905049205, -0.0015426920726895332, -0.0013840107712894678, -0.0012253294698894024, -0.0010666480520740151, -0.0009079666342586279, -0.0007492853328585625, -0.0005906039732508361, -0.0004319226136431098, -0.00027324125403538346, -0.00011455989442765713, 4.412146518006921e-05, 0.00020280282478779554, 0.0003614842426031828, 0.0005201650783419609, 0.0006788464379496872, 0.0008375277975574136, 0.0009962092153728008, 0.0011548905167728662, 0.0013135718181729317, 0.001472253235988319, 0.0016309346538037062, 0.0017896159552037716, 0.001948297256603837, 0.0021069785580039024, 0.0022656600922346115, 0.002424341393634677, 0.0025830226950347424, 0.0027417042292654514, 0.002900385530665517, 0.0030590668320655823, 0.0032177481334656477, 0.003376429434865713, 0.003535110969096422, 0.0036937922704964876, 0.003852473571896553, 0.004011155106127262, 0.004169836640357971, 0.004328517708927393, 0.004487199243158102, 0.004645880311727524, 0.004804561845958233, 0.004963243380188942, 0.005121924448758364, 0.005280605982989073, 0.005439287051558495, 0.005597968585789204]}, "gradients/conv1.0.weight": {"_type": "histogram", "values": [1.0, 0.0, 1.0, 4.0, 0.0, 0.0, 1.0, 5.0, 1.0, 2.0, 2.0, 5.0, 4.0, 7.0, 5.0, 6.0, 7.0, 4.0, 7.0, 6.0, 3.0, 2.0, 6.0, 2.0, 9.0, 4.0, 4.0, 7.0, 10.0, 3.0, 5.0, 5.0, 10.0, 8.0, 7.0, 10.0, 4.0, 32.0, 9.0, 10.0, 9.0, 6.0, 17.0, 10.0, 17.0, 15.0, 11.0, 8.0, 9.0, 6.0, 16.0, 7.0, 5.0, 5.0, 8.0, 11.0, 5.0, 6.0, 3.0, 1.0, 4.0, 1.0, 0.0, 2.0],