{"gradients/out.bias": {"_type": "histogram", "values": [1.0, 0.0, 0.0, 0.0, 0.0, 0.0, 0.0, 0.0, 0.0, 0.0, 0.0, 0.0, 0.0, 0.0, 0.0, 0.0, 1.0, 0.0, 0.0, 0.0, 0.0, 0.0, 1.0, 0.0, 0.0, 0.0, 0.0, 1.0, 0.0, 0.0, 0.0, 0.0, 0.0, 0.0, 2.0, 0.0, 1.0, 0.0, 0.0, 0.0, 0.0, 0.0, 0.0, 0.0, 0.0, 0.0, 0.0, 0.0, 0.0, 0.0, 1.0, 0.0, 0.0, 0.0, 0.0, 0.0, 0.0, 1.0, 0.0, 0.0, 0.0, 0.0, 0.0, 1.0], "bins": [-0.013028816320002079, -0.012649810872972012, -0.012270805425941944, -0.011891800910234451, -0.011512795463204384, -0.011133790016174316, -0.010754784569144249, -0.010375779122114182, -0.009996773675084114, -0.009617768228054047, -0.00923876278102398, -0.008859757333993912, -0.008480752818286419, -0.008101747371256351, -0.007722741924226284, -0.007343736477196217, -0.006964731961488724, -0.006585726514458656, -0.006206721533089876, -0.005827716086059809, -0.005448711104691029, -0.005069705657660961, -0.004690700210630894, -0.004311694763600826, -0.003932689316570759, -0.003553684102371335, -0.0031746788881719112, -0.002795673441141844, -0.00241666822694242, -0.002037663012742996, -0.0016586575657129288, -0.001279652351513505, -0.0009006466716527939, -0.0005216413992457092, -0.00014263612683862448, 0.00023636920377612114, 0.0006153744179755449, 0.0009943796321749687, 0.0013733850792050362, 0.00175239029340446, 0.0021313950419425964, 0.0025104002561420202, 0.002889405470341444, 0.0032684109173715115, 0.0036474161315709352, 0.004026421345770359, 0.0044054267928004265, 0.004784432239830494, 0.005163437686860561, 0.005542443133890629, 0.005921448115259409, 0.006300453562289476, 0.0066794585436582565, 0.007058463990688324, 0.007437469437718391, 0.007816474884748459, 0.008195480331778526, 0.008574485778808594, 0.008953491225838661, 0.009332496672868729, 0.009711501188576221, 0.010090506635606289, 0.010469512082636356, 0.010848517529666424, 0.011227522045373917]}, "gradients/out.weight": {"_type": "histogram", "values": [1.0, 1.0, 0.0, 1.0, 1.0, 1.0, 0.0, 5.0, 2.0, 2.0, 3.0, 1.0, 5.0, 6.0, 6.0, 6.0, 5.0, 9.0, 13.0, 16.0, 11.0, 11.0, 21.0, 26.0, 30.0, 45.0, 42.0, 67.0, 70.0, 89.0, 109.0, 147.0, 147.0, 227.0, 301.0, 395.0, 744.0, 6371.0, 4190.0, 793.0, 390.0, 287.0, 209.0, 167.0, 125.0, 92.0, 99.0, 76.0, 64.0, 47.0, 33.0, 39.0, 34.0, 24.0, 19.0, 7.0, 16.0, 9.0, 9.0, 5.0, 4.0, 1.0, 1.0, 3.0], "bins": [-0.082577645778656, -0.08040272444486618, -0.07822779566049576, -0.07605287432670593, -0.07387794554233551, -0.07170302420854568, -0.06952809542417526, -0.06735317409038544, -0.06517824530601501, -0.06300332397222519, -0.06082839518785477, -0.05865347012877464, -0.05647854506969452, -0.054303620010614395, -0.05212869495153427, -0.049953773617744446, -0.04777884855866432, -0.0456039234995842, -0.043428998440504074, -0.04125407338142395, -0.039079148322343826, -0.0369042232632637, -0.03472930192947388, -0.032554373145103455, -0.03037945181131363, -0.028204526752233505, -0.02602960169315338, -0.023854676634073257, -0.021679751574993134, -0.01950482651591301, -0.017329903319478035, -0.015154978260397911, -0.012980055063962936, -0.010805130004882812, -0.008630204945802689, -0.006455280818045139, -0.004280355758965015, -0.0021054306998848915, 6.949342787265778e-05, 0.0022444184869527817, 0.004419345408678055, 0.006594270467758179, 0.008769195526838303, 0.010944119654595852, 0.013119044713675976, 0.0152939697727561, 0.01746889390051365, 0.019643818959593773, 0.021818742156028748, 0.02399366721510887, 0.026168592274188995, 0.02834351733326912, 0.030518442392349243, 0.03269336745142937, 0.03486829251050949, 0.037043213844299316, 0.03921814262866974, 0.04139306768774986, 0.04356799274682999, 0.04574291780591011, 0.047917842864990234, 0.05009276792407036, 0.05226769298315048, 0.05444261431694031, 0.05661753937602043]}, "gradients/conv2.0.weight": {"_type": "histogram", "values": [2.0, 0.0, 2.0, 0.0, 6.0, 4.0, 2.0, 1.0, 5.0, 5.0, 8.0, 13.0, 9.0, 4.0, 8.0, 14.0, 13.0, 15.0, 18.0, 22.0, 20.0, 29.0, 40.0, 41.0, 61.0, 60.0, 84.0, 122.0, 144.0, 207.0, 281.0, 405.0, 631.0, 1267.0, 4813.0, 1862.0, 886.0, 554.0, 348.0, 207.0, 121.0, 112.0, 85.0, 62.0, 37.0, 31.0, 28.0, 18.0, 22.0, 13.0, 10.0, 7.0, 6.0, 8.0, 2.0, 5.0, 2.0, 6.0, 2.0, 2.0, 0.0, 4.0, 1.0, 3.0], "bins": [-0.05796042084693909, -0.0562899187207222, -0.05461941659450531, -0.05294891446828842, -0.05127841234207153, -0.049607910215854645, -0.047937408089637756, -0.04626690596342087, -0.04459640383720398, -0.04292590171098709, -0.0412553995847702, -0.039584897458553314, -0.037914395332336426, -0.03624389320611954, -0.03457339107990265, -0.03290288895368576, -0.03123239055275917, -0.029561888426542282, -0.027891386300325394, -0.026220884174108505, -0.024550382047891617, -0.02287987992167473, -0.02120937965810299, -0.0195388775318861, -0.01786837726831436, -0.016197875142097473, -0.014527373015880585, -0.012856871820986271, -0.011186369694769382, -0.009515867568552494, -0.00784536637365818, -0.006174864247441292, -0.004504360258579254, -0.0028338583651930094, -0.0011633564718067646, 0.0005071451887488365, 0.002177647314965725, 0.0038481494411826134, 0.005518650636076927, 0.007189152762293816, 0.008859656751155853, 0.010530158877372742, 0.01220066100358963, 0.013871162198483944, 0.015541664324700832, 0.017212167382240295, 0.018882667645812035, 0.020553169772028923, 0.022223670035600662, 0.02389417216181755, 0.02556467428803444, 0.027235176414251328, 0.028905678540468216, 0.030576180666685104, 0.032246679067611694, 0.03391718119382858, 0.03558768332004547, 0.03725818544626236, 0.03892868757247925, 0.040599189698696136, 0.042269691824913025, 0.04394019395112991, 0.0456106960773468, 0.04728119820356369, 0.04895170032978058]}, "gradients/conv2.0.bias": {"_type": "histogram", "values": [1.0, 0.0, 0.0, 0.0, 0.0, 0.0, 0.0, 0.0, 0.0, 0.0, 0.0, 0.0, 0.0, 0.0, 0.0, 1.0, 1.0, 0.0, 0.0, 0.0, 0.0, 0.0, 1.0, 0.0, 0.0, 0.0, 0.0, 2.0, 1.0, 0.0, 1.0, 1.0, 0.0, 2.0, 1.0, 0.0, 2.0, 2.0, 3.0, 3.0, 1.0, 1.0, 1.0, 0.0, 0.0, 1.0, 0.0, 0.0, 2.0, 0.0, 0.0, 0.0, 0.0, 1.0, 0.0, 0.0, 1.0, 1.0, 0.0, 0.0, 0.0, 0.0, 0.0, 1.0], "bins": [-0.03607247769832611, -0.0351138599216938, -0.03415524214506149, -0.033196624368429184, -0.03223800286650658, -0.03127938508987427, -0.03032076731324196, -0.02936214953660965, -0.02840353175997734, -0.027444913983345032, -0.026486294344067574, -0.025527676567435265, -0.024569058790802956, -0.023610439151525497, -0.02265182137489319, -0.02169320359826088, -0.02073458582162857, -0.01977596804499626, -0.018817348405718803, -0.017858730629086494, -0.016900112852454185, -0.015941493213176727, -0.014982875436544418, -0.01402425765991211, -0.013065638020634651, -0.012107019312679768, -0.011148401536047459, -0.010189782828092575, -0.009231165051460266, -0.008272546343505383, -0.007313928101211786, -0.00635530985891819, -0.005396692082285881, -0.004438073839992285, -0.0034794555976986885, -0.0025208371225744486, -0.0015622188802808523, -0.0006036004051566124, 0.00035501783713698387, 0.0013136360794305801, 0.002272253856062889, 0.0032308720983564854, 0.004189490340650082, 0.005148109048604965, 0.006106726825237274, 0.007065345533192158, 0.008023964241147041, 0.00898258201777935, 0.009941200725734234, 0.010899819433689117, 0.011858437210321426, 0.01281705591827631, 0.013775673694908619, 0.014734292402863503, 0.01569291017949581, 0.01665152981877327, 0.01761014759540558, 0.018568765372037888, 0.019527385011315346, 0.020486002787947655, 0.021444620564579964, 0.022403240203857422, 0.02336185798048973, 0.02432047575712204, 0.02527909353375435]}, "gradients/conv1.0.weight": {"_type": "histogram", "values": [1.0, 1.0, 2.0, 1.0, 2.0, 0.0, 3.0, 1.0, 2.0, 1.0, 0.0, 1.0, 1.0, 2.0, 1.0, 0.0, 1.0, 3.0, 4.0, 5.0, 7.0, 5.0, 7.0, 8.0, 4.0, 5.0, 6.0, 8.0, 3.0, 10.0, 19.0, 24.0, 32.0, 40.0, 15.0, 14.0, 10.0, 15.0, 16.0, 15.0, 10.0, 10.0, 9.0, 11.0, 8.0, 6.0, 1.0, 3.0, 8.0, 7.0, 3.0, 4.0, 3.0, 5.0, 3.0, 2.0, 3.0, 2.0, 1.0, 2.0, 2.0, 0.0, 0.0, 2.0],