{"gradients/out.bias": {"_type": "histogram", "values": [1.0, 0.0, 0.0, 0.0, 0.0, 0.0, 0.0, 0.0, 0.0, 0.0, 0.0, 0.0, 0.0, 0.0, 0.0, 0.0, 0.0, 1.0, 0.0, 0.0, 0.0, 0.0, 0.0, 0.0, 0.0, 0.0, 0.0, 0.0, 0.0, 0.0, 0.0, 0.0, 0.0, 0.0, 5.0, 0.0, 0.0, 0.0, 1.0, 0.0, 0.0, 0.0, 0.0, 0.0, 0.0, 0.0, 0.0, 0.0, 0.0, 0.0, 0.0, 0.0, 1.0, 0.0, 0.0, 0.0, 0.0, 0.0, 0.0, 0.0, 0.0, 0.0, 0.0, 1.0], "bins": [-0.00016852343105711043, -0.00016364624025300145, -0.0001587690640008077, -0.00015389187319669873, -0.00014901468239258975, -0.00014413749158848077, -0.00013926031533628702, -0.00013438312453217804, -0.00012950593372806907, -0.0001246287429239601, -0.00011975155939580873, -0.00011487437586765736, -0.00010999718506354839, -0.00010512000153539702, -0.00010024281800724566, -9.536562720313668e-05, -9.048844367498532e-05, -8.561126014683396e-05, -8.073406934272498e-05, -7.585688581457362e-05, -7.097969501046464e-05, -6.610251148231328e-05, -6.12253206782043e-05, -5.6348137150052935e-05, -5.147095362190157e-05, -4.65937664557714e-05, -4.171657928964123e-05, -3.683939576148987e-05, -3.196220495738089e-05, -2.7085019610240124e-05, -2.2207834263099357e-05, -1.7330647096969187e-05, -1.245345629286021e-05, -7.576269581477391e-06, -2.6990828700945713e-06, 2.178103386540897e-06, 7.055290552671067e-06, 1.1932477718801238e-05, 1.6809663065942004e-05, 2.1686850232072175e-05, 2.6564041036181152e-05, 3.144122820231132e-05, 3.631841536844149e-05, 4.1195598896592855e-05, 4.607278970070183e-05, 5.0949973228853196e-05, 5.5827160394983366e-05, 6.0704347561113536e-05, 6.55815310892649e-05, 7.045871461741626e-05, 7.533590542152524e-05, 8.02130889496766e-05, 8.509027975378558e-05, 8.996746328193694e-05, 9.484465408604592e-05, 9.972183761419728e-05, 0.00010459902114234865, 0.00010947620467050001, 0.00011435339547460899, 0.00011923057900276035, 0.00012410776980686933, 0.0001289849606109783, 0.00013386213686317205, 0.00013873932766728103, 0.00014361651847139]}, "gradients/out.weight": {"_type": "histogram", "values": [1.0, 0.0, 1.0, 0.0, 0.0, 2.0, 0.0, 2.0, 0.0, 0.0, 0.0, 1.0, 1.0, 2.0, 1.0, 4.0, 3.0, 4.0, 13.0, 3.0, 12.0, 11.0, 10.0, 22.0, 17.0, 32.0, 28.0, 47.0, 46.0, 68.0, 80.0, 113.0, 130.0, 243.0, 13931.0, 220.0, 158.0, 114.0, 89.0, 48.0, 44.0, 36.0, 31.0, 21.0, 21.0, 14.0, 14.0, 5.0, 10.0, 6.0, 5.0, 2.0, 3.0, 1.0, 2.0, 1.0, 0.0, 2.0, 1.0, 0.0, 1.0, 2.0, 0.0, 1.0], "bins": [-0.0009212865261361003, -0.0008944104774855077, -0.0008675344870425761, -0.0008406584383919835, -0.0008137824479490519, -0.0007869063992984593, -0.0007600303506478667, -0.0007331543602049351, -0.0007062783115543425, -0.0006794022629037499, -0.0006525262724608183, -0.0006256502238102257, -0.0005987741751596332, -0.0005718981847167015, -0.0005450221360661089, -0.0005181460874155164, -0.0004912700969725847, -0.0004643940774258226, -0.0004375180578790605, -0.00041064200922846794, -0.00038376598968170583, -0.0003568899701349437, -0.00033001392148435116, -0.00030313790193758905, -0.00027626188239082694, -0.00024938586284406483, -0.0002225098287453875, -0.00019563379464671016, -0.00016875777509994805, -0.00014188175555318594, -0.0001150057214545086, -8.812968735583127e-05, -6.125366780906916e-05, -3.4377640986349434e-05, -7.501614163629711e-06, 1.9374412659090012e-05, 4.6250439481809735e-05, 7.312645902857184e-05, 0.00010000249312724918, 0.00012687852722592652, 0.00015375454677268863, 0.00018063056631945074, 0.00020750660041812807, 0.0002343826345168054, 0.0002612586540635675, 0.00028813467361032963, 0.0003150107222609222, 0.0003418867418076843, 0.0003687627613544464, 0.0003956387809012085, 0.00042251480044797063, 0.0004493908490985632, 0.0004762668686453253, 0.0005031428881920874, 0.00053001893684268, 0.0005568949272856116, 0.0005837709759362042, 0.0006106470245867968, 0.0006375230150297284, 0.000664399063680321, 0.0006912751123309135, 0.0007181511027738452, 0.0007450271514244378, 0.0007719032000750303, 0.000798779190517962]}, "gradients/conv2.0.weight": {"_type": "histogram", "values": [2.0, 0.0, 1.0, 1.0, 0.0, 0.0, 4.0, 4.0, 1.0, 3.0, 12.0, 11.0, 10.0, 10.0, 12.0, 19.0, 23.0, 50.0, 56.0, 62.0, 94.0, 138.0, 195.0, 259.0, 348.0, 496.0, 889.0, 1596.0, 4734.0, 1392.0, 770.0, 422.0, 290.0, 222.0, 135.0, 126.0, 86.0, 63.0, 50.0, 51.0, 36.0, 20.0, 21.0, 17.0, 6.0, 14.0, 5.0, 10.0, 4.0, 5.0, 5.0, 3.0, 4.0, 3.0, 1.0, 3.0, 0.0, 0.0, 2.0, 0.0, 3.0, 0.0, 0.0, 1.0], "bins": [-0.0002724836813285947, -0.00026287100627087057, -0.000253258302109316, -0.00024364561249967664, -0.0002340329228900373, -0.00022442024783231318, -0.00021480755822267383, -0.0002051948686130345, -0.00019558217900339514, -0.0001859694893937558, -0.00017635679978411645, -0.0001667441101744771, -0.00015713143511675298, -0.0001475187309551984, -0.0001379060558974743, -0.00012829336628783494, -0.0001186806766781956, -0.00010906798706855625, -9.94552974589169e-05, -8.984261512523517e-05, -8.022992551559582e-05, -7.061723590595648e-05, -6.100454993429594e-05, -5.13918639626354e-05, -4.177917435299605e-05, -3.2166484743356705e-05, -2.2553798771696165e-05, -1.2941110981046222e-05, -3.328423190396279e-06, 6.2842664192430675e-06, 1.5896952390903607e-05, 2.5509638362564147e-05, 3.512232797220349e-05, 4.473501758184284e-05, 5.434770355350338e-05, 6.396038952516392e-05, 7.357307913480327e-05, 8.318576874444261e-05, 9.279845107812434e-05, 0.00010241114068776369, 0.00011202383029740304, 0.00012163651990704238, 0.00013124920951668173, 0.00014086189912632108, 0.0001504745741840452, 0.00016008727834559977, 0.0001696999534033239, 0.00017931264301296324, 0.00018892533262260258, 0.00019853802223224193, 0.00020815071184188128, 0.00021776340145152062, 0.00022737609106115997, 0.0002369887661188841, 0.00024660147028043866, 0.0002562141453381628, 0.0002658268203958869, 0.000275439495453611, 0.0002850521996151656, 0.0002946648746728897, 0.0003042775788344443, 0.0003138902538921684, 0.000323502958053723, 0.0003331156331114471, 0.00034272833727300167]}, "gradients/conv2.0.bias": {"_type": "histogram", "values": [1.0, 1.0, 0.0, 2.0, 1.0, 0.0, 0.0, 1.0, 0.0, 1.0, 0.0, 1.0, 1.0, 0.0, 0.0, 1.0, 1.0, 0.0, 2.0, 1.0, 0.0, 0.0, 2.0, 0.0, 1.0, 0.0, 1.0, 0.0, 0.0, 0.0, 1.0, 0.0, 0.0, 1.0, 0.0, 0.0, 0.0, 0.0, 1.0, 1.0, 0.0, 3.0, 0.0, 0.0, 1.0, 0.0, 0.0, 1.0, 1.0, 0.0, 0.0, 1.0, 0.0, 0.0, 0.0, 0.0, 0.0, 0.0, 1.0, 1.0, 0.0, 0.0, 0.0, 1.0], "bins": [-0.00015916857228148729, -0.00015273749886546284, -0.0001463064254494384, -0.00013987535203341395, -0.0001334442786173895, -0.00012701320520136505, -0.00012058213178534061, -0.00011415105836931616, -0.00010771998495329171, -0.00010128891153726727, -9.485783812124282e-05, -8.842676470521837e-05, -8.199569128919393e-05, -7.556461787316948e-05, -6.913354445714504e-05, -6.270247104112059e-05, -5.627139762509614e-05, -4.9840324209071696e-05, -4.340925079304725e-05, -3.69781773770228e-05, -3.0547103960998356e-05, -2.411603054497391e-05, -1.7684957128949463e-05, -1.1253883712925017e-05, -4.82281029690057e-06, 1.608263119123876e-06, 8.039336535148323e-06, 1.4470409951172769e-05, 2.0901483367197216e-05, 2.7332556783221662e-05, 3.376363019924611e-05, 4.0194703615270555e-05, 4.662576247937977e-05, 5.305683589540422e-05, 5.9487909311428666e-05, 6.591898272745311e-05, 7.235005614347756e-05, 7.8781129559502e-05, 8.521220297552645e-05, 9.16432763915509e-05, 9.807434980757535e-05, 0.00010450542322359979, 0.00011093649663962424, 0.00011736757005564868, 0.00012379864347167313, 0.00013022971688769758, 0.00013666079030372202, 0.00014309186371974647, 0.00014952293713577092, 0.00015595401055179536, 0.0001623850839678198, 0.00016881615738384426, 0.0001752472307998687, 0.00018167830421589315, 0.0001881093776319176, 0.00019454045104794204, 0.0002009715244639665, 0.00020740259787999094, 0.00021383367129601538, 0.00022026474471203983, 0.00022669581812806427, 0.00023312689154408872, 0.00023955796496011317, 0.0002459890383761376, 0.00025242011179216206]}, "gradients/conv1.0.weight": {"_type": "histogram",