{"gradients/out.bias": {"_type": "histogram", "values": [1.0, 0.0, 0.0, 0.0, 0.0, 0.0, 0.0, 0.0, 0.0, 0.0, 0.0, 0.0, 0.0, 0.0, 0.0, 0.0, 0.0, 0.0, 0.0, 0.0, 0.0, 0.0, 0.0, 0.0, 0.0, 0.0, 0.0, 0.0, 0.0, 0.0, 0.0, 1.0, 0.0, 0.0, 0.0, 0.0, 0.0, 1.0, 0.0, 1.0, 1.0, 0.0, 1.0, 1.0, 0.0, 0.0, 0.0, 0.0, 1.0, 0.0, 0.0, 0.0, 0.0, 0.0, 0.0, 0.0, 0.0, 0.0, 0.0, 0.0, 1.0, 0.0, 0.0, 1.0], "bins": [-0.012743085622787476, -0.012431031093001366, -0.012118975631892681, -0.011806921102106571, -0.011494865640997887, -0.011182811111211777, -0.010870755650103092, -0.010558701120316982, -0.010246645659208298, -0.009934591129422188, -0.009622535668313503, -0.009310481138527393, -0.008998425677418709, -0.008686371147632599, -0.008374315686523914, -0.008062261156737804, -0.0077502066269516945, -0.007438151631504297, -0.0071260966360569, -0.006814041640609503, -0.0065019866451621056, -0.006189932115375996, -0.005877877119928598, -0.005565822124481201, -0.005253767129033804, -0.004941712133586407, -0.0046296571381390095, -0.004317602142691612, -0.004005547612905502, -0.0036934923846274614, -0.003381437622010708, -0.0030693826265633106, -0.002757328562438488, -0.0024452735669910908, -0.0021332185715436935, -0.00182116380892694, -0.0015091088134795427, -0.0011970538180321455, -0.0008849989390000701, -0.0005729440599679947, -0.00026088906452059746, 5.116587271913886e-05, 0.0003632208099588752, 0.0006752757471986115, 0.0009873306844383478, 0.001299385679885745, 0.0016114405589178205, 0.0019234954379498959, 0.002235550433397293, 0.0025476054288446903, 0.0028596604242920876, 0.003171715186908841, 0.0034837701823562384, 0.0037958251778036356, 0.004107879940420389, 0.004419934935867786, 0.004731989931315184, 0.005044044926762581, 0.005356099922209978, 0.005668154917657375, 0.005980209447443485, 0.00629226490855217, 0.00660431943833828, 0.006916374433785677, 0.007228429429233074]}, "gradients/out.weight": {"_type": "histogram", "values": [1.0, 1.0, 0.0, 0.0, 0.0, 0.0, 1.0, 0.0, 0.0, 1.0, 0.0, 1.0, 2.0, 1.0, 1.0, 3.0, 0.0, 3.0, 5.0, 6.0, 5.0, 4.0, 9.0, 10.0, 3.0, 15.0, 11.0, 18.0, 19.0, 14.0, 18.0, 25.0, 14.0, 34.0, 33.0, 46.0, 54.0, 103.0, 191.0, 438.0, 1531.0, 11174.0, 877.0, 354.0, 201.0, 123.0, 88.0, 60.0, 53.0, 44.0, 17.0, 23.0, 10.0, 13.0, 6.0, 4.0, 3.0, 3.0, 2.0, 1.0, 1.0, 0.0, 0.0, 2.0], "bins": [-0.10398191958665848, -0.10145868360996246, -0.09893545508384705, -0.09641221910715103, -0.09388899058103561, -0.0913657546043396, -0.08884252607822418, -0.08631929010152817, -0.08379605412483215, -0.08127281814813614, -0.07874958962202072, -0.07622635364532471, -0.07370312511920929, -0.07117988914251328, -0.06865666061639786, -0.06613342463970184, -0.06361019611358643, -0.06108696386218071, -0.058563731610774994, -0.05604049935936928, -0.05351726710796356, -0.05099403113126755, -0.04847079887986183, -0.045947566628456116, -0.0434243343770504, -0.040901102125644684, -0.03837786987423897, -0.03585463762283325, -0.03333140164613724, -0.03080817125737667, -0.028284937143325806, -0.02576170489192009, -0.02323848009109497, -0.020715247839689255, -0.01819201558828354, -0.015668781474232674, -0.013145549222826958, -0.010622316971421242, -0.008099083788692951, -0.005575850605964661, -0.0030526183545589447, -0.0005293856374919415, 0.001993847079575062, 0.004517079796642065, 0.007040312513709068, 0.009563544765114784, 0.012086777947843075, 0.014610011130571365, 0.01713324338197708, 0.019656475633382797, 0.022179707884788513, 0.02470294199883938, 0.027226174250245094, 0.02974940650165081, 0.032272640615701675, 0.03479587286710739, 0.03731910511851311, 0.03984233736991882, 0.04236556962132454, 0.044888801872730255, 0.04741203784942627, 0.04993526637554169, 0.0524585023522377, 0.05498173460364342, 0.05750496685504913]}, "gradients/conv2.0.weight": {"_type": "histogram", "values": [1.0, 3.0, 0.0, 0.0, 2.0, 0.0, 5.0, 7.0, 4.0, 5.0, 8.0, 12.0, 5.0, 10.0, 19.0, 15.0, 18.0, 18.0, 23.0, 35.0, 36.0, 54.0, 54.0, 94.0, 97.0, 132.0, 148.0, 227.0, 293.0, 408.0, 564.0, 860.0, 1327.0, 3810.0, 1779.0, 916.0, 564.0, 330.0, 215.0, 156.0, 98.0, 77.0, 60.0, 65.0, 55.0, 44.0, 25.0, 24.0, 18.0, 16.0, 12.0, 13.0, 5.0, 9.0, 4.0, 6.0, 3.0, 2.0, 2.0, 3.0, 1.0, 1.0, 0.0, 3.0], "bins": [-0.035804491490125656, -0.03474748507142067, -0.03369048237800598, -0.032633475959300995, -0.03157647326588631, -0.03051946870982647, -0.029462464153766632, -0.028405457735061646, -0.027348455041646957, -0.02629145048558712, -0.025234445929527283, -0.024177441373467445, -0.023120436817407608, -0.02206343226134777, -0.021006427705287933, -0.019949421286582947, -0.01889241673052311, -0.017835412174463272, -0.016778407618403435, -0.015721403062343597, -0.01466439850628376, -0.013607393950223923, -0.01255038846284151, -0.011493383906781673, -0.010436378419399261, -0.009379373863339424, -0.008322369307279587, -0.007265364285558462, -0.006208359729498625, -0.0051513551734387875, -0.004094350151717663, -0.0030373455956578255, -0.0019803419709205627, -0.0009233372984454036, 0.0001336673740297556, 0.0011906721629202366, 0.002247676718980074, 0.0033046812750399113, 0.004361686296761036, 0.005418690852820873, 0.006475694477558136, 0.007532699033617973, 0.00858970358967781, 0.009646708145737648, 0.010703712701797485, 0.011760717257857323, 0.012817722745239735, 0.013874727301299572, 0.014931732788681984, 0.01598873734474182, 0.01704574190080166, 0.018102746456861496, 0.019159751012921333, 0.02021675556898117, 0.021273761987686157, 0.022330764681100845, 0.023387771099805832, 0.02444477565586567, 0.025501780211925507, 0.026558784767985344, 0.02761578932404518, 0.02867279388010502, 0.029729798436164856, 0.030786804854869843, 0.03184380754828453]}, "gradients/conv2.0.bias": {"_type": "histogram", "values": [1.0, 1.0, 0.0, 0.0, 0.0, 0.0, 0.0, 1.0, 0.0, 0.0, 0.0, 0.0, 0.0, 0.0, 1.0, 1.0, 0.0, 2.0, 0.0, 0.0, 1.0, 2.0, 0.0, 1.0, 0.0, 1.0, 1.0, 0.0, 0.0, 2.0, 0.0, 2.0, 1.0, 1.0, 1.0, 4.0, 0.0, 0.0, 1.0, 0.0, 1.0, 1.0, 1.0, 0.0, 0.0, 0.0, 0.0, 0.0, 0.0, 0.0, 0.0, 0.0, 0.0, 0.0, 0.0, 1.0, 0.0, 0.0, 0.0, 1.0, 1.0, 0.0, 0.0, 1.0], "bins": [-0.007164672017097473, -0.0069084931164979935, -0.006652314215898514, -0.006396135780960321, -0.006139956880360842, -0.005883777979761362, -0.00562759954482317, -0.00537142064422369, -0.00511524174362421, -0.004859062843024731, -0.004602883942425251, -0.004346705507487059, -0.004090526606887579, -0.0038343477062880993, -0.0035781690385192633, -0.0033219903707504272, -0.0030658114701509476, -0.002809632569551468, -0.002553453901782632, -0.002297275234013796, -0.002041096333414316, -0.0017849175492301583, -0.0015287387650460005, -0.0012725599808618426, -0.0010163811966776848, -0.0007602024124935269, -0.0005040236283093691, -0.00024784484412521124, 8.33394005894661e-06, 0.00026451272424310446, 0.0005206915084272623, 0.0007768702926114202, 0.0010330500081181526, 0.0012892287923023105, 0.0015454075764864683, 0.0018015863606706262, 0.002057765144854784, 0.0023139440454542637, 0.0025701227132230997, 0.0028263013809919357, 0.0030824802815914154, 0.003338659182190895, 0.003594837849959731, 0.003851016517728567, 0.004107195418328047, 0.0043633743189275265, 0.004619552753865719, 0.0048757316544651985, 0.005131910555064678, 0.005388089455664158, 0.0056442683562636375, 0.00590044679120183, 0.00615662569180131, 0.006412804592400789, 0.006668983027338982, 0.006925161927938461, 0.007181340828537941, 0.007437519729137421, 0.0076936986297369, 0.00794987753033638, 0.00820605643093586, 0.008462234400212765, 0.008718413300812244, 0.008974592201411724, 0.009230771102011204]}, "gradients/conv1.0.weight": {"_type": "histogram", "values": [1.0, 1.0, 0.0, 1.0, 0.0, 1.0, 3.0, 4.0, 4.0, 3.0, 2.0, 2.0, 2.0, 0.0, 1.0, 2.0, 3.0, 0.0, 5.0, 4.0, 2.0, 8.0, 3.0, 2.0, 6.0, 9.0, 16.0, 17.0, 47.0, 23.0, 13.0, 18.0, 9.0, 13.0, 7.0, 14.0, 18.0, 15.0, 16.0, 12.0, 11.0, 12.0, 11.0, 7.0, 10.0, 6.0, 7.0, 3.0, 2.0, 5.0, 4.0, 4.0, 1.0, 2.0, 0.0, 2.0, 0.0, 1.0, 0.0, 0.0, 0.0, 3.0, 0.0, 2.0],