{"gradients/out.bias": {"_type": "histogram", "values": [1.0, 0.0, 0.0, 0.0, 0.0, 0.0, 0.0, 0.0, 0.0, 0.0, 0.0, 0.0, 0.0, 0.0, 0.0, 0.0, 0.0, 0.0, 0.0, 0.0, 0.0, 0.0, 0.0, 0.0, 0.0, 0.0, 0.0, 0.0, 1.0, 0.0, 0.0, 4.0, 2.0, 1.0, 0.0, 0.0, 0.0, 0.0, 0.0, 0.0, 0.0, 0.0, 0.0, 0.0, 0.0, 0.0, 0.0, 0.0, 0.0, 0.0, 0.0, 0.0, 0.0, 0.0, 0.0, 0.0, 0.0, 0.0, 0.0, 0.0, 0.0, 0.0, 0.0, 1.0], "bins": [-0.009016618132591248, -0.008732909336686134, -0.008449201472103596, -0.008165492676198483, -0.007881784811615944, -0.007598076015710831, -0.0073143672198057175, -0.0070306588895618916, -0.006746950559318066, -0.00646324222907424, -0.006179533898830414, -0.005895825102925301, -0.005612116772681475, -0.005328408442437649, -0.0050446996465325356, -0.00476099131628871, -0.004477282986044884, -0.004193574655801058, -0.003909866325557232, -0.0036261575296521187, -0.0033424491994082928, -0.003058740869164467, -0.0027750323060899973, -0.0024913237430155277, -0.002207615412771702, -0.001923906966112554, -0.0016401985194534063, -0.0013564900727942586, -0.0010727816261351109, -0.0007890731794759631, -0.0005053647328168154, -0.0002216561697423458, 6.20521605014801e-05, 0.00034576060716062784, 0.0006294690538197756, 0.0009131775004789233, 0.001196885947138071, 0.0014805943937972188, 0.0017643028404563665, 0.002048011403530836, 0.002331719733774662, 0.002615428064018488, 0.0028991366270929575, 0.003182845190167427, 0.003466553520411253, 0.003750261850655079, 0.004033970646560192, 0.004317678976804018, 0.004601387307047844, 0.00488509563729167, 0.005168803967535496, 0.005452512763440609, 0.005736221093684435, 0.006019929423928261, 0.006303638219833374, 0.0065873465500772, 0.006871054880321026, 0.007154763210564852, 0.007438471540808678, 0.007722180336713791, 0.008005889132618904, 0.008289596997201443, 0.008573305793106556, 0.008857013657689095, 0.009140722453594208]}, "gradients/out.weight": {"_type": "histogram", "values": [4.0, 0.0, 0.0, 0.0, 0.0, 1.0, 1.0, 0.0, 1.0, 0.0, 1.0, 0.0, 1.0, 0.0, 1.0, 1.0, 2.0, 0.0, 0.0, 1.0, 1.0, 2.0, 2.0, 1.0, 1.0, 3.0, 11.0, 4.0, 19.0, 54.0, 15483.0, 39.0, 11.0, 5.0, 7.0, 2.0, 2.0, 2.0, 1.0, 1.0, 0.0, 2.0, 0.0, 1.0, 1.0, 2.0, 0.0, 0.0, 0.0, 1.0, 1.0, 1.0, 1.0, 0.0, 0.0, 1.0, 0.0, 0.0, 0.0, 0.0, 1.0, 2.0, 0.0, 1.0], "bins": [-0.045783184468746185, -0.04427354037761688, -0.04276389628648758, -0.041254252195358276, -0.039744604378938675, -0.03823496028780937, -0.03672531619668007, -0.035215672105550766, -0.03370602801442146, -0.03219638392329216, -0.030686737969517708, -0.029177093878388405, -0.027667449787259102, -0.02615780383348465, -0.024648159742355347, -0.023138515651226044, -0.02162886969745159, -0.02011922560632229, -0.018609579652547836, -0.017099935561418533, -0.01559029147028923, -0.014080646447837353, -0.012571001425385475, -0.011061357334256172, -0.00955171138048172, -0.008042066358029842, -0.006532422266900539, -0.005022777244448662, -0.0035131326876580715, -0.0020034881308674812, -0.0004938431084156036, 0.0010158009827136993, 0.0025254450738430023, 0.004035089630633593, 0.005544734187424183, 0.0070543792098760605, 0.008564023301005363, 0.010073668323457241, 0.011583313345909119, 0.013092957437038422, 0.014602601528167725, 0.016112245619297028, 0.01762189157307148, 0.019131535664200783, 0.020641179755330086, 0.022150825709104538, 0.02366046980023384, 0.025170113891363144, 0.026679759845137596, 0.0281894039362669, 0.02969904989004135, 0.031208693981170654, 0.03271833807229996, 0.03422798216342926, 0.03573762625455856, 0.037247270345687866, 0.03875691816210747, 0.04026656225323677, 0.041776206344366074, 0.043285854160785675, 0.04479549825191498, 0.04630514234304428, 0.047814786434173584, 0.04932443052530289, 0.05083407461643219]}, "gradients/conv2.0.weight": {"_type": "histogram", "values": [2.0, 0.0, 0.0, 0.0, 0.0, 1.0, 0.0, 0.0, 1.0, 0.0, 0.0, 1.0, 1.0, 1.0, 3.0, 2.0, 1.0, 2.0, 3.0, 1.0, 4.0, 4.0, 7.0, 3.0, 12.0, 9.0, 25.0, 35.0, 50.0, 112.0, 12253.0, 117.0, 44.0, 28.0, 9.0, 16.0, 13.0, 10.0, 4.0, 3.0, 2.0, 3.0, 0.0, 1.0, 2.0, 3.0, 2.0, 1.0, 0.0, 0.0, 0.0, 1.0, 1.0, 0.0, 0.0, 0.0, 0.0, 1.0, 1.0, 2.0, 1.0, 0.0, 1.0, 1.0], "bins": [-0.03515402227640152, -0.034008581191301346, -0.03286314383149147, -0.031717702746391296, -0.03057226538658142, -0.029426824301481247, -0.028281385079026222, -0.027135945856571198, -0.025990506634116173, -0.024845067411661148, -0.023699628189206123, -0.0225541889667511, -0.021408747881650925, -0.02026331052184105, -0.019117869436740875, -0.01797243021428585, -0.016826990991830826, -0.0156815517693758, -0.014536112546920776, -0.013390672393143177, -0.012245233170688152, -0.011099793948233128, -0.009954353794455528, -0.008808914572000504, -0.007663475349545479, -0.006518036127090454, -0.005372596438974142, -0.00422715675085783, -0.0030817175284028053, -0.0019362783059477806, -0.0007908386178314686, 0.00035460107028484344, 0.0015000402927398682, 0.0026454797480255365, 0.003790919203311205, 0.004936358891427517, 0.006081798113882542, 0.007227237336337566, 0.008372677490115166, 0.00951811671257019, 0.010663555935025215, 0.01180899515748024, 0.012954434379935265, 0.014099874533712864, 0.015245313756167889, 0.01639075204730034, 0.017536193132400513, 0.018681632354855537, 0.019827071577310562, 0.020972510799765587, 0.02211795002222061, 0.023263389244675636, 0.02440882846713066, 0.025554269552230835, 0.02669970877468586, 0.027845147997140884, 0.02899058721959591, 0.030136026442050934, 0.03128146752715111, 0.03242690488696098, 0.03357234597206116, 0.03471778333187103, 0.03586322441697121, 0.03700866550207138, 0.038154102861881256]}, "gradients/conv2.0.bias": {"_type": "histogram", "values": [1.0, 0.0, 0.0, 0.0, 0.0, 0.0, 0.0, 0.0, 0.0, 0.0, 0.0, 0.0, 0.0, 0.0, 0.0, 0.0, 0.0, 0.0, 0.0, 0.0, 0.0, 0.0, 0.0, 0.0, 0.0, 0.0, 0.0, 0.0, 1.0, 0.0, 0.0, 0.0, 0.0, 27.0, 1.0, 0.0, 0.0, 1.0, 0.0, 0.0, 0.0, 0.0, 0.0, 0.0, 0.0, 0.0, 0.0, 0.0, 0.0, 0.0, 0.0, 0.0, 0.0, 0.0, 0.0, 0.0, 0.0, 0.0, 0.0, 0.0, 0.0, 0.0, 0.0, 1.0], "bins": [-0.056536875665187836, -0.054861150681972504, -0.05318542942404747, -0.05150970444083214, -0.049833983182907104, -0.04815825819969177, -0.04648253321647644, -0.04480680823326111, -0.043131086975336075, -0.04145536199212074, -0.03977964073419571, -0.03810391575098038, -0.036428190767765045, -0.03475246950984001, -0.03307674452662468, -0.031401023268699646, -0.029725298285484314, -0.02804957516491413, -0.02637385204434395, -0.024698127061128616, -0.023022403940558434, -0.02134668081998825, -0.01967095583677292, -0.017995232716202736, -0.016319509595632553, -0.01464378647506237, -0.012968062423169613, -0.011292338371276855, -0.009616615250706673, -0.00794089213013649, -0.0062651680782437325, -0.004589444026350975, -0.0029137209057807922, -0.0012379973195493221, 0.000437726266682148, 0.002113449852913618, 0.003789173439145088, 0.005464896559715271, 0.007140620611608028, 0.008816344663500786, 0.010492067784070969, 0.012167790904641151, 0.013843514956533909, 0.015519239008426666, 0.01719496212899685, 0.018870685249567032, 0.020546410232782364, 0.022222133353352547, 0.02389785647392273, 0.025573579594492912, 0.027249302715063095, 0.028925027698278427, 0.03060075081884861, 0.03227647393941879, 0.033952198922634125, 0.03562792390584946, 0.03730364516377449, 0.03897937014698982, 0.040655091404914856, 0.04233081638813019, 0.04400654137134552, 0.045682262629270554, 0.047357987612485886, 0.04903370887041092, 0.05070943385362625]}, "gradients/conv1.0.weight": {"_type": "histogram", "values": [2.0, 1.0, 0.0, 0.0, 1.0, 0.0, 1.0, 0.0, 4.0, 2.0, 0.0, 0.0, 2.0, 2.0, 5.0, 2.0, 7.0, 5.0, 4.0, 7.0, 7.0, 5.0, 23.0, 237.0, 37.0, 13.0, 7.0, 3.0, 2.0, 1.0, 4.0, 4.0, 2.0, 0.0, 1.0, 2.0, 1.0, 2.0, 0.0, 0.0, 1.0, 0.0, 0.0, 0.0, 0.0, 1.0, 1.0, 0.0, 0.0, 0.0, 0.0, 0.0, 0.0, 0.0, 0.0, 0.0, 0.0, 0.0, 0.0, 0.0, 0.0, 0.0, 0.0, 1.0],