{"gradients/out.bias": {"_type": "histogram", "values": [1.0, 0.0, 0.0, 0.0, 0.0, 0.0, 0.0, 0.0, 0.0, 1.0, 0.0, 0.0, 1.0, 0.0, 0.0, 0.0, 0.0, 0.0, 0.0, 0.0, 0.0, 0.0, 0.0, 0.0, 0.0, 0.0, 0.0, 0.0, 1.0, 3.0, 0.0, 0.0, 0.0, 0.0, 0.0, 0.0, 0.0, 0.0, 0.0, 1.0, 0.0, 0.0, 0.0, 0.0, 0.0, 0.0, 0.0, 1.0, 0.0, 0.0, 0.0, 0.0, 0.0, 0.0, 0.0, 0.0, 0.0, 0.0, 0.0, 0.0, 0.0, 0.0, 0.0, 1.0], "bins": [-0.02308095246553421, -0.022286145016551018, -0.021491337567567825, -0.020696531981229782, -0.01990172453224659, -0.019106917083263397, -0.018312109634280205, -0.017517302185297012, -0.01672249473631382, -0.015927687287330627, -0.01513288076967001, -0.014338073320686817, -0.013543265871703625, -0.012748459354043007, -0.011953651905059814, -0.011158844456076622, -0.010364037938416004, -0.009569230489432812, -0.008774423971772194, -0.007979616522789001, -0.007184809073805809, -0.006390002090483904, -0.005595195107161999, -0.004800387658178806, -0.0040055811405181885, -0.0032107739243656397, -0.002415966708213091, -0.0016211597248911858, -0.000826352508738637, -3.154529258608818e-05, 0.000763261690735817, 0.0015580691397190094, 0.002352876588702202, 0.0031476838048547506, 0.003942491021007299, 0.0047372980043292046, 0.005532105453312397, 0.006326912436634302, 0.007121719419956207, 0.0079165268689394, 0.008711334317922592, 0.009506141766905785, 0.010300948284566402, 0.011095755733549595, 0.011890563182532787, 0.012685369700193405, 0.013480177149176598, 0.01427498459815979, 0.015069791115820408, 0.015864597633481026, 0.016659405082464218, 0.01745421253144741, 0.018249019980430603, 0.019043827429413795, 0.019838634878396988, 0.02063344046473503, 0.021428247913718224, 0.022223055362701416, 0.02301786281168461, 0.0238126702606678, 0.024607475847005844, 0.025402283295989037, 0.02619709074497223, 0.02699189819395542, 0.027786705642938614]}, "gradients/out.weight": {"_type": "histogram", "values": [2.0, 1.0, 3.0, 0.0, 1.0, 3.0, 2.0, 5.0, 7.0, 6.0, 18.0, 19.0, 20.0, 24.0, 36.0, 30.0, 37.0, 44.0, 73.0, 83.0, 88.0, 113.0, 143.0, 177.0, 202.0, 328.0, 422.0, 577.0, 10358.0, 913.0, 423.0, 310.0, 224.0, 179.0, 143.0, 109.0, 100.0, 84.0, 56.0, 57.0, 38.0, 41.0, 28.0, 28.0, 17.0, 17.0, 14.0, 9.0, 12.0, 9.0, 11.0, 6.0, 8.0, 4.0, 5.0, 4.0, 4.0, 1.0, 0.0, 2.0, 0.0, 1.0, 0.0, 1.0], "bins": [-0.15751928091049194, -0.15203683078289032, -0.1465543657541275, -0.14107191562652588, -0.13558945059776306, -0.13010700047016144, -0.12462455034255981, -0.1191420927643776, -0.11365963518619537, -0.10817717760801315, -0.10269472002983093, -0.09721226990222931, -0.09172981232404709, -0.08624735474586487, -0.08076490461826324, -0.07528244704008102, -0.0697999894618988, -0.06431753188371658, -0.05883507803082466, -0.05335262417793274, -0.04787016659975052, -0.0423877090215683, -0.036905255168676376, -0.031422801315784454, -0.025940343737602234, -0.020457888022065163, -0.014975432306528091, -0.00949297659099102, -0.004010520875453949, 0.0014719348400831223, 0.0069543905556201935, 0.012436844408512115, 0.017919301986694336, 0.023401757702231407, 0.02888421341776848, 0.0343666672706604, 0.03984912484884262, 0.04533158242702484, 0.05081403627991676, 0.056296490132808685, 0.061778947710990906, 0.06726140528917313, 0.07274386286735535, 0.07822631299495697, 0.08370877057313919, 0.08919122815132141, 0.09467367827892303, 0.10015613585710526, 0.10563859343528748, 0.1111210510134697, 0.11660350859165192, 0.12208595871925354, 0.12756842374801636, 0.13305087387561798, 0.1385333240032196, 0.14401578903198242, 0.14949823915958405, 0.15498068928718567, 0.1604631543159485, 0.1659456044435501, 0.17142805457115173, 0.17691051959991455, 0.18239296972751617, 0.1878754198551178, 0.19335788488388062]}, "gradients/conv2.0.weight": {"_type": "histogram", "values": [3.0, 3.0, 4.0, 5.0, 8.0, 13.0, 14.0, 13.0, 21.0, 25.0, 35.0, 47.0, 75.0, 102.0, 136.0, 173.0, 236.0, 280.0, 340.0, 509.0, 846.0, 3419.0, 2815.0, 1078.0, 641.0, 462.0, 316.0, 217.0, 178.0, 161.0, 100.0, 78.0, 70.0, 52.0, 57.0, 35.0, 31.0, 20.0, 18.0, 17.0, 19.0, 11.0, 13.0, 20.0, 11.0, 12.0, 11.0, 8.0, 5.0, 8.0, 3.0, 2.0, 3.0, 7.0, 1.0, 3.0, 2.0, 2.0, 2.0, 0.0, 0.0, 2.0, 1.0, 1.0], "bins": [-0.0735340490937233, -0.07018681615591049, -0.06683957576751709, -0.06349234282970428, -0.06014510244131088, -0.05679786950349808, -0.053450632840394974, -0.05010339617729187, -0.046756159514188766, -0.04340892285108566, -0.04006168618798256, -0.036714449524879456, -0.03336721658706665, -0.030019978061318398, -0.026672743260860443, -0.02332550659775734, -0.019978269934654236, -0.016631033271551132, -0.013283797539770603, -0.009936561807990074, -0.0065893251448869705, -0.003242088481783867, 0.00010514631867408752, 0.003452382981777191, 0.006799615919589996, 0.0101468525826931, 0.013494088314473629, 0.016841324046254158, 0.02018856070935726, 0.023535797372460365, 0.02688303217291832, 0.030230268836021423, 0.03357751667499542, 0.036924753338098526, 0.04027199000120163, 0.043619222939014435, 0.04696646332740784, 0.05031369626522064, 0.053660932928323746, 0.05700816959142685, 0.06035540997982025, 0.06370264291763306, 0.06704988330602646, 0.07039711624383926, 0.07374435663223267, 0.07709158957004547, 0.08043882250785828, 0.08378606289625168, 0.08713329583406448, 0.09048052877187729, 0.09382776916027069, 0.0971750020980835, 0.1005222424864769, 0.1038694754242897, 0.1072167158126831, 0.11056394875049591, 0.11391118168830872, 0.11725841462612152, 0.12060565501451492, 0.12395288795232773, 0.12730012834072113, 0.13064736127853394, 0.13399459421634674, 0.13734182715415955, 0.14068907499313354]}, "gradients/conv2.0.bias": {"_type": "histogram", "values": [1.0, 0.0, 2.0, 0.0, 0.0, 0.0, 0.0, 0.0, 0.0, 1.0, 0.0, 1.0, 2.0, 1.0, 1.0, 1.0, 1.0, 0.0, 1.0, 1.0, 1.0, 1.0, 1.0, 0.0, 2.0, 3.0, 1.0, 2.0, 1.0, 0.0, 0.0, 1.0, 0.0, 0.0, 0.0, 0.0, 1.0, 0.0, 0.0, 0.0, 1.0, 1.0, 0.0, 0.0, 0.0, 0.0, 1.0, 1.0, 0.0, 0.0, 0.0, 0.0, 0.0, 0.0, 0.0, 0.0, 0.0, 0.0, 0.0, 0.0, 0.0, 0.0, 0.0, 1.0], "bins": [-0.028528813272714615, -0.027263620868325233, -0.025998426601290703, -0.02473323419690132, -0.02346803992986679, -0.02220284752547741, -0.020937655121088028, -0.019672460854053497, -0.018407268449664116, -0.017142076045274734, -0.015876881778240204, -0.014611689373850822, -0.013346496038138866, -0.01208130270242691, -0.010816110298037529, -0.009550916962325573, -0.008285723626613617, -0.007020530290901661, -0.005755337420850992, -0.0044901445508003235, -0.0032249512150883675, -0.0019597578793764114, -0.0006945650093257427, 0.000570627860724926, 0.001835821196436882, 0.0031010142993181944, 0.004366207402199507, 0.0056314002722501755, 0.0068965936079621315, 0.008161786943674088, 0.009426979348063469, 0.010692172683775425, 0.011957362294197083, 0.013222555629909039, 0.014487748965620995, 0.015752941370010376, 0.017018135637044907, 0.018283328041434288, 0.01954852044582367, 0.0208137147128582, 0.02207890711724758, 0.023344099521636963, 0.024609293788671494, 0.025874486193060875, 0.027139678597450256, 0.028404872864484787, 0.02967006526887417, 0.03093525767326355, 0.03220045194029808, 0.03346564620733261, 0.03473083674907684, 0.035996031016111374, 0.037261225283145905, 0.03852641582489014, 0.03979161009192467, 0.0410568043589592, 0.04232199490070343, 0.04358718916773796, 0.04485237970948219, 0.046117573976516724, 0.047382768243551254, 0.048647962510585785, 0.04991315305233002, 0.05117834731936455, 0.05244354158639908]}, "gradients/conv1.0.weight": {"_type": "histogram", "values": [3.0, 1.0, 4.0, 0.0, 0.0, 1.0, 0.0, 2.0, 0.0, 1.0, 1.0, 1.0, 1.0, 0.0, 0.0, 0.0, 2.0, 2.0, 2.0, 4.0, 7.0, 7.0, 7.0, 10.0, 10.0, 11.0, 8.0, 15.0, 12.0, 14.0, 13.0, 10.0, 11.0, 30.0, 56.0, 27.0, 26.0, 16.0, 10.0, 13.0, 9.0, 6.0, 3.0, 2.0, 4.0, 5.0, 0.0, 4.0, 0.0, 1.0, 5.0, 5.0, 1.0, 3.0, 4.0, 0.0, 1.0, 1.0, 2.0, 2.0, 2.0, 0.0, 1.0, 1.0],