{"gradients/out.bias": {"_type": "histogram", "values": [1.0, 0.0, 0.0, 0.0, 0.0, 0.0, 0.0, 0.0, 0.0, 0.0, 0.0, 0.0, 0.0, 0.0, 0.0, 0.0, 0.0, 0.0, 0.0, 0.0, 0.0, 0.0, 0.0, 0.0, 0.0, 0.0, 1.0, 0.0, 1.0, 6.0, 0.0, 0.0, 0.0, 0.0, 0.0, 0.0, 0.0, 0.0, 0.0, 0.0, 0.0, 0.0, 0.0, 0.0, 0.0, 0.0, 0.0, 0.0, 0.0, 0.0, 0.0, 0.0, 0.0, 0.0, 0.0, 0.0, 0.0, 0.0, 0.0, 0.0, 0.0, 0.0, 0.0, 1.0], "bins": [-0.00017244990158360451, -0.00016666202282067388, -0.00016087412950582802, -0.0001550862507428974, -0.00014929835742805153, -0.0001435104786651209, -0.00013772258535027504, -0.0001319347065873444, -0.00012614682782441378, -0.00012035894178552553, -0.00011457105574663728, -0.00010878317698370665, -0.00010299529094481841, -9.720740490593016e-05, -9.141951886704192e-05, -8.563163282815367e-05, -7.984374678926542e-05, -7.405586075037718e-05, -6.826797471148893e-05, -6.248008867260069e-05, -5.6692209909670055e-05, -5.090432387078181e-05, -4.511643783189356e-05, -3.9328555430984125e-05, -3.354066575411707e-05, -2.775278153421823e-05, -2.1964897314319387e-05, -1.617701127543114e-05, -1.0389127055532299e-05, -4.601242835633457e-06, 1.1866432032547891e-06, 6.974525604164228e-06, 1.2762408005073667e-05, 1.855029222497251e-05, 2.433817644487135e-05, 3.0126062483759597e-05, 3.5913944884669036e-05, 4.170183092355728e-05, 4.748971696244553e-05, 5.3277599363354966e-05, 5.9065481764264405e-05, 6.485336780315265e-05, 7.06412538420409e-05, 7.642913260497153e-05, 8.221701864385977e-05, 8.800490468274802e-05, 9.379279072163627e-05, 9.958067676052451e-05, 0.00010536856279941276, 0.000111156448838301, 0.00011694433487718925, 0.0001227322209160775, 0.00012852009967900813, 0.00013430797844193876, 0.00014009587175678462, 0.00014588375051971525, 0.0001516716438345611, 0.00015745952259749174, 0.0001632474159123376, 0.00016903529467526823, 0.0001748231879901141, 0.00018061106675304472, 0.00018639894551597536, 0.00019218683883082122, 0.00019797471759375185]}, "gradients/out.weight": {"_type": "histogram", "values": [1.0, 0.0, 1.0, 0.0, 2.0, 1.0, 0.0, 2.0, 0.0, 1.0, 1.0, 1.0, 4.0, 4.0, 6.0, 5.0, 9.0, 9.0, 14.0, 10.0, 9.0, 13.0, 13.0, 18.0, 30.0, 35.0, 27.0, 30.0, 40.0, 129.0, 14558.0, 321.0, 95.0, 41.0, 35.0, 25.0, 34.0, 29.0, 18.0, 14.0, 9.0, 15.0, 8.0, 14.0, 8.0, 8.0, 8.0, 4.0, 8.0, 2.0, 1.0, 2.0, 1.0, 0.0, 1.0, 1.0, 1.0, 1.0, 1.0, 0.0, 0.0, 1.0, 0.0, 1.0], "bins": [-0.002043048618361354, -0.0019769768696278334, -0.0019109048880636692, -0.0018448331393301487, -0.0017787612741813064, -0.001712689409032464, -0.0016466176602989435, -0.0015805457951501012, -0.0015144739300012589, -0.0014484020648524165, -0.0013823301997035742, -0.0013162584509700537, -0.0012501865858212113, -0.001184114720672369, -0.0011180429719388485, -0.0010519711067900062, -0.0009858992416411638, -0.0009198273764923215, -0.0008537555695511401, -0.0007876837626099586, -0.0007216118974611163, -0.000655540032312274, -0.0005894682253710926, -0.0005233964184299111, -0.0004573245532810688, -0.0003912527172360569, -0.00032518088119104505, -0.00025910904514603317, -0.0001930372091010213, -0.0001269653730560094, -6.0893537010997534e-05, 5.178299034014344e-06, 7.125036790966988e-05, 0.00013732220395468175, 0.00020339403999969363, 0.0002694658760447055, 0.0003355377120897174, 0.00040160954813472927, 0.00046768138417974114, 0.0005337531911209226, 0.0005998250562697649, 0.0006658969214186072, 0.0007319687283597887, 0.0007980405353009701, 0.0008641124004498124, 0.0009301842655986547, 0.0009962560143321753, 0.0010623278794810176, 0.00112839974462986, 0.0011944716097787023, 0.0012605434749275446, 0.001326615223661065, 0.0013926870888099074, 0.0014587589539587498, 0.0015248307026922703, 0.0015909025678411126, 0.001656974432989955, 0.0017230462981387973, 0.0017891181632876396, 0.0018551899120211601, 0.0019212617771700025, 0.001987333642318845, 0.0020534053910523653, 0.0021194773726165295, 0.00218554912135005]}, "gradients/conv2.0.weight": {"_type": "histogram", "values": [1.0, 0.0, 0.0, 0.0, 1.0, 1.0, 2.0, 2.0, 4.0, 3.0, 1.0, 4.0, 4.0, 2.0, 5.0, 2.0, 5.0, 8.0, 7.0, 13.0, 12.0, 18.0, 19.0, 27.0, 36.0, 32.0, 49.0, 66.0, 96.0, 142.0, 168.0, 251.0, 435.0, 578.0, 1100.0, 2746.0, 3813.0, 1156.0, 647.0, 400.0, 269.0, 177.0, 130.0, 102.0, 74.0, 49.0, 46.0, 23.0, 26.0, 15.0, 7.0, 5.0, 2.0, 9.0, 1.0, 2.0, 0.0, 3.0, 1.0, 0.0, 1.0, 1.0, 0.0, 1.0], "bins": [-0.0005775962490588427, -0.0005615531117655337, -0.0005455099744722247, -0.0005294667789712548, -0.0005134236416779459, -0.0004973805043846369, -0.00048133733798749745, -0.000465294171590358, -0.00044925103429704905, -0.00043320789700374007, -0.00041716473060660064, -0.0004011215642094612, -0.00038507842691615224, -0.00036903528962284327, -0.00035299212322570384, -0.0003369489568285644, -0.00032090581953525543, -0.00030486268224194646, -0.00028881951584480703, -0.0002727763494476676, -0.0002567332121543586, -0.00024069006030913442, -0.00022464690846391022, -0.00020860375661868602, -0.00019256060477346182, -0.00017651745292823762, -0.00016047430108301342, -0.00014443114923778921, -0.000128387997392565, -0.00011234484554734081, -9.630169370211661e-05, -8.025854185689241e-05, -6.421541911549866e-05, -4.817226727027446e-05, -3.212911542505026e-05, -1.6085963579826057e-05, -4.281173460185528e-08, 1.6000340110622346e-05, 3.204349195584655e-05, 4.808664380107075e-05, 6.412979564629495e-05, 8.017294749151915e-05, 9.621609933674335e-05, 0.00011225925118196756, 0.00012830240302719176, 0.00014434555487241596, 0.00016038870671764016, 0.00017643185856286436, 0.00019247501040808856, 0.00020851816225331277, 0.00022456131409853697, 0.00024060446594376117, 0.00025664761778898537, 0.0002726907841861248, 0.0002887339214794338, 0.00030477705877274275, 0.0003208202251698822, 0.0003368633915670216, 0.0003529065288603306, 0.00036894966615363955, 0.000384992832550779, 0.0004010359989479184, 0.0004170791362412274, 0.00043312227353453636, 0.0004491654399316758]}, "gradients/conv2.0.bias": {"_type": "histogram", "values": [1.0, 0.0, 0.0, 0.0, 0.0, 0.0, 2.0, 0.0, 1.0, 0.0, 1.0, 1.0, 0.0, 2.0, 0.0, 1.0, 1.0, 0.0, 0.0, 1.0, 0.0, 2.0, 1.0, 1.0, 0.0, 0.0, 3.0, 0.0, 2.0, 1.0, 0.0, 2.0, 1.0, 1.0, 0.0, 0.0, 1.0, 0.0, 0.0, 0.0, 0.0, 0.0, 1.0, 0.0, 1.0, 0.0, 0.0, 1.0, 0.0, 0.0, 1.0, 0.0, 0.0, 0.0, 0.0, 0.0, 0.0, 0.0, 0.0, 0.0, 0.0, 0.0, 0.0, 2.0], "bins": [-0.000178399495780468, -0.00017216421838384122, -0.00016592892643529922, -0.00015969364903867245, -0.00015345837164204568, -0.0001472230942454189, -0.0001409878022968769, -0.00013475252490025014, -0.00012851724750362337, -0.0001222819701069966, -0.00011604668543441221, -0.00010981140076182783, -0.00010357612336520106, -9.734083869261667e-05, -9.110555402003229e-05, -8.487027662340552e-05, -7.863498467486352e-05, -7.239970000227913e-05, -6.616442260565236e-05, -5.992913793306798e-05, -5.36938568984624e-05, -4.745857586385682e-05, -4.122329119127244e-05, -3.498801015666686e-05, -2.8752721846103668e-05, -2.251744081149809e-05, -1.628215795790311e-05, -1.0046875104308128e-05, -3.8115940697025508e-06, 2.423686964903027e-06, 8.658971637487411e-06, 1.4894252672092989e-05, 2.1129511878825724e-05, 2.7364792913431302e-05, 3.360007394803688e-05, 3.9835358620621264e-05, 4.607063965522684e-05, 5.230592068983242e-05, 5.8541205362416804e-05, 6.477648275904357e-05, 7.101176015567034e-05, 7.724704482825473e-05, 8.34823222248815e-05, 8.971760689746588e-05, 9.595288429409266e-05, 0.00010218816896667704, 0.00010842345363926142, 0.0001146587310358882, 0.0001208940229844302, 0.00012712930038105696, 0.00013336459232959896, 0.00013959986972622573, 0.0001458351471228525, 0.00015207042451947927, 0.00015830571646802127, 0.00016454099386464804, 0.00017077627126127481, 0.00017701154865790159, 0.00018324684060644358, 0.00018948211800307035, 0.00019571739539969712, 0.0002019526727963239, 0.0002081879647448659, 0.00021442324214149266, 0.00022065853409003466]}, "gradients/conv1.0.weight": {"_type": "histogram",