{"gradients/out.bias": {"_type": "histogram", "values": [1.0, 0.0, 0.0, 1.0, 0.0, 0.0, 0.0, 0.0, 1.0, 0.0, 0.0, 0.0, 0.0, 0.0, 0.0, 0.0, 0.0, 0.0, 0.0, 0.0, 0.0, 0.0, 0.0, 0.0, 0.0, 0.0, 1.0, 0.0, 1.0, 0.0, 1.0, 0.0, 0.0, 0.0, 0.0, 1.0, 0.0, 0.0, 0.0, 0.0, 0.0, 0.0, 0.0, 0.0, 0.0, 0.0, 1.0, 0.0, 0.0, 0.0, 0.0, 0.0, 0.0, 0.0, 0.0, 0.0, 1.0, 0.0, 0.0, 0.0, 0.0, 0.0, 0.0, 1.0], "bins": [-0.016219552606344223, -0.015679657459259033, -0.015139762312173843, -0.014599868096411228, -0.014059972949326038, -0.013520077802240849, -0.012980183586478233, -0.012440288439393044, -0.011900393292307854, -0.011360498145222664, -0.010820602998137474, -0.010280708782374859, -0.009740813635289669, -0.00920091848820448, -0.008661024272441864, -0.008121129125356674, -0.007581233978271484, -0.0070413388311862946, -0.006501444149762392, -0.0059615494683384895, -0.0054216543212533, -0.00488175917416811, -0.004341864492744207, -0.003801969578489661, -0.003262074664235115, -0.002722179749980569, -0.0021822848357260227, -0.0016423899214714766, -0.0011024950072169304, -0.0005626000929623842, -2.270517870783806e-05, 0.0005171897355467081, 0.001057082787156105, 0.0015969777014106512, 0.0021368726156651974, 0.0026767675299197435, 0.0032166624441742897, 0.003756557358428836, 0.004296452272683382, 0.0048363469541072845, 0.005376242101192474, 0.005916137248277664, 0.006456031929701567, 0.006995926611125469, 0.007535821758210659, 0.008075716905295849, 0.008615611121058464, 0.009155506268143654, 0.009695401415228844, 0.010235296562314034, 0.010775191709399223, 0.011315085925161839, 0.011854981072247028, 0.012394876219332218, 0.012934770435094833, 0.013474665582180023, 0.014014560729265213, 0.014554455876350403, 0.015094351023435593, 0.015634246170520782, 0.016174141317605972, 0.016714034602046013, 0.017253929749131203, 0.017793824896216393, 0.018333720043301582]}, "gradients/out.weight": {"_type": "histogram", "values": [1.0, 1.0, 0.0, 0.0, 0.0, 0.0, 0.0, 0.0, 1.0, 1.0, 2.0, 1.0, 1.0, 1.0, 2.0, 4.0, 3.0, 2.0, 3.0, 7.0, 5.0, 9.0, 5.0, 7.0, 12.0, 5.0, 9.0, 18.0, 18.0, 17.0, 20.0, 22.0, 15202.0, 97.0, 54.0, 28.0, 23.0, 16.0, 12.0, 9.0, 9.0, 4.0, 9.0, 5.0, 8.0, 3.0, 8.0, 4.0, 2.0, 1.0, 2.0, 1.0, 0.0, 0.0, 1.0, 0.0, 1.0, 0.0, 0.0, 1.0, 1.0, 0.0, 0.0, 2.0], "bins": [-0.027469296008348465, -0.026631545275449753, -0.02579379267990589, -0.02495604008436203, -0.024118289351463318, -0.023280538618564606, -0.022442786023020744, -0.021605033427476883, -0.02076728269457817, -0.01992953196167946, -0.019091779366135597, -0.018254026770591736, -0.017416276037693024, -0.01657852530479431, -0.01574077270925045, -0.014903021045029163, -0.014065269380807877, -0.01322751771658659, -0.012389766052365303, -0.011552014388144016, -0.01071426272392273, -0.009876511059701443, -0.009038759395480156, -0.00820100773125887, -0.007363256067037582, -0.006525504402816296, -0.005687752738595009, -0.004850001074373722, -0.004012249410152435, -0.0031744977459311485, -0.0023367460817098618, -0.001498994417488575, -0.000661240890622139, 0.0001765107735991478, 0.0010142624378204346, 0.0018520141020417213, 0.002689765766263008, 0.003527517430484295, 0.004365269094705582, 0.0052030207589268684, 0.006040772423148155, 0.006878524087369442, 0.007716275751590729, 0.008554027415812016, 0.009391779080033302, 0.010229530744254589, 0.011067282408475876, 0.011905034072697163, 0.01274278573691845, 0.013580537401139736, 0.014418289065361023, 0.01525604072958231, 0.016093792393803596, 0.016931544989347458, 0.01776929572224617, 0.018607046455144882, 0.019444799050688744, 0.020282551646232605, 0.021120302379131317, 0.02195805311203003, 0.02279580570757389, 0.023633558303117752, 0.024471309036016464, 0.025309059768915176, 0.026146812364459038]}, "gradients/conv2.0.weight": {"_type": "histogram", "values": [1.0, 0.0, 1.0, 0.0, 0.0, 1.0, 3.0, 3.0, 3.0, 3.0, 2.0, 3.0, 6.0, 4.0, 12710.0, 2.0, 6.0, 3.0, 4.0, 4.0, 5.0, 6.0, 3.0, 3.0, 4.0, 1.0, 1.0, 1.0, 1.0, 2.0, 0.0, 1.0, 0.0, 0.0, 0.0, 2.0, 2.0, 0.0, 0.0, 1.0, 0.0, 1.0, 1.0, 1.0, 0.0, 2.0, 0.0, 0.0, 0.0, 0.0, 0.0, 0.0, 0.0, 0.0, 0.0, 0.0, 0.0, 1.0, 0.0, 0.0, 0.0, 0.0, 1.0, 1.0], "bins": [-0.04805508255958557, -0.04471193253993988, -0.04136877879500389, -0.0380256287753582, -0.03468247503042221, -0.03133932501077652, -0.02799617499113083, -0.02465302310883999, -0.02130987122654915, -0.01796671934425831, -0.014623568393290043, -0.011280417442321777, -0.007937265560030937, -0.004594113677740097, -0.0012509636580944061, 0.002092188224196434, 0.005435340106487274, 0.008778491988778114, 0.01212164293974638, 0.015464793890714645, 0.018807945773005486, 0.022151097655296326, 0.025494247674942017, 0.028837399557232857, 0.0321805477142334, 0.03552369773387909, 0.03886685147881508, 0.04221000149846077, 0.04555315524339676, 0.04889630526304245, 0.05223945528268814, 0.05558260530233383, 0.05892576277256012, 0.06226891279220581, 0.0656120628118515, 0.06895521283149719, 0.07229837030172348, 0.07564152032136917, 0.07898467034101486, 0.08232782036066055, 0.08567097783088684, 0.08901412785053253, 0.09235727787017822, 0.09570042788982391, 0.0990435853600502, 0.10238673537969589, 0.10572988539934158, 0.10907303541898727, 0.11241618543863297, 0.11575933545827866, 0.11910248547792435, 0.12244564294815063, 0.12578879296779633, 0.12913194298744202, 0.1324750930070877, 0.1358182430267334, 0.1391613930463791, 0.14250454306602478, 0.14584769308567047, 0.14919084310531616, 0.15253399312496185, 0.15587714314460754, 0.15922030806541443, 0.16256345808506012, 0.1659066081047058]}, "gradients/conv2.0.bias": {"_type": "histogram", "values": [1.0, 0.0, 0.0, 0.0, 0.0, 0.0, 0.0, 0.0, 0.0, 0.0, 30.0, 0.0, 0.0, 0.0, 0.0, 0.0, 0.0, 0.0, 0.0, 0.0, 0.0, 0.0, 0.0, 0.0, 0.0, 0.0, 0.0, 0.0, 0.0, 0.0, 0.0, 0.0, 0.0, 0.0, 0.0, 0.0, 0.0, 0.0, 0.0, 0.0, 0.0, 0.0, 0.0, 0.0, 0.0, 0.0, 0.0, 0.0, 0.0, 0.0, 0.0, 0.0, 0.0, 0.0, 0.0, 0.0, 0.0, 0.0, 0.0, 0.0, 0.0, 0.0, 0.0, 1.0], "bins": [-0.05908051133155823, -0.05351874604821205, -0.04795697703957558, -0.0423952117562294, -0.036833442747592926, -0.03127167746424675, -0.025709912180900574, -0.0201481431722641, -0.014586377888917923, -0.009024610742926598, -0.003462844528257847, 0.002098921686410904, 0.007660688832402229, 0.013222455978393555, 0.01878422126173973, 0.024345990270376205, 0.02990775555372238, 0.03546952083706856, 0.04103128984570503, 0.04659305512905121, 0.05215482413768768, 0.05771658942103386, 0.06327835470438004, 0.06884012371301651, 0.07440188527107239, 0.07996365427970886, 0.08552541583776474, 0.09108718484640121, 0.09664895385503769, 0.10221071541309357, 0.10777248442173004, 0.11333425343036652, 0.11889602243900299, 0.12445779144763947, 0.13001956045627594, 0.13558131456375122, 0.1411430835723877, 0.14670485258102417, 0.15226662158966064, 0.15782839059829712, 0.1633901596069336, 0.16895192861557007, 0.17451369762420654, 0.18007546663284302, 0.1856372207403183, 0.19119898974895477, 0.19676075875759125, 0.20232252776622772, 0.207884281873703, 0.21344605088233948, 0.21900781989097595, 0.22456958889961243, 0.2301313430070877, 0.23569311201572418, 0.24125488102436066, 0.24681665003299713, 0.2523784339427948, 0.2579402029514313, 0.26350197196006775, 0.2690637409687042, 0.2746255099773407, 0.2801872789859772, 0.28574901819229126, 0.29131078720092773, 0.2968725562095642]}, "gradients/conv1.0.weight": {"_type": "histogram", "values": [1.0, 0.0, 0.0, 0.0, 0.0, 0.0, 0.0, 1.0, 0.0, 0.0, 0.0, 1.0, 0.0, 0.0, 0.0, 0.0, 0.0, 0.0, 0.0, 0.0, 0.0, 0.0, 0.0, 0.0, 0.0, 0.0, 0.0, 0.0, 1.0, 0.0, 0.0, 2.0, 0.0, 1.0, 0.0, 0.0, 0.0, 1.0, 0.0, 0.0, 0.0, 0.0, 2.0, 0.0, 0.0, 3.0, 0.0, 1.0, 1.0, 1.0, 1.0, 0.0, 3.0, 1.0, 5.0, 361.0, 7.0, 1.0, 0.0, 1.0, 3.0, 0.0, 0.0, 1.0],