{"loss": 0.11476083099842072, "_runtime": 69, "_timestamp": 1641463638, "_step": 3919, "gradients/out.bias": {"_type": "histogram", "values": [2.0, 0.0, 0.0, 1.0, 0.0, 0.0, 0.0, 0.0, 0.0, 0.0, 0.0, 0.0, 0.0, 0.0, 0.0, 0.0, 1.0, 0.0, 0.0, 0.0, 0.0, 0.0, 1.0, 0.0, 1.0, 0.0, 0.0, 0.0, 0.0, 0.0, 1.0, 0.0, 0.0, 1.0, 0.0, 0.0, 0.0, 0.0, 0.0, 0.0, 0.0, 0.0, 0.0, 0.0, 0.0, 0.0, 0.0, 0.0, 0.0, 0.0, 0.0, 1.0, 0.0, 0.0, 0.0, 0.0, 0.0, 0.0, 0.0, 0.0, 0.0, 0.0, 0.0, 1.0], "bins": [-0.007223576307296753, -0.006933038588613272, -0.0066425008699297905, -0.006351963616907597, -0.006061425898224115, -0.005770888179540634, -0.00548035092651844, -0.005189813207834959, -0.004899275489151478, -0.004608737770467997, -0.004318200051784515, -0.0040276627987623215, -0.0037371250800788403, -0.003446587361395359, -0.0031560498755425215, -0.002865512389689684, -0.0025749746710062027, -0.0022844369523227215, -0.001993899466469884, -0.0017033618642017245, -0.0014128242619335651, -0.0011222866596654058, -0.0008317490573972464, -0.0005412115715444088, -0.0002506738528609276, 3.986374940723181e-05, 0.0003304013516753912, 0.0006209389539435506, 0.00091147655621171, 0.0012020141584798694, 0.0014925517607480288, 0.0017830892466008663, 0.002073627896606922, 0.0023641656152904034, 0.002654703101143241, 0.0029452405869960785, 0.0032357783056795597, 0.003526316024363041, 0.0038168535102158785, 0.004107390996068716, 0.004397928714752197, 0.0046884664334356785, 0.00497900415211916, 0.005269541405141354, 0.005560079123824835, 0.005850616842508316, 0.00614115409553051, 0.006431691814213991, 0.006722229532897472, 0.007012767251580954, 0.007303304970264435, 0.007593842223286629, 0.007884379476308823, 0.008174917660653591, 0.008465454913675785, 0.008755993098020554, 0.009046530351042747, 0.009337067604064941, 0.00962760578840971, 0.009918143041431904, 0.010208681225776672, 0.010499218478798866, 0.01078975573182106, 0.011080292984843254, 0.011370831169188023]}, "gradients/out.weight": {"_type": "histogram", "values": [2.0, 2.0, 6.0, 3.0, 8.0, 4.0, 7.0, 8.0, 15.0, 15.0, 23.0, 19.0, 39.0, 41.0, 58.0, 89.0, 98.0, 126.0, 157.0, 186.0, 244.0, 296.0, 350.0, 432.0, 517.0, 816.0, 2034.0, 5605.0, 1506.0, 807.0, 502.0, 275.0, 224.0, 180.0, 121.0, 120.0, 92.0, 80.0, 93.0, 89.0, 61.0, 49.0, 58.0, 39.0, 44.0, 26.0, 22.0, 17.0, 9.0, 9.0, 17.0, 9.0, 11.0, 7.0, 5.0, 0.0, 2.0, 1.0, 1.0, 1.0, 1.0, 0.0, 0.0, 2.0], "bins": [-0.07216326147317886, -0.06952306628227234, -0.06688286364078522, -0.06424266844987869, -0.06160247325897217, -0.058962274342775345, -0.05632207542657852, -0.053681880235672, -0.051041681319475174, -0.04840148240327835, -0.045761287212371826, -0.043121088296175, -0.04048088937997818, -0.037840694189071655, -0.03520049527287483, -0.03256029635667801, -0.029920101165771484, -0.02727990411221981, -0.024639707058668137, -0.021999508142471313, -0.01935931108891964, -0.016719114035367966, -0.014078915119171143, -0.011438718065619469, -0.008798517286777496, -0.006158319767564535, -0.003518122248351574, -0.0008779242634773254, 0.0017622727900743484, 0.004402469843626022, 0.0070426687598228455, 0.00968286581337452, 0.012323066592216492, 0.014963263645768166, 0.01760346069931984, 0.020243659615516663, 0.022883856669068336, 0.02552405372262001, 0.028164252638816833, 0.030804449692368507, 0.03344464302062988, 0.036084841936826706, 0.03872503712773323, 0.041365236043930054, 0.04400543123483658, 0.0466456301510334, 0.049285829067230225, 0.05192602425813675, 0.05456622689962387, 0.057206425815820694, 0.05984662100672722, 0.06248681992292404, 0.06512701511383057, 0.06776721775531769, 0.07040741294622421, 0.07304760813713074, 0.07568781077861786, 0.07832800596952438, 0.0809682086110115, 0.08360840380191803, 0.08624859899282455, 0.08888879418373108, 0.0915289968252182, 0.09416919201612473, 0.09680938720703125]}, "gradients/conv2.0.weight": {"_type": "histogram", "values": [2.0, 0.0, 5.0, 2.0, 3.0, 3.0, 2.0, 3.0, 11.0, 10.0, 13.0, 18.0, 24.0, 29.0, 38.0, 57.0, 72.0, 85.0, 133.0, 160.0, 210.0, 247.0, 311.0, 384.0, 504.0, 604.0, 791.0, 882.0, 967.0, 1052.0, 1020.0, 932.0, 817.0, 692.0, 580.0, 442.0, 298.0, 221.0, 153.0, 133.0, 113.0, 105.0, 94.0, 92.0, 76.0, 75.0, 66.0, 52.0, 53.0, 29.0, 36.0, 25.0, 19.0, 12.0, 13.0, 5.0, 7.0, 8.0, 5.0, 1.0, 1.0, 0.0, 1.0, 2.0], "bins": [-0.012896163389086723, -0.01247419510036707, -0.012052226811647415, -0.011630258522927761, -0.011208290234208107, -0.010786322876811028, -0.010364354588091373, -0.00994238629937172, -0.009520418010652065, -0.009098449721932411, -0.008676481433212757, -0.008254513144493103, -0.007832545787096024, -0.007410577032715082, -0.006988609209656715, -0.006566640920937061, -0.006144672632217407, -0.005722704343497753, -0.005300736054778099, -0.004878768231719732, -0.004456799943000078, -0.004034831654280424, -0.0036128635983914137, -0.0031908955425024033, -0.002768927253782749, -0.002346958965063095, -0.0019249909091740847, -0.0015030227368697524, -0.0010810545645654202, -0.0006590862758457661, -0.00023711821995675564, 0.0001848498359322548, 0.0006068171933293343, 0.0010287853656336665, 0.0014507535379379988, 0.001872721710242331, 0.0022946898825466633, 0.0027166581712663174, 0.003138626227155328, 0.0035605942830443382, 0.003982562571763992, 0.004404530860483646, 0.0048264991492033005, 0.005248466972261667, 0.005670435260981321, 0.006092403549700975, 0.006514371372759342, 0.006936339661478996, 0.00735830795019865, 0.0077802762389183044, 0.008202244527637959, 0.008624212816357613, 0.009046180173754692, 0.00946814939379692, 0.009890116751194, 0.010312085039913654, 0.010734053328633308, 0.011156021617352962, 0.011577989906072617, 0.01199995819479227, 0.012421926483511925, 0.012843893840909004, 0.013265862129628658, 0.013687830418348312, 0.014109798707067966]}, "gradients/conv2.0.bias": {"_type": "histogram", "values": [2.0, 0.0, 0.0, 0.0, 0.0, 0.0, 0.0, 0.0, 0.0, 0.0, 1.0, 3.0, 0.0, 0.0, 1.0, 0.0, 0.0, 1.0, 1.0, 2.0, 0.0, 0.0, 2.0, 1.0, 1.0, 2.0, 1.0, 2.0, 0.0, 0.0, 2.0, 0.0, 0.0, 2.0, 0.0, 1.0, 2.0, 1.0, 0.0, 0.0, 0.0, 0.0, 0.0, 0.0, 0.0, 0.0, 0.0, 1.0, 0.0, 0.0, 0.0, 0.0, 0.0, 0.0, 0.0, 0.0, 1.0, 1.0, 0.0, 0.0, 0.0, 0.0, 0.0, 1.0], "bins": [-0.010685518383979797, -0.01031638402491808, -0.009947249665856361, -0.009578115306794643, -0.009208980947732925, -0.008839846588671207, -0.00847071222960949, -0.008101577870547771, -0.0077324435114860535, -0.0073633091524243355, -0.0069941747933626175, -0.0066250404343008995, -0.0062559060752391815, -0.0058867717161774635, -0.0055176373571157455, -0.0051485029980540276, -0.00477936863899231, -0.004410234279930592, -0.004041099920868874, -0.0036719655618071556, -0.0033028312027454376, -0.0029336968436837196, -0.0025645624846220016, -0.0021954281255602837, -0.0018262937664985657, -0.0014571594074368477, -0.0010880250483751297, -0.0007188906893134117, -0.0003497563302516937, 1.937802881002426e-05, 0.00038851238787174225, 0.0007576467469334602, 0.0011267811059951782, 0.0014959154650568962, 0.0018650498241186142, 0.002234184183180332, 0.00260331854224205, 0.002972452901303768, 0.003341587260365486, 0.003710721619427204, 0.004079855978488922, 0.00444899033755064, 0.004818124696612358, 0.005187259055674076, 0.005556393414735794, 0.005925527773797512, 0.00629466213285923, 0.006663796491920948, 0.007032930850982666, 0.007402065210044384, 0.007771199569106102, 0.00814033392816782, 0.008509468287229538, 0.008878602646291256, 0.009247737005352974, 0.009616871364414692, 0.00998600572347641, 0.010355140082538128, 0.010724274441599846, 0.011093408800661564, 0.011462543159723282, 0.011831677518785, 0.012200811877846718, 0.012569946236908436, 0.012939080595970154]}, "gradients/conv1.0.weight": {"_type": "histogram",