{"gradients/out.bias": {"_type": "histogram", "values": [1.0, 0.0, 0.0, 0.0, 0.0, 0.0, 0.0, 0.0, 0.0, 0.0, 0.0, 0.0, 0.0, 0.0, 0.0, 0.0, 0.0, 0.0, 0.0, 0.0, 0.0, 0.0, 0.0, 0.0, 0.0, 0.0, 0.0, 0.0, 0.0, 1.0, 0.0, 1.0, 2.0, 3.0, 0.0, 0.0, 0.0, 1.0, 0.0, 0.0, 0.0, 0.0, 0.0, 0.0, 0.0, 0.0, 0.0, 0.0, 0.0, 0.0, 0.0, 0.0, 0.0, 0.0, 0.0, 0.0, 0.0, 0.0, 0.0, 0.0, 0.0, 0.0, 0.0, 1.0], "bins": [-0.002263125032186508, -0.0021941366139799356, -0.002125148195773363, -0.0020561597775667906, -0.001987171359360218, -0.0019181829411536455, -0.0018491944065317512, -0.0017802059883251786, -0.001711217570118606, -0.0016422291519120336, -0.001573240733705461, -0.0015042523154988885, -0.0014352637808769941, -0.0013662753626704216, -0.001297286944463849, -0.0012282985262572765, -0.001159310108050704, -0.0010903216898441315, -0.001021333271637559, -0.0009523447952233255, -0.000883356377016753, -0.0008143679588101804, -0.000745379482395947, -0.0006763910641893744, -0.0006074026459828019, -0.0005384142277762294, -0.0004694257804658264, -0.0004004373331554234, -0.00033144891494885087, -0.00026246049674227834, -0.00019347204943187535, -0.00012448360212147236, -5.549495108425617e-05, 1.3493481674231589e-05, 8.248191443271935e-05, 0.0001514703471912071, 0.00022045877994969487, 0.0002894471981562674, 0.0003584356454666704, 0.0004274240927770734, 0.0004964125109836459, 0.0005654009291902184, 0.000634389347396791, 0.0007033778238110244, 0.000772366242017597, 0.0008413546602241695, 0.0009103431366384029, 0.0009793315548449755, 0.001048319973051548, 0.0011173083912581205, 0.001186296809464693, 0.0012552852276712656, 0.0013242736458778381, 0.0013932620640844107, 0.001462250598706305, 0.0015312390169128776, 0.00160022743511945, 0.0016692158533260226, 0.0017382042715325952, 0.0018071926897391677, 0.001876181224361062, 0.0019451696425676346, 0.002014158060774207, 0.0020831464789807796, 0.002152134897187352]}, "gradients/out.weight": {"_type": "histogram", "values": [3.0, 0.0, 0.0, 0.0, 0.0, 2.0, 1.0, 0.0, 0.0, 3.0, 2.0, 3.0, 2.0, 1.0, 4.0, 6.0, 3.0, 4.0, 11.0, 8.0, 3.0, 15.0, 8.0, 15.0, 18.0, 27.0, 31.0, 31.0, 39.0, 69.0, 81.0, 270.0, 13300.0, 1176.0, 184.0, 90.0, 46.0, 42.0, 34.0, 27.0, 26.0, 12.0, 11.0, 13.0, 6.0, 8.0, 10.0, 6.0, 4.0, 4.0, 4.0, 2.0, 1.0, 5.0, 3.0, 0.0, 0.0, 0.0, 2.0, 1.0, 0.0, 0.0, 0.0, 3.0], "bins": [-0.017951643094420433, -0.017405018210411072, -0.01685839332640171, -0.0163117665797472, -0.01576514169573784, -0.015218516811728477, -0.014671891927719116, -0.01412526611238718, -0.013578640297055244, -0.013032015413045883, -0.012485389597713947, -0.011938764713704586, -0.01139213889837265, -0.010845514014363289, -0.010298889130353928, -0.009752263315021992, -0.00920563843101263, -0.00865901354700327, -0.008112387731671333, -0.007565762847661972, -0.007019137032330036, -0.006472512148320675, -0.005925886798650026, -0.005379261448979378, -0.0048326365649700165, -0.004286011215299368, -0.0037393858656287193, -0.0031927607487887144, -0.002646135399118066, -0.0020995100494474173, -0.0015528849326074123, -0.0010062595829367638, -0.0004596337676048279, 8.699152385815978e-05, 0.0006336168153211474, 0.0011802420485764742, 0.0017268673982471228, 0.0022734927479177713, 0.0028201178647577763, 0.003366743214428425, 0.003913369029760361, 0.004459994379431009, 0.005006619729101658, 0.005553244613111019, 0.006099870428442955, 0.006646495312452316, 0.007193120662122965, 0.0077397460117936134, 0.008286370895802975, 0.008832995779812336, 0.009379621595144272, 0.009926246479153633, 0.010472872294485569, 0.01101949717849493, 0.011566122993826866, 0.012112747877836227, 0.012659372761845589, 0.01320599764585495, 0.013752623461186886, 0.014299248345196247, 0.014845874160528183, 0.015392499044537544, 0.015939123928546906, 0.016485750675201416, 0.017032375559210777]}, "gradients/conv2.0.weight": {"_type": "histogram", "values": [1.0, 0.0, 0.0, 1.0, 0.0, 0.0, 0.0, 1.0, 0.0, 1.0, 4.0, 1.0, 4.0, 2.0, 5.0, 15.0, 5.0, 13.0, 14.0, 21.0, 27.0, 45.0, 53.0, 67.0, 80.0, 123.0, 151.0, 193.0, 286.0, 388.0, 479.0, 637.0, 896.0, 1191.0, 2171.0, 2746.0, 1139.0, 595.0, 387.0, 237.0, 199.0, 156.0, 109.0, 82.0, 60.0, 51.0, 31.0, 32.0, 23.0, 12.0, 13.0, 18.0, 8.0, 9.0, 4.0, 5.0, 2.0, 2.0, 2.0, 0.0, 1.0, 0.0, 0.0, 2.0], "bins": [-0.006758642848581076, -0.00656697154045105, -0.006375300232321024, -0.006183628924190998, -0.005991957150399685, -0.005800285842269659, -0.005608614534139633, -0.005416943226009607, -0.0052252719178795815, -0.005033600609749556, -0.00484192930161953, -0.004650257993489504, -0.004458586685359478, -0.004266914911568165, -0.004075243603438139, -0.003883572295308113, -0.0036919009871780872, -0.0035002296790480614, -0.0033085583709180355, -0.003116886829957366, -0.00292521552182734, -0.0027335442136973143, -0.0025418726727366447, -0.002350201364606619, -0.002158530056476593, -0.001966858748346567, -0.0017751873238012195, -0.0015835158992558718, -0.001391844591125846, -0.00120017328299582, -0.0010085018584504724, -0.0008168304339051247, -0.0006251595914363861, -0.00043348822509869933, -0.00024181685876101255, -5.014549242332578e-05, 0.000141525873914361, 0.0003331972402520478, 0.0005248686065897346, 0.0007165400311350822, 0.0009082113392651081, 0.001099882647395134, 0.0012915540719404817, 0.0014832254964858294, 0.0016748968046158552, 0.001866568112745881, 0.0020582396537065506, 0.0022499109618365765, 0.0024415822699666023, 0.002633253578096628, 0.002824924886226654, 0.0030165964271873236, 0.0032082677353173494, 0.0033999390434473753, 0.003591610584408045, 0.0037832818925380707, 0.0039749532006680965, 0.004166624508798122, 0.004358295816928148, 0.004549967125058174, 0.004741638898849487, 0.004933310206979513, 0.005124981515109539, 0.005316652823239565, 0.005508324131369591]}, "gradients/conv2.0.bias": {"_type": "histogram", "values": [1.0, 0.0, 1.0, 0.0, 0.0, 0.0, 0.0, 0.0, 0.0, 1.0, 1.0, 0.0, 1.0, 0.0, 0.0, 1.0, 0.0, 1.0, 0.0, 0.0, 0.0, 0.0, 0.0, 0.0, 0.0, 0.0, 0.0, 0.0, 1.0, 2.0, 2.0, 1.0, 1.0, 2.0, 0.0, 1.0, 1.0, 1.0, 1.0, 2.0, 2.0, 0.0, 1.0, 1.0, 0.0, 1.0, 2.0, 0.0, 0.0, 0.0, 0.0, 0.0, 0.0, 0.0, 0.0, 0.0, 1.0, 0.0, 0.0, 0.0, 1.0, 0.0, 0.0, 1.0], "bins": [-0.0025392193347215652, -0.002473462140187621, -0.002407704945653677, -0.002341947751119733, -0.0022761905565857887, -0.0022104333620518446, -0.0021446761675179005, -0.0020789189729839563, -0.002013161778450012, -0.001947404583916068, -0.001881647389382124, -0.0018158901948481798, -0.0017501330003142357, -0.0016843758057802916, -0.0016186186112463474, -0.0015528614167124033, -0.0014871042221784592, -0.001421347027644515, -0.001355589833110571, -0.0012898326385766268, -0.0012240754440426826, -0.0011583182495087385, -0.0010925610549747944, -0.0010268038604408503, -0.0009610466659069061, -0.000895289471372962, -0.0008295322768390179, -0.0007637750823050737, -0.0006980178877711296, -0.0006322606932371855, -0.0005665034987032413, -0.0005007463041692972, -0.0004349891096353531, -0.00036923191510140896, -0.00030347472056746483, -0.0002377175260335207, -0.00017196033149957657, -0.00010620313696563244, -4.044594243168831e-05, 2.531125210225582e-05, 9.106844663619995e-05, 0.00015682564117014408, 0.0002225828357040882, 0.00028834003023803234, 0.00035409722477197647, 0.0004198544193059206, 0.00048561161383986473, 0.0005513688083738089, 0.000617126002907753, 0.0006828831974416971, 0.0007486403919756413, 0.0008143975865095854, 0.0008801547810435295, 0.0009459119755774736, 0.0010116691701114178, 0.001077426364645362, 0.001143183559179306, 0.0012089407537132502, 0.0012746979482471943, 0.0013404551427811384, 0.0014062123373150826, 0.0014719695318490267, 0.0015377267263829708, 0.001603483920916915, 0.001669241115450859]}, "gradients/conv1.0.weight": {"_type": "histogram",