{"gradients/out.bias": {"_type": "histogram", "values": [2.0, 0.0, 0.0, 0.0, 0.0, 0.0, 0.0, 0.0, 0.0, 0.0, 0.0, 0.0, 0.0, 0.0, 0.0, 0.0, 0.0, 0.0, 0.0, 0.0, 0.0, 0.0, 0.0, 0.0, 0.0, 0.0, 0.0, 0.0, 1.0, 0.0, 0.0, 2.0, 1.0, 0.0, 0.0, 1.0, 0.0, 1.0, 0.0, 0.0, 0.0, 0.0, 0.0, 0.0, 0.0, 0.0, 0.0, 0.0, 0.0, 0.0, 0.0, 0.0, 0.0, 0.0, 0.0, 0.0, 0.0, 1.0, 0.0, 0.0, 0.0, 0.0, 0.0, 1.0], "bins": [-0.005441820714622736, -0.005270395893603563, -0.005098971538245678, -0.004927546717226505, -0.004756121896207333, -0.00458469707518816, -0.004413272719830275, -0.004241847898811102, -0.0040704235434532166, -0.0038989989552646875, -0.003727574134245515, -0.003556149546056986, -0.003384724725037813, -0.003213300136849284, -0.003041875548660755, -0.0028704507276415825, -0.00269902590662241, -0.002527601318433881, -0.002356176497414708, -0.002184751909226179, -0.0020133270882070065, -0.0018419025000184774, -0.0016704779118299484, -0.0014990532072260976, -0.0013276287354528904, -0.0011562040308490396, -0.0009847793262451887, -0.0008133547380566597, -0.0006419300334528089, -0.000470505328848958, -0.000299080740660429, -0.00012765603605657816, 4.3769367039203644e-05, 0.00021519404253922403, 0.0003866187180392444, 0.0005580433644354343, 0.0007294680690392852, 0.000900892773643136, 0.001072317361831665, 0.0012437420664355159, 0.0014151670038700104, 0.0015865917084738612, 0.001758016413077712, 0.001929441001266241, 0.0021008658222854137, 0.0022722904104739428, 0.0024437149986624718, 0.0026151398196816444, 0.00278656417503953, 0.002957988763228059, 0.0031294135842472315, 0.0033008381724357605, 0.003472262993454933, 0.003643687581643462, 0.003815112169831991, 0.003986536990851164, 0.004157961346209049, 0.004329386167228222, 0.004500810522586107, 0.00467223534360528, 0.004843660164624453, 0.005015084519982338, 0.005186509341001511, 0.005357934162020683, 0.005529358983039856]}, "gradients/out.weight": {"_type": "histogram", "values": [1.0, 0.0, 0.0, 0.0, 1.0, 2.0, 5.0, 0.0, 2.0, 2.0, 3.0, 6.0, 1.0, 3.0, 4.0, 8.0, 10.0, 11.0, 7.0, 17.0, 23.0, 23.0, 26.0, 36.0, 36.0, 48.0, 62.0, 67.0, 85.0, 109.0, 139.0, 228.0, 502.0, 12579.0, 675.0, 280.0, 150.0, 113.0, 78.0, 59.0, 52.0, 42.0, 35.0, 31.0, 21.0, 24.0, 16.0, 15.0, 9.0, 4.0, 5.0, 5.0, 1.0, 5.0, 2.0, 4.0, 2.0, 1.0, 1.0, 2.0, 1.0, 0.0, 0.0, 1.0], "bins": [-0.05406121909618378, -0.052442338317632675, -0.050823453813791275, -0.04920457303524017, -0.04758569225668907, -0.04596681147813797, -0.04434792697429657, -0.04272904619574547, -0.041110165417194366, -0.039491284638643265, -0.037872400134801865, -0.03625351935625076, -0.03463463857769966, -0.03301575779914856, -0.03139687329530716, -0.029777992516756058, -0.028159108012914658, -0.026540225371718407, -0.024921344593167305, -0.023302461951971054, -0.021683581173419952, -0.0200646985322237, -0.01844581589102745, -0.01682693511247635, -0.015208050608634949, -0.013589168898761272, -0.011970287188887596, -0.010351404547691345, -0.008732522837817669, -0.007113641127943993, -0.005494758486747742, -0.0038758767768740654, -0.002257000654935837, -0.0006381187122315168, 0.0009807632304728031, 0.0025996454060077667, 0.004218527115881443, 0.005837408825755119, 0.00745629146695137, 0.009075173176825047, 0.010694053024053574, 0.01231293473392725, 0.013931816443800926, 0.015550699084997177, 0.01716957986354828, 0.01878846250474453, 0.02040734514594078, 0.022026225924491882, 0.023645110428333282, 0.025263993069529533, 0.026882873848080635, 0.028501756489276886, 0.030120637267827988, 0.03173951804637909, 0.03335840255022049, 0.03497728332877159, 0.03659616410732269, 0.038215044885873795, 0.039833929389715195, 0.041452810168266296, 0.0430716909468174, 0.0446905717253685, 0.0463094562292099, 0.047928337007761, 0.0495472215116024]}, "gradients/conv2.0.weight": {"_type": "histogram", "values": [2.0, 0.0, 0.0, 0.0, 0.0, 1.0, 0.0, 2.0, 0.0, 3.0, 1.0, 3.0, 6.0, 5.0, 11.0, 3.0, 18.0, 17.0, 20.0, 22.0, 36.0, 27.0, 47.0, 76.0, 75.0, 121.0, 138.0, 169.0, 229.0, 283.0, 376.0, 463.0, 610.0, 779.0, 968.0, 1400.0, 2634.0, 1210.0, 788.0, 552.0, 395.0, 257.0, 208.0, 170.0, 134.0, 97.0, 103.0, 69.0, 50.0, 43.0, 41.0, 33.0, 22.0, 23.0, 11.0, 8.0, 12.0, 9.0, 4.0, 4.0, 5.0, 4.0, 1.0, 2.0], "bins": [-0.022097265347838402, -0.021489690989255905, -0.02088211663067341, -0.020274542272090912, -0.019666967913508415, -0.01905939355492592, -0.018451819196343422, -0.017844244837760925, -0.017236672341823578, -0.01662909798324108, -0.016021523624658585, -0.015413949266076088, -0.014806374907493591, -0.014198800548911095, -0.013591227121651173, -0.012983652763068676, -0.012376077473163605, -0.011768503114581108, -0.011160928755998611, -0.010553354397416115, -0.009945780038833618, -0.009338205680251122, -0.0087306322529912, -0.008123057894408703, -0.007515483535826206, -0.0069079091772437096, -0.006300334818661213, -0.005692760925740004, -0.005085186567157507, -0.00447761220857501, -0.0038700380828231573, -0.0032624639570713043, -0.002654891461133957, -0.0020473171025514603, -0.0014397429767996073, -0.0008321687346324325, -0.00022459449246525764, 0.000382979866117239, 0.000990553991869092, 0.001598128117620945, 0.0022057024762034416, 0.0028132768347859383, 0.0034208509605377913, 0.004028425086289644, 0.004635999444872141, 0.0052435738034546375, 0.005851147696375847, 0.0064587220549583435, 0.00706629641354084, 0.007673870772123337, 0.008281445130705833, 0.00888901948928833, 0.009496593847870827, 0.010104168206453323, 0.010711741633713245, 0.011319315992295742, 0.011926890350878239, 0.012534464709460735, 0.013142039068043232, 0.013749613426625729, 0.01435718685388565, 0.014964761212468147, 0.015572335571050644, 0.01617990992963314, 0.016787484288215637]}, "gradients/conv2.0.bias": {"_type": "histogram", "values": [1.0, 0.0, 0.0, 0.0, 0.0, 0.0, 0.0, 0.0, 0.0, 1.0, 0.0, 0.0, 1.0, 0.0, 0.0, 0.0, 0.0, 0.0, 0.0, 1.0, 0.0, 0.0, 1.0, 0.0, 1.0, 2.0, 0.0, 0.0, 1.0, 5.0, 0.0, 1.0, 2.0, 0.0, 2.0, 2.0, 0.0, 1.0, 2.0, 1.0, 1.0, 2.0, 1.0, 1.0, 0.0, 0.0, 0.0, 0.0, 1.0, 0.0, 0.0, 0.0, 0.0, 0.0, 0.0, 0.0, 0.0, 0.0, 0.0, 0.0, 0.0, 0.0, 0.0, 1.0], "bins": [-0.0075960420072078705, -0.007355834357440472, -0.007115626707673073, -0.006875419057905674, -0.006635211408138275, -0.006395003758370876, -0.00615479564294219, -0.005914587993174791, -0.0056743803434073925, -0.005434172693639994, -0.005193965043872595, -0.004953757394105196, -0.00471354927867651, -0.004473341628909111, -0.004233133979141712, -0.003992926329374313, -0.0037527186796069145, -0.0035125110298395157, -0.003272303380072117, -0.0030320954974740744, -0.0027918878477066755, -0.0025516801979392767, -0.002311472315341234, -0.0020712646655738354, -0.0018310570158064365, -0.0015908493660390377, -0.001350641599856317, -0.0011104338336735964, -0.0008702261839061975, -0.0006300185341387987, -0.00038981076795607805, -0.0001496030017733574, 9.060511365532875e-05, 0.0003308128216303885, 0.0005710205296054482, 0.000811228237580508, 0.0010514359455555677, 0.0012916435953229666, 0.0015318513615056872, 0.001772059127688408, 0.0020122667774558067, 0.0022524744272232056, 0.0024926820769906044, 0.002732889959588647, 0.0029730976093560457, 0.0032133052591234446, 0.003453513141721487, 0.003693720791488886, 0.003933928441256285, 0.0041741360910236835, 0.004414343740791082, 0.004654551390558481, 0.004894759505987167, 0.005134967155754566, 0.005375174805521965, 0.005615382455289364, 0.005855590105056763, 0.0060957977548241615, 0.00633600540459156, 0.006576213054358959, 0.006816420704126358, 0.007056628353893757, 0.007296836469322443, 0.007537044119089842, 0.007777251768857241]}, "gradients/conv1.0.weight": {"_type": "histogram", "values": [1.0, 3.0, 0.0, 0.0, 0.0, 1.0, 0.0, 1.0, 1.0, 0.0, 0.0, 2.0, 2.0, 2.0, 3.0, 1.0, 4.0, 8.0, 5.0, 11.0, 15.0, 9.0, 8.0, 15.0, 11.0, 17.0, 17.0, 18.0, 27.0, 24.0, 17.0, 18.0, 13.0, 17.0, 17.0, 16.0, 12.0, 17.0, 16.0, 8.0, 8.0, 7.0, 6.0, 2.0, 7.0, 1.0, 1.0, 3.0, 3.0, 1.0, 0.0, 1.0, 0.0, 0.0, 0.0, 0.0, 0.0, 1.0, 0.0, 1.0, 0.0, 0.0, 0.0, 1.0],