{"gradients/out.bias": {"_type": "histogram", "values": [1.0, 0.0, 0.0, 0.0, 0.0, 0.0, 0.0, 0.0, 0.0, 0.0, 0.0, 0.0, 0.0, 0.0, 0.0, 0.0, 0.0, 0.0, 0.0, 0.0, 0.0, 0.0, 0.0, 0.0, 0.0, 0.0, 1.0, 0.0, 0.0, 0.0, 7.0, 0.0, 0.0, 0.0, 0.0, 0.0, 0.0, 0.0, 0.0, 0.0, 0.0, 0.0, 0.0, 0.0, 0.0, 0.0, 0.0, 0.0, 0.0, 0.0, 0.0, 0.0, 0.0, 0.0, 0.0, 0.0, 0.0, 0.0, 0.0, 0.0, 0.0, 0.0, 0.0, 1.0], "bins": [-0.013946686871349812, -0.013487095013260841, -0.013027503155171871, -0.012567911297082901, -0.01210831943899393, -0.01164872758090496, -0.01118913572281599, -0.01072954386472702, -0.01026995200663805, -0.00981036014854908, -0.00935076829046011, -0.00889117643237114, -0.00843158457428217, -0.0079719927161932, -0.007512400858104229, -0.007052809000015259, -0.006593217141926289, -0.006133625283837318, -0.005674033425748348, -0.005214441567659378, -0.004754849709570408, -0.004295257851481438, -0.0038356659933924675, -0.0033760741353034973, -0.002916482277214527, -0.002456890419125557, -0.0019972985610365868, -0.0015377067029476166, -0.0010781148448586464, -0.0006185229867696762, -0.00015893112868070602, 0.00030066072940826416, 0.000760253518819809, 0.0012198453769087791, 0.0016794372349977493, 0.0021390290930867195, 0.0025986209511756897, 0.00305821280926466, 0.00351780466735363, 0.0039773965254426, 0.0044369883835315704, 0.004896580241620541, 0.005356172099709511, 0.005815763957798481, 0.006275355815887451, 0.006734947673976421, 0.0071945395320653915, 0.007654131390154362, 0.008113723248243332, 0.008573315106332302, 0.009032906964421272, 0.009492498822510242, 0.009952090680599213, 0.010411682538688183, 0.010871274396777153, 0.011330866254866123, 0.011790458112955093, 0.012250049971044064, 0.012709641829133034, 0.013169233687222004, 0.013628825545310974, 0.014088417403399944, 0.014548009261488914, 0.015007601119577885, 0.015467192977666855]}, "gradients/out.weight": {"_type": "histogram", "values": [1.0, 0.0, 0.0, 0.0, 0.0, 0.0, 1.0, 0.0, 1.0, 1.0, 0.0, 0.0, 4.0, 1.0, 3.0, 2.0, 3.0, 4.0, 2.0, 5.0, 4.0, 2.0, 3.0, 7.0, 6.0, 5.0, 12.0, 15.0, 24.0, 37.0, 63.0, 14880.0, 403.0, 66.0, 23.0, 19.0, 14.0, 13.0, 6.0, 6.0, 6.0, 4.0, 2.0, 4.0, 4.0, 3.0, 4.0, 3.0, 2.0, 3.0, 1.0, 3.0, 1.0, 0.0, 1.0, 1.0, 0.0, 1.0, 0.0, 0.0, 0.0, 0.0, 0.0, 1.0], "bins": [-0.10351096093654633, -0.10027490556240082, -0.09703885018825531, -0.0938027948141098, -0.0905667394399643, -0.08733068406581879, -0.08409462869167328, -0.08085857331752777, -0.07762251794338226, -0.07438646256923676, -0.07115040719509125, -0.06791435182094574, -0.06467829644680023, -0.061442241072654724, -0.058206189423799515, -0.05497013404965401, -0.0517340824007988, -0.04849802702665329, -0.04526197165250778, -0.042025916278362274, -0.038789860904216766, -0.03555380553007126, -0.03231775388121605, -0.02908169850707054, -0.025845646858215332, -0.022609591484069824, -0.019373536109924316, -0.016137482598423958, -0.01290142722427845, -0.009665371850132942, -0.006429318338632584, -0.003193262964487076, 4.2788684368133545e-05, 0.003278843592852354, 0.0065148985013365746, 0.009750952944159508, 0.012987008318305016, 0.016223063692450523, 0.019459117203950882, 0.02269517257809639, 0.025931231677532196, 0.029167287051677704, 0.03240334242582321, 0.03563939779996872, 0.03887545317411423, 0.042111508548259735, 0.045347560197114944, 0.04858361557126045, 0.05181966722011566, 0.05505572259426117, 0.05829177796840668, 0.061527833342552185, 0.06476388871669769, 0.0679999440908432, 0.07123599946498871, 0.07447205483913422, 0.07770811021327972, 0.08094416558742523, 0.08418022096157074, 0.08741627633571625, 0.09065233170986176, 0.09388838708400726, 0.09712444245815277, 0.10036049783229828, 0.10359654575586319]}, "gradients/conv2.0.weight": {"_type": "histogram", "values": [1.0, 0.0, 0.0, 0.0, 0.0, 0.0, 1.0, 3.0, 0.0, 3.0, 0.0, 1.0, 0.0, 1.0, 1.0, 4.0, 1.0, 2.0, 6.0, 10.0, 8.0, 16.0, 22.0, 39.0, 51.0, 67.0, 122.0, 196.0, 480.0, 1649.0, 8715.0, 554.0, 294.0, 172.0, 116.0, 71.0, 48.0, 31.0, 27.0, 24.0, 22.0, 6.0, 8.0, 3.0, 4.0, 7.0, 2.0, 0.0, 2.0, 3.0, 0.0, 2.0, 3.0, 0.0, 1.0, 0.0, 0.0, 0.0, 0.0, 0.0, 0.0, 0.0, 0.0, 1.0], "bins": [-0.05672920495271683, -0.054844632744789124, -0.05296006053686142, -0.051075488328933716, -0.04919091612100601, -0.04730634391307831, -0.045421771705150604, -0.0435371994972229, -0.0416526272892952, -0.03976805508136749, -0.03788348287343979, -0.035998910665512085, -0.03411433845758438, -0.03222976624965668, -0.030345194041728973, -0.02846062183380127, -0.026576047763228416, -0.024691475555300713, -0.02280690334737301, -0.020922331139445305, -0.0190377589315176, -0.017153184860944748, -0.015268613584339619, -0.013384041376411915, -0.011499468237161636, -0.009614896029233932, -0.007730323821306229, -0.0058457511477172375, -0.003961178939789534, -0.0020766062662005424, -0.0001920340582728386, 0.0016925381496548653, 0.0035771094262599945, 0.005461681634187698, 0.007346253842115402, 0.009230826050043106, 0.01111539825797081, 0.012999971397221088, 0.014884543605148792, 0.01676911488175392, 0.018653687089681625, 0.02053825929760933, 0.022422831505537033, 0.024307403713464737, 0.02619197592139244, 0.028076548129320145, 0.02996112033724785, 0.03184569254517555, 0.033730268478393555, 0.03561484068632126, 0.03749941289424896, 0.039383985102176666, 0.04126855731010437, 0.043153129518032074, 0.04503770172595978, 0.04692227393388748, 0.048806846141815186, 0.05069141834974289, 0.05257599055767059, 0.0544605627655983, 0.056345134973526, 0.058229707181453705, 0.06011427938938141, 0.06199885159730911, 0.06388342380523682]}, "gradients/conv2.0.bias": {"_type": "histogram", "values": [1.0, 0.0, 0.0, 1.0, 0.0, 0.0, 0.0, 0.0, 0.0, 0.0, 0.0, 0.0, 0.0, 0.0, 0.0, 0.0, 0.0, 0.0, 1.0, 2.0, 1.0, 0.0, 0.0, 1.0, 1.0, 1.0, 1.0, 0.0, 1.0, 2.0, 1.0, 2.0, 5.0, 2.0, 0.0, 1.0, 1.0, 1.0, 0.0, 1.0, 0.0, 1.0, 0.0, 0.0, 0.0, 0.0, 0.0, 1.0, 0.0, 0.0, 0.0, 0.0, 0.0, 0.0, 0.0, 0.0, 1.0, 0.0, 0.0, 1.0, 0.0, 0.0, 0.0, 1.0], "bins": [-0.04367830976843834, -0.04232429340481758, -0.04097028076648712, -0.039616264402866364, -0.038262251764535904, -0.036908235400915146, -0.035554222762584686, -0.03420020639896393, -0.03284619376063347, -0.03149217739701271, -0.03013816475868225, -0.028784150257706642, -0.027430135756731033, -0.026076121255755424, -0.024722106754779816, -0.023368090391159058, -0.02201407589018345, -0.02066006138920784, -0.01930604688823223, -0.017952032387256622, -0.016598017886281013, -0.015244003385305405, -0.013889987953007221, -0.012535973452031612, -0.011181958019733429, -0.00982794351875782, -0.008473929017782211, -0.007119914051145315, -0.005765899550169706, -0.0044118850491940975, -0.0030578700825572014, -0.0017038555815815926, -0.00034984201192855835, 0.0010041726054623723, 0.002358187222853303, 0.0037122019566595554, 0.005066216457635164, 0.006420230958610773, 0.007774245925247669, 0.009128260426223278, 0.010482273995876312, 0.011836288496851921, 0.01319030299782753, 0.014544317498803139, 0.015898331999778748, 0.017252346500754356, 0.018606361001729965, 0.019960377365350723, 0.021314391866326332, 0.02266840636730194, 0.02402242086827755, 0.02537643536925316, 0.026730449870228767, 0.028084464371204376, 0.029438480734825134, 0.030792493373155594, 0.03214650973677635, 0.03350052610039711, 0.03485453873872757, 0.03620855510234833, 0.03756256774067879, 0.038916584104299545, 0.040270596742630005, 0.04162461310625076, 0.04297862574458122]}, "gradients/conv1.0.weight": {"_type": "histogram", "values": [1.0, 0.0, 0.0, 2.0, 1.0, 1.0, 0.0, 0.0, 1.0, 4.0, 1.0, 1.0, 6.0, 7.0, 7.0, 9.0, 10.0, 6.0, 7.0, 5.0, 12.0, 18.0, 22.0, 19.0, 29.0, 53.0, 58.0, 21.0, 12.0, 5.0, 5.0, 10.0, 6.0, 4.0, 4.0, 6.0, 1.0, 2.0, 6.0, 5.0, 3.0, 5.0, 6.0, 2.0, 3.0, 2.0, 1.0, 1.0, 1.0, 1.0, 3.0, 1.0, 0.0, 0.0, 2.0, 0.0, 0.0, 0.0, 1.0, 0.0, 0.0, 0.0, 0.0, 1.0],