{"gradients/out.bias": {"_type": "histogram", "values": [1.0, 0.0, 0.0, 0.0, 0.0, 0.0, 0.0, 0.0, 0.0, 0.0, 0.0, 0.0, 0.0, 0.0, 0.0, 0.0, 0.0, 0.0, 0.0, 0.0, 0.0, 0.0, 0.0, 0.0, 0.0, 0.0, 0.0, 0.0, 0.0, 0.0, 0.0, 0.0, 0.0, 0.0, 0.0, 0.0, 1.0, 2.0, 3.0, 0.0, 0.0, 0.0, 1.0, 0.0, 0.0, 0.0, 0.0, 0.0, 0.0, 0.0, 0.0, 0.0, 1.0, 0.0, 0.0, 0.0, 0.0, 0.0, 0.0, 0.0, 0.0, 0.0, 0.0, 1.0], "bins": [-0.0009490372030995786, -0.0009244512766599655, -0.0008998652920126915, -0.0008752793655730784, -0.0008506933809258044, -0.0008261074544861913, -0.0008015214698389173, -0.0007769355433993042, -0.000752349616959691, -0.0007277636905200779, -0.0007031777058728039, -0.0006785917794331908, -0.0006540057947859168, -0.0006294198683463037, -0.0006048339419066906, -0.0005802479572594166, -0.0005556619726121426, -0.0005310760461725295, -0.0005064900615252554, -0.00048190413508564234, -0.0004573181795421988, -0.0004327322239987552, -0.00040814626845531166, -0.0003835603129118681, -0.000358974386472255, -0.00033438843092881143, -0.00030980247538536787, -0.00028521654894575477, -0.0002606305934023112, -0.00023604463785886765, -0.00021145868231542408, -0.00018687274132389575, -0.00016228680033236742, -0.00013770084478892386, -0.00011311490379739553, -8.852894825395197e-05, -6.394299998646602e-05, -3.9357051718980074e-05, -1.4771096175536513e-05, 9.814844815991819e-06, 3.440078580752015e-05, 5.89867340750061e-05, 8.357268234249204e-05, 0.0001081586378859356, 0.00013274457887746394, 0.0001573305344209075, 0.00018191648996435106, 0.0002065024309558794, 0.00023108840105123818, 0.00025567435659468174, 0.0002802603121381253, 0.00030484626768156886, 0.00032943219412118196, 0.0003540181496646255, 0.0003786041052080691, 0.0004031900316476822, 0.0004277760162949562, 0.00045236197183839977, 0.00047694792738184333, 0.0005015338538214564, 0.0005261198384687304, 0.0005507057649083436, 0.0005752916913479567, 0.0005998776759952307, 0.0006244636024348438]}, "gradients/out.weight": {"_type": "histogram", "values": [2.0, 0.0, 1.0, 0.0, 0.0, 0.0, 2.0, 1.0, 1.0, 2.0, 1.0, 0.0, 2.0, 5.0, 3.0, 3.0, 4.0, 7.0, 8.0, 15.0, 13.0, 12.0, 17.0, 21.0, 27.0, 22.0, 34.0, 31.0, 39.0, 44.0, 68.0, 119.0, 235.0, 2154.0, 11860.0, 323.0, 173.0, 99.0, 77.0, 50.0, 34.0, 35.0, 23.0, 26.0, 15.0, 15.0, 11.0, 11.0, 9.0, 6.0, 6.0, 2.0, 1.0, 2.0, 1.0, 1.0, 3.0, 2.0, 1.0, 0.0, 0.0, 0.0, 0.0, 1.0], "bins": [-0.007551224902272224, -0.0073292870074510574, -0.007107349578291178, -0.006885411683470011, -0.006663473788648844, -0.006441536359488964, -0.006219598464667797, -0.00599766056984663, -0.005775722675025463, -0.005553784780204296, -0.005331847351044416, -0.0051099094562232494, -0.0048879715614020824, -0.004666034132242203, -0.004444096237421036, -0.004222158342599869, -0.004000220913439989, -0.0037782832514494658, -0.0035563453566282988, -0.0033344076946377754, -0.0031124697998166084, -0.002890532137826085, -0.0026685944758355618, -0.0024466565810143948, -0.002224719151854515, -0.0020027814898639917, -0.0017808435950428247, -0.0015589059330523014, -0.0013369681546464562, -0.001115030376240611, -0.0008930927142500877, -0.0006711549358442426, -0.00044921692460775375, -0.00022727917530573905, -5.341426003724337e-06, 0.00021659629419445992, 0.0004385340726003051, 0.0006604718510061502, 0.0008824095129966736, 0.0011043472914025187, 0.0013262853026390076, 0.0015482230810448527, 0.001770160859450698, 0.0019920985214412212, 0.0022140364162623882, 0.0024359740782529116, 0.002657911740243435, 0.002879849635064602, 0.0031017870642244816, 0.003323724726215005, 0.003545662621036172, 0.0037676002830266953, 0.003989538177847862, 0.004211476072669029, 0.004433413501828909, 0.004655351396650076, 0.004877288825809956, 0.005099226720631123, 0.005321164149791002, 0.005543102044612169, 0.005765039939433336, 0.005986977368593216, 0.006208915263414383, 0.00643085315823555, 0.006652791053056717]}, "gradients/conv2.0.weight": {"_type": "histogram", "values": [1.0, 0.0, 1.0, 0.0, 0.0, 0.0, 0.0, 3.0, 1.0, 4.0, 5.0, 6.0, 12.0, 6.0, 11.0, 20.0, 18.0, 32.0, 38.0, 41.0, 53.0, 52.0, 73.0, 111.0, 140.0, 180.0, 221.0, 292.0, 414.0, 608.0, 873.0, 1379.0, 3965.0, 1286.0, 854.0, 561.0, 399.0, 299.0, 216.0, 158.0, 106.0, 84.0, 73.0, 30.0, 39.0, 30.0, 34.0, 17.0, 11.0, 9.0, 5.0, 7.0, 5.0, 7.0, 5.0, 1.0, 1.0, 1.0, 0.0, 0.0, 1.0, 0.0, 0.0, 1.0], "bins": [-0.0021849931217730045, -0.002118031494319439, -0.002051070099696517, -0.0019841084722429514, -0.0019171468447893858, -0.001850185333751142, -0.0017832238227128983, -0.0017162621952593327, -0.0016493006842210889, -0.0015823391731828451, -0.0015153775457292795, -0.0014484160346910357, -0.001381454523652792, -0.0013144928961992264, -0.0012475313851609826, -0.0011805698741227388, -0.0011136082466691732, -0.0010466467356309295, -0.0009796851081773639, -0.0009127235971391201, -0.0008457620278932154, -0.0007788004586473107, -0.000711838947609067, -0.0006448773783631623, -0.0005779158091172576, -0.0005109542398713529, -0.0004439926997292787, -0.00037703115958720446, -0.00031006959034129977, -0.0002431080210953951, -0.00017614648095332086, -0.00010918494081124663, -4.222337156534195e-05, 2.4738183128647506e-05, 9.169973782263696e-05, 0.00015866129251662642, 0.00022562284721061587, 0.00029258441645652056, 0.0003595459565985948, 0.000426507496740669, 0.0004934690659865737, 0.0005604306352324784, 0.0006273922044783831, 0.0006943537155166268, 0.0007613152847625315, 0.0008282768540084362, 0.00089523836504668, 0.0009621999342925847, 0.0010291615035384893, 0.0010961230145767331, 0.0011630846420302987, 0.0012300461530685425, 0.001297007780522108, 0.0013639692915603518, 0.0014309308025985956, 0.0014978924300521612, 0.001564853941090405, 0.0016318154521286488, 0.0016987770795822144, 0.0017657385906204581, 0.001832700101658702, 0.0018996617291122675, 0.001966623356565833, 0.002033584751188755, 0.0021005463786423206]}, "gradients/conv2.0.bias": {"_type": "histogram", "values": [1.0, 0.0, 0.0, 1.0, 0.0, 0.0, 0.0, 1.0, 0.0, 0.0, 0.0, 2.0, 1.0, 0.0, 1.0, 0.0, 0.0, 0.0, 1.0, 2.0, 0.0, 0.0, 0.0, 1.0, 0.0, 0.0, 1.0, 1.0, 1.0, 1.0, 0.0, 1.0, 0.0, 0.0, 0.0, 2.0, 1.0, 2.0, 0.0, 0.0, 2.0, 1.0, 1.0, 0.0, 0.0, 0.0, 1.0, 0.0, 0.0, 0.0, 0.0, 0.0, 0.0, 0.0, 0.0, 2.0, 0.0, 0.0, 1.0, 0.0, 0.0, 1.0, 1.0, 1.0], "bins": [-0.000499337911605835, -0.00048437417717650533, -0.0004694104427471757, -0.00045444670831784606, -0.0004394829738885164, -0.0004245192394591868, -0.00040955550502985716, -0.0003945917706005275, -0.0003796280361711979, -0.00036466430174186826, -0.0003497005673125386, -0.000334736832883209, -0.00031977309845387936, -0.0003048093640245497, -0.0002898456295952201, -0.00027488189516589046, -0.0002599181607365608, -0.0002449544263072312, -0.00022999069187790155, -0.00021502695744857192, -0.0002000632230192423, -0.00018509948858991265, -0.00017013575416058302, -0.00015517201973125339, -0.00014020828530192375, -0.00012524455087259412, -0.00011028081644326448, -9.531708201393485e-05, -8.035334758460522e-05, -6.538961315527558e-05, -5.042587872594595e-05, -3.5462144296616316e-05, -2.0498380763456225e-05, -5.534646334126592e-06, 9.429088095203042e-06, 2.4392822524532676e-05, 3.935655695386231e-05, 5.432029138319194e-05, 6.928402581252158e-05, 8.424776024185121e-05, 9.921149467118084e-05, 0.00011417522910051048, 0.0001291389635298401, 0.00014410269795916975, 0.00015906643238849938, 0.000174030166817829, 0.00018899390124715865, 0.00020395763567648828, 0.00021892137010581791, 0.00023388510453514755, 0.0002488488389644772, 0.0002638125733938068, 0.00027877630782313645, 0.0002937400422524661, 0.0003087037766817957, 0.00032366751111112535, 0.000338631245540455, 0.0003535949799697846, 0.00036855871439911425, 0.0003835224488284439, 0.0003984861832577735, 0.00041344991768710315, 0.0004284136521164328, 0.0004433773865457624, 0.00045834112097509205]}, "gradients/conv1.0.weight": {"_type": "histogram",