{"gradients/out.bias": {"_type": "histogram", "values": [1.0, 0.0, 0.0, 0.0, 1.0, 0.0, 0.0, 0.0, 0.0, 0.0, 0.0, 0.0, 0.0, 0.0, 0.0, 0.0, 0.0, 0.0, 1.0, 0.0, 2.0, 1.0, 0.0, 0.0, 0.0, 1.0, 1.0, 1.0, 0.0, 0.0, 0.0, 0.0, 0.0, 0.0, 0.0, 0.0, 0.0, 0.0, 0.0, 0.0, 0.0, 0.0, 0.0, 0.0, 0.0, 0.0, 0.0, 0.0, 0.0, 0.0, 0.0, 0.0, 0.0, 0.0, 0.0, 0.0, 0.0, 0.0, 0.0, 0.0, 0.0, 0.0, 0.0, 1.0], "bins": [-0.020157519727945328, -0.019278213381767273, -0.01839890517294407, -0.017519598826766014, -0.01664029248058796, -0.015760984271764755, -0.0148816779255867, -0.014002371579408646, -0.013123064301908016, -0.012243757024407387, -0.011364450678229332, -0.010485143400728703, -0.009605836123228073, -0.008726529777050018, -0.007847222499549389, -0.006967915687710047, -0.006088608875870705, -0.0052093020640313625, -0.00432999525219202, -0.003450687974691391, -0.002571381162852049, -0.0016920743510127068, -0.0008127670735120773, 6.653973832726479e-05, 0.0009458474814891815, 0.0018251544097438455, 0.0027044613379985094, 0.003583768382668495, 0.004463075194507837, 0.005342382006347179, 0.006221689283847809, 0.007100996095687151, 0.007980301976203918, 0.008859609253704548, 0.009738915599882603, 0.010618222877383232, 0.011497529223561287, 0.012376836501061916, 0.013256143778562546, 0.0141354501247406, 0.015014756470918655, 0.01589406281709671, 0.016773371025919914, 0.01765267737209797, 0.018531983718276024, 0.019411291927099228, 0.020290598273277283, 0.021169904619455338, 0.02204921282827854, 0.022928519174456596, 0.0238078273832798, 0.024687133729457855, 0.02556644007563591, 0.026445746421813965, 0.02732505463063717, 0.028204360976815224, 0.029083669185638428, 0.029962975531816483, 0.030842283740639687, 0.03172159194946289, 0.032600898295640945, 0.033480204641819, 0.034359510987997055, 0.03523881733417511, 0.036118123680353165]}, "gradients/out.weight": {"_type": "histogram", "values": [5.0, 6.0, 8.0, 11.0, 10.0, 12.0, 16.0, 33.0, 42.0, 37.0, 63.0, 79.0, 113.0, 86.0, 117.0, 145.0, 144.0, 200.0, 270.0, 397.0, 760.0, 1783.0, 7499.0, 1750.0, 733.0, 340.0, 202.0, 157.0, 86.0, 63.0, 54.0, 39.0, 36.0, 33.0, 31.0, 36.0, 34.0, 35.0, 30.0, 30.0, 15.0, 23.0, 21.0, 15.0, 12.0, 13.0, 12.0, 8.0, 4.0, 1.0, 7.0, 6.0, 6.0, 1.0, 5.0, 0.0, 1.0, 1.0, 0.0, 0.0, 2.0, 1.0, 0.0, 1.0], "bins": [-0.13658873736858368, -0.1304962933063507, -0.12440384179353714, -0.11831139028072357, -0.1122189462184906, -0.10612650215625763, -0.10003405064344406, -0.0939415991306305, -0.08784915506839752, -0.08175671100616455, -0.07566425949335098, -0.06957180798053741, -0.06347936391830444, -0.057386916130781174, -0.051294468343257904, -0.045202020555734634, -0.039109572768211365, -0.033017124980688095, -0.026924677193164825, -0.020832229405641556, -0.014739781618118286, -0.008647333830595016, -0.002554886043071747, 0.003537561744451523, 0.009630009531974792, 0.015722457319498062, 0.021814905107021332, 0.0279073528945446, 0.03399980068206787, 0.04009224846959114, 0.04618469625711441, 0.05227714404463768, 0.058369576930999756, 0.06446202099323273, 0.0705544725060463, 0.07664692401885986, 0.08273936808109283, 0.0888318121433258, 0.09492426365613937, 0.10101671516895294, 0.10710915923118591, 0.11320160329341888, 0.11929405480623245, 0.12538650631904602, 0.131478950381279, 0.13757139444351196, 0.14366385340690613, 0.1497562974691391, 0.15584874153137207, 0.16194118559360504, 0.168033629655838, 0.17412608861923218, 0.18021853268146515, 0.18631097674369812, 0.19240343570709229, 0.19849587976932526, 0.20458832383155823, 0.2106807678937912, 0.21677321195602417, 0.22286567091941833, 0.2289581149816513, 0.23505055904388428, 0.24114301800727844, 0.2472354620695114, 0.2533279061317444]}, "gradients/conv2.0.weight": {"_type": "histogram", "values": [1.0, 2.0, 1.0, 0.0, 0.0, 2.0, 2.0, 4.0, 3.0, 6.0, 5.0, 7.0, 15.0, 18.0, 12.0, 22.0, 41.0, 36.0, 22.0, 50.0, 63.0, 103.0, 90.0, 106.0, 149.0, 200.0, 215.0, 246.0, 294.0, 404.0, 497.0, 626.0, 1039.0, 2878.0, 1807.0, 823.0, 580.0, 443.0, 339.0, 273.0, 220.0, 202.0, 152.0, 123.0, 145.0, 114.0, 98.0, 72.0, 60.0, 39.0, 33.0, 36.0, 21.0, 19.0, 8.0, 12.0, 4.0, 4.0, 3.0, 1.0, 5.0, 1.0, 1.0, 3.0], "bins": [-0.03228754922747612, -0.03133377060294151, -0.030379995703697205, -0.029426217079162598, -0.02847244031727314, -0.027518663555383682, -0.026564886793494225, -0.025611110031604767, -0.02465733140707016, -0.023703554645180702, -0.022749777883291245, -0.021795999258756638, -0.02084222249686718, -0.019888445734977722, -0.018934668973088264, -0.017980892211198807, -0.01702711544930935, -0.01607333868741989, -0.015119560994207859, -0.014165784232318401, -0.013212006539106369, -0.012258229777216911, -0.011304453015327454, -0.010350676253437996, -0.009396899491548538, -0.00844312272965908, -0.007489345036447048, -0.0065355682745575905, -0.0055817910470068455, -0.0046280138194561005, -0.0036742370575666428, -0.0027204598300158978, -0.0017666816711425781, -0.0008129045600071549, 0.00014087255112826824, 0.0010946495458483696, 0.0020484267733991146, 0.0030022040009498596, 0.003955980762839317, 0.004909757990390062, 0.005863536149263382, 0.006817313376814127, 0.007771090604364872, 0.00872486736625433, 0.009678645059466362, 0.01063242182135582, 0.011586198583245277, 0.012539975345134735, 0.013493752107024193, 0.01444752886891365, 0.015401306562125683, 0.016355082392692566, 0.017308861017227173, 0.01826263777911663, 0.019216414541006088, 0.020170191302895546, 0.021123968064785004, 0.02207774482667446, 0.02303152158856392, 0.023985300213098526, 0.024939076974987984, 0.02589285373687744, 0.0268466304987669, 0.027800407260656357, 0.028754185885190964]}, "gradients/conv2.0.bias": {"_type": "histogram", "values": [1.0, 0.0, 1.0, 0.0, 0.0, 2.0, 0.0, 1.0, 0.0, 0.0, 0.0, 0.0, 0.0, 0.0, 0.0, 0.0, 0.0, 0.0, 0.0, 2.0, 0.0, 1.0, 1.0, 1.0, 2.0, 0.0, 0.0, 0.0, 0.0, 0.0, 0.0, 1.0, 1.0, 0.0, 1.0, 2.0, 0.0, 0.0, 2.0, 0.0, 2.0, 0.0, 0.0, 1.0, 1.0, 0.0, 2.0, 1.0, 0.0, 1.0, 0.0, 0.0, 1.0, 0.0, 0.0, 1.0, 0.0, 0.0, 0.0, 0.0, 1.0, 0.0, 0.0, 2.0], "bins": [-0.01729143038392067, -0.016868995502591133, -0.016446560621261597, -0.01602412573993206, -0.015601691789925098, -0.015179257839918137, -0.0147568229585886, -0.014334388077259064, -0.013911953195929527, -0.01348951831459999, -0.013067084364593029, -0.012644649483263493, -0.012222214601933956, -0.011799780651926994, -0.011377345770597458, -0.010954910889267921, -0.010532476007938385, -0.010110041126608849, -0.009687607176601887, -0.00926517229527235, -0.008842737413942814, -0.008420303463935852, -0.007997868582606316, -0.007575433701276779, -0.007152999751269817, -0.006730565335601568, -0.006308130454272032, -0.005885696038603783, -0.005463261157274246, -0.005040826741605997, -0.004618392325937748, -0.0041959574446082115, -0.003773522563278675, -0.0033510879147797823, -0.0029286532662808895, -0.0025062188506126404, -0.002083783969283104, -0.0016613495536148548, -0.001238914905115962, -0.0008164802566170692, -0.0003940453752875328, 2.838924410752952e-05, 0.00045082386350259185, 0.0008732584537938237, 0.0012956931022927165, 0.0017181276343762875, 0.0021405622828751802, 0.002562996931374073, 0.002985431347042322, 0.003407865995541215, 0.0038303006440401077, 0.004252735059708357, 0.004675169941037893, 0.005097604356706142, 0.005520039238035679, 0.005942473653703928, 0.006364908069372177, 0.006787342485040426, 0.007209777366369963, 0.007632211782038212, 0.008054646663367748, 0.00847708061337471, 0.008899515494704247, 0.009321950376033783, 0.00974438525736332]}, "gradients/conv1.0.weight": {"_type": "histogram", "values": [1.0, 0.0, 1.0, 1.0, 3.0, 0.0, 1.0, 1.0, 3.0, 5.0, 4.0, 5.0, 2.0, 7.0, 2.0, 3.0, 3.0, 6.0, 4.0, 4.0, 6.0, 14.0, 18.0, 9.0, 11.0, 18.0, 35.0, 17.0, 9.0, 16.0, 21.0, 13.0, 16.0, 16.0, 10.0, 13.0, 11.0, 12.0, 17.0, 6.0, 7.0, 7.0, 5.0, 7.0, 8.0, 3.0, 3.0, 1.0, 5.0, 0.0, 1.0, 2.0, 1.0, 1.0, 1.0, 2.0, 1.0, 0.0, 0.0, 0.0, 0.0, 0.0, 0.0, 1.0],