{"gradients/out.bias": {"_type": "histogram", "values": [1.0, 0.0, 0.0, 0.0, 0.0, 0.0, 0.0, 0.0, 0.0, 0.0, 0.0, 0.0, 0.0, 0.0, 0.0, 0.0, 1.0, 0.0, 0.0, 0.0, 0.0, 0.0, 0.0, 0.0, 0.0, 1.0, 1.0, 0.0, 0.0, 0.0, 0.0, 1.0, 0.0, 1.0, 0.0, 0.0, 0.0, 0.0, 0.0, 1.0, 0.0, 0.0, 0.0, 1.0, 0.0, 1.0, 0.0, 0.0, 0.0, 0.0, 0.0, 0.0, 0.0, 0.0, 0.0, 0.0, 0.0, 0.0, 0.0, 0.0, 0.0, 0.0, 0.0, 1.0], "bins": [-0.014474418014287949, -0.014029200188815594, -0.013583982363343239, -0.013138764537870884, -0.012693546712398529, -0.012248328886926174, -0.01180311106145382, -0.011357893235981464, -0.01091267541050911, -0.010467457585036755, -0.0100222397595644, -0.009577021934092045, -0.00913180410861969, -0.008686586283147335, -0.00824136845767498, -0.007796150632202625, -0.007350933272391558, -0.006905715446919203, -0.006460497621446848, -0.006015279795974493, -0.005570061970502138, -0.0051248446106910706, -0.004679626785218716, -0.004234408959746361, -0.003789191134274006, -0.003343973308801651, -0.002898755483329296, -0.0024535376578569412, -0.0020083198323845863, -0.001563102239742875, -0.0011178844142705202, -0.0006726665887981653, -0.00022744853049516678, 0.00021776926587335765, 0.0006629870622418821, 0.001108204829506576, 0.001553422654978931, 0.001998640364035964, 0.002443858189508319, 0.002889076014980674, 0.0033342940732836723, 0.0037795118987560272, 0.004224729724228382, 0.004669947549700737, 0.005115165375173092, 0.005560383200645447, 0.006005601026117802, 0.0064508188515901566, 0.006896036211401224, 0.007341254036873579, 0.007786471862345934, 0.008231689222157001, 0.008676907047629356, 0.009122124873101711, 0.009567342698574066, 0.010012560524046421, 0.010457778349518776, 0.01090299617499113, 0.011348214000463486, 0.01179343182593584, 0.012238649651408195, 0.01268386747688055, 0.013129085302352905, 0.01357430312782526, 0.014019520953297615]}, "gradients/out.weight": {"_type": "histogram", "values": [1.0, 0.0, 0.0, 0.0, 0.0, 0.0, 0.0, 0.0, 0.0, 1.0, 0.0, 0.0, 0.0, 0.0, 1.0, 0.0, 2.0, 1.0, 2.0, 1.0, 2.0, 5.0, 2.0, 4.0, 1.0, 5.0, 6.0, 4.0, 5.0, 5.0, 12.0, 11.0, 17.0, 47.0, 15402.0, 40.0, 28.0, 13.0, 15.0, 13.0, 7.0, 8.0, 4.0, 1.0, 2.0, 3.0, 2.0, 3.0, 0.0, 0.0, 0.0, 1.0, 0.0, 0.0, 0.0, 0.0, 0.0, 0.0, 0.0, 1.0, 1.0, 0.0, 0.0, 1.0], "bins": [-0.01777070015668869, -0.017252963036298752, -0.016735225915908813, -0.016217488795518875, -0.015699751675128937, -0.015182014554738998, -0.014664276503026485, -0.014146539382636547, -0.013628802262246609, -0.01311106514185667, -0.012593328021466732, -0.012075590901076794, -0.01155785284936428, -0.011040115728974342, -0.010522378608584404, -0.010004641488194466, -0.009486904367804527, -0.008969167247414589, -0.00845143012702465, -0.007933693006634712, -0.0074159554205834866, -0.006898218300193548, -0.0063804807141423225, -0.005862743593752384, -0.005345006473362446, -0.0048272693529725075, -0.004309532232582569, -0.0037917946465313435, -0.003274057526141405, -0.0027563204057514668, -0.0022385830525308847, -0.0017208456993103027, -0.0012031076475977898, -0.0006853704107925296, -0.0001676331739872694, 0.0003501040628179908, 0.000867841299623251, 0.0013855784200131893, 0.0019033157732337713, 0.0024210531264543533, 0.0029387902468442917, 0.00345652736723423, 0.003974264487624168, 0.004492002073675394, 0.005009739194065332, 0.005527476314455271, 0.006045213900506496, 0.006562951020896435, 0.007080688141286373, 0.0075984252616763115, 0.00811616238206625, 0.008633899502456188, 0.009151637554168701, 0.00966937467455864, 0.010187111794948578, 0.010704848915338516, 0.011222586035728455, 0.011740323156118393, 0.012258060276508331, 0.01277579739689827, 0.013293534517288208, 0.013811271637678146, 0.01432900968939066, 0.014846746809780598, 0.015364483930170536]}, "gradients/conv2.0.weight": {"_type": "histogram", "values": [1.0, 0.0, 1.0, 1.0, 1.0, 0.0, 0.0, 1.0, 0.0, 0.0, 0.0, 0.0, 2.0, 1.0, 1.0, 1.0, 2.0, 2.0, 1.0, 0.0, 0.0, 1.0, 1.0, 1.0, 0.0, 2.0, 2.0, 12756.0, 1.0, 0.0, 2.0, 3.0, 2.0, 1.0, 0.0, 1.0, 0.0, 0.0, 0.0, 2.0, 0.0, 0.0, 0.0, 0.0, 1.0, 0.0, 0.0, 0.0, 0.0, 0.0, 0.0, 0.0, 0.0, 0.0, 4.0, 1.0, 1.0, 0.0, 1.0, 1.0, 0.0, 0.0, 0.0, 1.0], "bins": [-0.053100138902664185, -0.051150768995285034, -0.049201395362615585, -0.047252025455236435, -0.045302655547857285, -0.043353281915187836, -0.041403912007808685, -0.039454542100429535, -0.037505172193050385, -0.035555802285671234, -0.033606428653001785, -0.031657058745622635, -0.029707688838243484, -0.027758317068219185, -0.025808945298194885, -0.023859575390815735, -0.021910201758146286, -0.019960829988121986, -0.018011460080742836, -0.016062088310718536, -0.014112717472016811, -0.012163346633315086, -0.010213974863290787, -0.008264604024589062, -0.0063152313232421875, -0.0043658604845404625, -0.00241648918017745, -0.00046711787581443787, 0.0014822529628872871, 0.003431623801589012, 0.005380995571613312, 0.007330366410315037, 0.009279735386371613, 0.011229106225073338, 0.013178477063775063, 0.015127848833799362, 0.017077218741178513, 0.019026590511202812, 0.020975962281227112, 0.022925332188606262, 0.024874702095985413, 0.026824073866009712, 0.028773443773388863, 0.030722815543413162, 0.03267218545079231, 0.03462155908346176, 0.03657092899084091, 0.03852029889822006, 0.04046967253088951, 0.04241904243826866, 0.04436841607093811, 0.04631778597831726, 0.04826715588569641, 0.05021652579307556, 0.05216589942574501, 0.05411526933312416, 0.05606464296579361, 0.05801401287317276, 0.05996338650584221, 0.06191275641322136, 0.06386213004589081, 0.06581149995326996, 0.06776086986064911, 0.06971023976802826, 0.07165960967540741]}, "gradients/conv2.0.bias": {"_type": "histogram", "values": [30.0, 0.0, 0.0, 0.0, 0.0, 1.0, 0.0, 0.0, 0.0, 0.0, 0.0, 0.0, 0.0, 0.0, 0.0, 0.0, 0.0, 0.0, 0.0, 0.0, 0.0, 0.0, 0.0, 0.0, 0.0, 0.0, 0.0, 0.0, 0.0, 0.0, 0.0, 0.0, 0.0, 0.0, 0.0, 0.0, 0.0, 0.0, 0.0, 0.0, 0.0, 0.0, 0.0, 0.0, 0.0, 0.0, 0.0, 0.0, 0.0, 0.0, 0.0, 0.0, 0.0, 0.0, 0.0, 0.0, 0.0, 0.0, 0.0, 0.0, 0.0, 0.0, 0.0, 1.0], "bins": [0.0, 0.0037319459952414036, 0.007463891990482807, 0.011195838451385498, 0.014927783980965614, 0.01865972951054573, 0.022391676902770996, 0.026123622432351112, 0.02985556796193123, 0.033587515354156494, 0.03731945902109146, 0.04105140641331673, 0.04478335380554199, 0.04851529747247696, 0.052247244864702225, 0.05597919225692749, 0.05971113592386246, 0.06344307959079742, 0.06717503070831299, 0.07090697437524796, 0.07463891804218292, 0.07837086915969849, 0.08210281282663345, 0.08583475649356842, 0.08956670761108398, 0.09329865127801895, 0.09703060239553452, 0.10076254606246948, 0.10449448972940445, 0.10822643339633942, 0.11195838451385498, 0.11569032818078995, 0.11942227184772491, 0.12315421551465988, 0.12688615918159485, 0.1306181102991104, 0.13435006141662598, 0.13808199763298035, 0.1418139487504959, 0.14554589986801147, 0.14927783608436584, 0.1530097872018814, 0.15674172341823578, 0.16047367453575134, 0.1642056256532669, 0.16793756186962128, 0.17166951298713684, 0.1754014641046524, 0.17913341522216797, 0.18286536633968353, 0.1865973025560379, 0.19032925367355347, 0.19406120479106903, 0.1977931410074234, 0.20152509212493896, 0.20525704324245453, 0.2089889794588089, 0.21272093057632446, 0.21645286679267883, 0.2201848179101944, 0.22391676902770996, 0.22764870524406433, 0.2313806563615799, 0.23511260747909546, 0.23884454369544983]}, "gradients/conv1.0.weight": {"_type": "histogram", "values": [1.0, 0.0, 0.0, 0.0, 0.0, 0.0, 1.0, 0.0, 1.0, 0.0, 1.0, 0.0, 0.0, 0.0, 0.0, 2.0, 1.0, 1.0, 378.0, 3.0, 0.0, 1.0, 0.0, 1.0, 0.0, 1.0, 1.0, 2.0, 0.0, 0.0, 0.0, 0.0, 0.0, 1.0, 0.0, 0.0, 1.0, 0.0, 1.0, 0.0, 0.0, 0.0, 0.0, 0.0, 0.0, 0.0, 0.0, 0.0, 1.0, 0.0, 0.0, 0.0, 0.0, 0.0, 0.0, 0.0, 0.0, 0.0, 0.0, 0.0, 0.0, 0.0, 0.0, 1.0],