{"loss": 0.06246984750032425, "_runtime": 36, "_timestamp": 1641463120, "_step": 1954, "gradients/out.bias": {"_type": "histogram", "values": [1.0, 0.0, 0.0, 0.0, 0.0, 0.0, 0.0, 0.0, 0.0, 0.0, 0.0, 0.0, 0.0, 0.0, 0.0, 0.0, 0.0, 0.0, 0.0, 0.0, 0.0, 1.0, 0.0, 0.0, 1.0, 0.0, 1.0, 0.0, 0.0, 0.0, 0.0, 0.0, 0.0, 3.0, 0.0, 0.0, 0.0, 1.0, 0.0, 0.0, 0.0, 0.0, 0.0, 0.0, 0.0, 1.0, 0.0, 0.0, 0.0, 0.0, 0.0, 0.0, 0.0, 0.0, 0.0, 0.0, 0.0, 0.0, 0.0, 0.0, 0.0, 0.0, 0.0, 1.0], "bins": [-0.003346809884533286, -0.0032424870878458023, -0.0031381642911583185, -0.0030338414944708347, -0.002929518697783351, -0.002825195901095867, -0.0027208731044083834, -0.0026165503077208996, -0.002512227511033416, -0.002407904714345932, -0.0023035819176584482, -0.0021992591209709644, -0.0020949363242834806, -0.001990613527595997, -0.001886290730908513, -0.0017819679342210293, -0.0016776451375335455, -0.0015733223408460617, -0.001468999544158578, -0.0013646767474710941, -0.0012603539507836103, -0.0011560311540961266, -0.0010517083574086428, -0.000947385560721159, -0.0008430627640336752, -0.0007387399673461914, -0.0006344171706587076, -0.0005300943739712238, -0.00042577157728374004, -0.00032144878059625626, -0.00021712598390877247, -0.00011280318722128868, -8.48015770316124e-06, 9.584263898432255e-05, 0.00020016543567180634, 0.0003044882323592901, 0.0004088110290467739, 0.0005131338257342577, 0.0006174566224217415, 0.0007217794191092253, 0.0008261022157967091, 0.0009304250124841928, 0.0010347478091716766, 0.0011390706058591604, 0.0012433934025466442, 0.001347716199234128, 0.0014520389959216118, 0.0015563617926090956, 0.0016606845892965794, 0.0017650073859840631, 0.001869330182671547, 0.0019736529793590307, 0.0020779757760465145, 0.0021822985727339983, 0.002286621369421482, 0.002390944166108966, 0.0024952669627964497, 0.0025995897594839334, 0.0027039125561714172, 0.002808235352858901, 0.002912558149546385, 0.0030168809462338686, 0.0031212037429213524, 0.003225526539608836, 0.00332984933629632]}, "gradients/out.weight": {"_type": "histogram", "values": [2.0, 1.0, 1.0, 0.0, 5.0, 4.0, 2.0, 0.0, 5.0, 4.0, 5.0, 6.0, 5.0, 9.0, 9.0, 9.0, 19.0, 14.0, 15.0, 22.0, 34.0, 39.0, 51.0, 40.0, 46.0, 64.0, 93.0, 122.0, 222.0, 315.0, 494.0, 852.0, 8986.0, 2255.0, 693.0, 346.0, 220.0, 144.0, 98.0, 69.0, 56.0, 56.0, 49.0, 39.0, 31.0, 21.0, 17.0, 19.0, 10.0, 12.0, 11.0, 2.0, 8.0, 7.0, 4.0, 2.0, 2.0, 2.0, 3.0, 4.0, 2.0, 2.0, 0.0, 1.0], "bins": [-0.023101570084691048, -0.02239568717777729, -0.021689802408218384, -0.020983919501304626, -0.02027803659439087, -0.019572151824831963, -0.018866268917918205, -0.0181603841483593, -0.01745450124144554, -0.016748618334531784, -0.016042733564972878, -0.01533685065805912, -0.014630966819822788, -0.013925082981586456, -0.013219200074672699, -0.012513316236436367, -0.011807432398200035, -0.011101548559963703, -0.010395664721727371, -0.009689781814813614, -0.008983897976577282, -0.00827801413834095, -0.007572130765765905, -0.006866247393190861, -0.006160363554954529, -0.005454479716718197, -0.004748596344143152, -0.004042712971568108, -0.0033368291333317757, -0.0026309455279260874, -0.001925061922520399, -0.0012191785499453545, -0.0005132947117090225, 0.00019258889369666576, 0.000898472499102354, 0.0016043561045080423, 0.0023102397099137306, 0.003016123315319419, 0.003722006920725107, 0.004427890293300152, 0.005133774131536484, 0.005839657969772816, 0.00654554134234786, 0.007251424714922905, 0.007957308553159237, 0.008663192391395569, 0.009369075298309326, 0.010074959136545658, 0.01078084297478199, 0.011486726813018322, 0.012192610651254654, 0.012898493558168411, 0.013604377396404743, 0.014310261234641075, 0.015016144141554832, 0.01572202891111374, 0.016427911818027496, 0.017133794724941254, 0.01783967949450016, 0.018545562401413918, 0.019251447170972824, 0.01995733007788658, 0.02066321298480034, 0.021369095891714096, 0.022074980661273003]}, "gradients/conv2.0.weight": {"_type": "histogram", "values": [2.0, 0.0, 1.0, 0.0, 2.0, 0.0, 0.0, 1.0, 6.0, 7.0, 5.0, 5.0, 6.0, 14.0, 14.0, 20.0, 18.0, 27.0, 36.0, 56.0, 50.0, 77.0, 81.0, 100.0, 117.0, 130.0, 197.0, 220.0, 234.0, 285.0, 317.0, 414.0, 537.0, 712.0, 862.0, 912.0, 1014.0, 1401.0, 916.0, 872.0, 678.0, 569.0, 425.0, 325.0, 285.0, 215.0, 166.0, 132.0, 95.0, 63.0, 47.0, 30.0, 28.0, 23.0, 12.0, 11.0, 7.0, 4.0, 6.0, 5.0, 2.0, 1.0, 2.0, 1.0], "bins": [-0.00311184860765934, -0.0030284817330539227, -0.0029451148584485054, -0.002861747983843088, -0.0027783813420683146, -0.0026950144674628973, -0.00261164759285748, -0.002528280718252063, -0.002444914076477289, -0.002361547201871872, -0.0022781803272664547, -0.0021948134526610374, -0.002111446810886264, -0.0020280799362808466, -0.0019447130616754293, -0.001861346187070012, -0.0017779793124645948, -0.0016946124378591776, -0.0016112456796690822, -0.001527878805063665, -0.0014445120468735695, -0.0013611451722681522, -0.001277778297662735, -0.0011944114230573177, -0.0011110445484519005, -0.0010276776738464832, -0.0009443109156563878, -0.0008609440410509706, -0.0007775772246532142, -0.0006942104082554579, -0.0006108435336500406, -0.0005274767172522843, -0.0004441100172698498, -0.00036074320087209344, -0.00027737635537050664, -0.00019400950986891985, -0.00011064269347116351, -2.7275877073407173e-05, 5.609099753201008e-05, 0.00013945781392976642, 0.00022282451391220093, 0.00030619133030995727, 0.00038955817581154406, 0.00047292502131313086, 0.0005562918377108872, 0.0006396586541086435, 0.0007230255287140608, 0.0008063923451118171, 0.0008897592779248953, 0.0009731260943226516, 0.001056492910720408, 0.0011398597853258252, 0.0012232265435159206, 0.0013065934181213379, 0.0013899602927267551, 0.0014733271673321724, 0.0015566939255222678, 0.001640060800127685, 0.0017234275583177805, 0.0018067944329231977, 0.001890161307528615, 0.0019735279493033886, 0.002056894823908806, 0.002140261698514223, 0.0022236285731196404]}, "gradients/conv2.0.bias": {"_type": "histogram", "values": [1.0, 0.0, 0.0, 0.0, 0.0, 0.0, 0.0, 1.0, 0.0, 0.0, 0.0, 0.0, 0.0, 0.0, 0.0, 0.0, 0.0, 1.0, 0.0, 0.0, 0.0, 1.0, 1.0, 1.0, 0.0, 0.0, 1.0, 1.0, 1.0, 0.0, 0.0, 1.0, 1.0, 2.0, 2.0, 1.0, 2.0, 0.0, 1.0, 1.0, 0.0, 1.0, 1.0, 0.0, 2.0, 0.0, 0.0, 1.0, 0.0, 0.0, 0.0, 3.0, 1.0, 0.0, 0.0, 0.0, 0.0, 1.0, 0.0, 0.0, 0.0, 0.0, 1.0, 1.0], "bins": [-0.002582211745902896, -0.002514644991606474, -0.0024470780044794083, -0.0023795112501829863, -0.0023119442630559206, -0.0022443775087594986, -0.002176810521632433, -0.002109243767336011, -0.002041677013039589, -0.001974110258743167, -0.0019065432716161013, -0.0018389765173196793, -0.0017714096466079354, -0.0017038427758961916, -0.0016362759051844478, -0.001568709034472704, -0.00150114216376096, -0.0014335752930492163, -0.0013660084223374724, -0.0012984415516257286, -0.0012308747973293066, -0.0011633079266175628, -0.001095741055905819, -0.001028174185194075, -0.0009606073144823313, -0.0008930404437705874, -0.0008254736312665045, -0.0007579067605547607, -0.0006903399480506778, -0.0006227730773389339, -0.0005552062066271901, -0.00048763936501927674, -0.0004200725816190243, -0.0003525057400111109, -0.0002849388984031975, -0.0002173720276914537, -0.00014980518608354032, -8.223834447562695e-05, -1.4671473763883114e-05, 5.289536784403026e-05, 0.00012046215124428272, 0.0001880289928521961, 0.00025559583446010947, 0.0003231627051718533, 0.0003907295467797667, 0.00045829638838768005, 0.0005258632590994239, 0.0005934301298111677, 0.0006609970005229115, 0.0007285638712346554, 0.0007961306837387383, 0.0008636975544504821, 0.000931264366954565, 0.0009988312376663089, 0.0010663981083780527, 0.0011339649790897965, 0.0012015318498015404, 0.0012690987205132842, 0.001336665591225028, 0.00140423234552145, 0.0014717992162331939, 0.0015393660869449377, 0.0016069329576566815, 0.0016744998283684254, 0.0017420665826648474]}, "gradients/conv1.0.weight": {"_type": "histogram",