{"gradients/out.bias": {"_type": "histogram", "values": [1.0, 0.0, 0.0, 0.0, 0.0, 0.0, 0.0, 0.0, 0.0, 0.0, 0.0, 0.0, 0.0, 0.0, 0.0, 0.0, 0.0, 0.0, 0.0, 0.0, 0.0, 0.0, 0.0, 0.0, 0.0, 0.0, 0.0, 0.0, 1.0, 1.0, 0.0, 0.0, 0.0, 0.0, 1.0, 0.0, 0.0, 0.0, 0.0, 0.0, 0.0, 1.0, 0.0, 0.0, 1.0, 0.0, 0.0, 1.0, 0.0, 0.0, 0.0, 0.0, 0.0, 0.0, 1.0, 0.0, 0.0, 0.0, 1.0, 0.0, 0.0, 0.0, 0.0, 1.0], "bins": [-0.11148183792829514, -0.10873156040906906, -0.10598127543926239, -0.10323099792003632, -0.10048072040081024, -0.09773044288158417, -0.0949801579117775, -0.09222988039255142, -0.08947959542274475, -0.08672931790351868, -0.083979032933712, -0.08122875541448593, -0.07847847789525986, -0.07572819292545319, -0.07297791540622711, -0.07022763788700104, -0.06747736036777496, -0.06472708284854889, -0.061976801604032516, -0.059226520359516144, -0.05647624284029007, -0.0537259615957737, -0.050975680351257324, -0.04822540283203125, -0.04547511786222458, -0.042724836617708206, -0.03997455909848213, -0.03722427785396576, -0.034474000334739685, -0.03172371909022331, -0.02897343784570694, -0.026223158463835716, -0.02347288280725479, -0.020722603425383568, -0.017972324043512344, -0.015222042798995972, -0.012471763417124748, -0.009721484035253525, -0.006971202790737152, -0.004220923408865929, -0.0014706477522850037, 0.001279632095247507, 0.004029911942780018, 0.006780192255973816, 0.00953047163784504, 0.012280751019716263, 0.015031032264232635, 0.01778131164610386, 0.02053159475326538, 0.023281874135136604, 0.026032153517007828, 0.0287824347615242, 0.031532712280750275, 0.03428299352526665, 0.03703327476978302, 0.039783552289009094, 0.04253383353352547, 0.04528411477804184, 0.048034392297267914, 0.050784673541784286, 0.05353495478630066, 0.05628523230552673, 0.059035513550043106, 0.06178579479455948, 0.06453607231378555]}, "gradients/out.weight": {"_type": "histogram", "values": [1.0, 0.0, 1.0, 1.0, 2.0, 2.0, 0.0, 4.0, 3.0, 3.0, 9.0, 3.0, 3.0, 8.0, 14.0, 11.0, 13.0, 15.0, 8.0, 12.0, 18.0, 18.0, 23.0, 22.0, 24.0, 24.0, 35.0, 42.0, 56.0, 69.0, 100.0, 136.0, 175.0, 227.0, 239.0, 345.0, 480.0, 636.0, 1030.0, 4745.0, 2891.0, 1511.0, 792.0, 457.0, 334.0, 250.0, 192.0, 130.0, 135.0, 106.0, 96.0, 62.0, 51.0, 30.0, 36.0, 12.0, 17.0, 6.0, 4.0, 4.0, 4.0, 1.0, 0.0, 2.0], "bins": [-0.1724073588848114, -0.16807673871517181, -0.16374613344669342, -0.15941551327705383, -0.15508490800857544, -0.15075428783893585, -0.14642368257045746, -0.14209306240081787, -0.13776245713233948, -0.1334318369626999, -0.1291012316942215, -0.1247706189751625, -0.12044000625610352, -0.11610938608646393, -0.11177877336740494, -0.10744816064834595, -0.10311754047870636, -0.09878692775964737, -0.09445631504058838, -0.09012570232152939, -0.0857950896024704, -0.08146446943283081, -0.07713385671377182, -0.07280324399471283, -0.06847263127565384, -0.06414201855659485, -0.05981140583753586, -0.05548078939318657, -0.05115017667412758, -0.04681956395506859, -0.0424889475107193, -0.03815833479166031, -0.033827729523181915, -0.029497116804122925, -0.025166502222418785, -0.020835887640714645, -0.016505274921655655, -0.012174662202596664, -0.007844047620892525, -0.003513433039188385, 0.0008171796798706055, 0.0051477933302521706, 0.009478406980633736, 0.0138090206310153, 0.018139634281396866, 0.022470247000455856, 0.026800861582159996, 0.031131476163864136, 0.035462088882923126, 0.03979270160198212, 0.04412331432104111, 0.048453930765390396, 0.05278454348444939, 0.05711515620350838, 0.061445772647857666, 0.06577638536691666, 0.07010699808597565, 0.07443761080503464, 0.07876822352409363, 0.08309883624315262, 0.08742944896221161, 0.0917600691318512, 0.09609068185091019, 0.10042129456996918, 0.10475190728902817]}, "gradients/conv2.0.weight": {"_type": "histogram", "values": [2.0, 1.0, 0.0, 1.0, 3.0, 2.0, 0.0, 2.0, 3.0, 5.0, 1.0, 5.0, 2.0, 9.0, 8.0, 11.0, 9.0, 15.0, 18.0, 12.0, 14.0, 22.0, 25.0, 29.0, 31.0, 39.0, 36.0, 65.0, 61.0, 64.0, 93.0, 87.0, 120.0, 128.0, 151.0, 163.0, 188.0, 220.0, 253.0, 287.0, 378.0, 555.0, 970.0, 4271.0, 2947.0, 504.0, 283.0, 177.0, 152.0, 100.0, 80.0, 54.0, 35.0, 39.0, 24.0, 12.0, 9.0, 9.0, 2.0, 5.0, 2.0, 3.0, 1.0, 3.0], "bins": [-0.056720152497291565, -0.0554298534989357, -0.054139554500579834, -0.05284925177693367, -0.051558952778577805, -0.05026865378022194, -0.048978354781866074, -0.04768805205821991, -0.046397753059864044, -0.04510745406150818, -0.04381715506315231, -0.04252685233950615, -0.041236553341150284, -0.03994625434279442, -0.03865595534443855, -0.03736565262079239, -0.03607535362243652, -0.03478505462408066, -0.03349475562572479, -0.03220445290207863, -0.030914153903722763, -0.029623854905366898, -0.028333555907011032, -0.027043255046010017, -0.0257529579102993, -0.024462658911943436, -0.02317235805094242, -0.021882059052586555, -0.02059175819158554, -0.019301459193229675, -0.01801116019487381, -0.016720859333872795, -0.01543055847287178, -0.01414025854319334, -0.0128499586135149, -0.011559659615159035, -0.01026935875415802, -0.008979059755802155, -0.0076887598261237144, -0.006398459896445274, -0.00510815903544426, -0.0038178591057658195, -0.002527559408918023, -0.0012372597120702267, 5.3040217608213425e-05, 0.0013433401472866535, 0.0026336396113038063, 0.003923939540982246, 0.005214238539338112, 0.006504538469016552, 0.007794838398694992, 0.009085137397050858, 0.010375438258051872, 0.011665737256407738, 0.012956037186086178, 0.014246337115764618, 0.015536637045443058, 0.016826936975121498, 0.018117235973477364, 0.01940753683447838, 0.020697835832834244, 0.02198813669383526, 0.023278435692191124, 0.02456873655319214, 0.025859035551548004]}, "gradients/conv2.0.bias": {"_type": "histogram", "values": [1.0, 0.0, 0.0, 0.0, 0.0, 0.0, 0.0, 0.0, 0.0, 0.0, 0.0, 0.0, 0.0, 0.0, 0.0, 0.0, 0.0, 0.0, 1.0, 0.0, 0.0, 0.0, 0.0, 0.0, 0.0, 0.0, 1.0, 0.0, 0.0, 0.0, 1.0, 1.0, 2.0, 1.0, 0.0, 1.0, 2.0, 2.0, 1.0, 1.0, 1.0, 1.0, 0.0, 2.0, 0.0, 2.0, 0.0, 2.0, 0.0, 3.0, 2.0, 0.0, 0.0, 0.0, 0.0, 0.0, 1.0, 0.0, 0.0, 0.0, 1.0, 1.0, 0.0, 1.0], "bins": [-0.04765649139881134, -0.04662409797310829, -0.04559170454740524, -0.044559307396411896, -0.04352691397070885, -0.0424945205450058, -0.04146212711930275, -0.0404297336935997, -0.039397336542606354, -0.038364943116903305, -0.037332549691200256, -0.03630015254020691, -0.03526775911450386, -0.03423536568880081, -0.03320297226309776, -0.032170578837394714, -0.031138183549046516, -0.030105790123343468, -0.02907339483499527, -0.02804100140929222, -0.027008606120944023, -0.025976212695240974, -0.024943817406892776, -0.023911423981189728, -0.02287903055548668, -0.02184663712978363, -0.020814241841435432, -0.019781848415732384, -0.018749453127384186, -0.017717059701681137, -0.01668466627597809, -0.01565227098762989, -0.014619875699281693, -0.01358748134225607, -0.012555086985230446, -0.011522693559527397, -0.0104902982711792, -0.00945790484547615, -0.008425510488450527, -0.007393116131424904, -0.006360720843076706, -0.005328326486051083, -0.004295932129025459, -0.0032635382376611233, -0.0022311438806355, -0.0011987495236098766, -0.00016635563224554062, 0.0008660387247800827, 0.0018984321504831314, 0.0029308265075087547, 0.003963220864534378, 0.004995614755898714, 0.006028009112924337, 0.007060403469949961, 0.008092797361314297, 0.00912519171833992, 0.010157586075365543, 0.011189980432391167, 0.01222237478941679, 0.013254769146442413, 0.014287162572145462, 0.01531955786049366, 0.01635195128619671, 0.017384346574544907, 0.018416740000247955]}, "gradients/conv1.0.weight": {"_type": "histogram", "values": [1.0, 1.0, 0.0, 0.0, 0.0, 1.0, 0.0, 1.0, 1.0, 0.0, 0.0, 1.0, 1.0, 1.0, 1.0, 4.0, 3.0, 0.0, 3.0, 3.0, 1.0, 5.0, 1.0, 3.0, 7.0, 7.0, 3.0, 4.0, 2.0, 1.0, 2.0, 2.0, 1.0, 7.0, 4.0, 2.0, 4.0, 6.0, 5.0, 3.0, 5.0, 5.0, 8.0, 4.0, 4.0, 4.0, 1.0, 6.0, 3.0, 3.0, 5.0, 9.0, 8.0, 7.0, 8.0, 11.0, 36.0, 122.0, 39.0, 6.0, 3.0, 4.0, 3.0, 4.0],