{"gradients/out.bias": {"_type": "histogram", "values": [1.0, 0.0, 0.0, 0.0, 0.0, 0.0, 0.0, 0.0, 0.0, 0.0, 0.0, 0.0, 0.0, 0.0, 0.0, 0.0, 0.0, 0.0, 0.0, 0.0, 0.0, 0.0, 0.0, 0.0, 0.0, 0.0, 0.0, 0.0, 0.0, 0.0, 0.0, 0.0, 1.0, 0.0, 0.0, 0.0, 0.0, 2.0, 0.0, 1.0, 0.0, 0.0, 0.0, 0.0, 0.0, 1.0, 1.0, 0.0, 0.0, 0.0, 0.0, 1.0, 0.0, 0.0, 0.0, 0.0, 0.0, 0.0, 1.0, 0.0, 0.0, 0.0, 0.0, 1.0], "bins": [-0.012599424459040165, -0.012294420972466469, -0.011989418417215347, -0.011684414930641651, -0.011379411444067955, -0.011074407957494259, -0.010769404470920563, -0.010464401915669441, -0.010159398429095745, -0.009854394942522049, -0.009549392387270927, -0.009244388900697231, -0.008939385414123535, -0.008634381927549839, -0.008329378440976143, -0.008024375885725021, -0.007719372399151325, -0.007414368912577629, -0.00710936589166522, -0.006804362870752811, -0.006499359384179115, -0.006194355897605419, -0.00588935287669301, -0.0055843498557806015, -0.005279346369206905, -0.004974342882633209, -0.0046693398617208, -0.004364336840808392, -0.0040593333542346954, -0.003754330100491643, -0.0034493268467485905, -0.003144323593005538, -0.002839319873601198, -0.0025343166198581457, -0.0022293133661150932, -0.0019243101123720407, -0.0016193068586289883, -0.0013143036048859358, -0.0010093003511428833, -0.0007042970973998308, -0.00039929384365677834, -9.429058991372585e-05, 0.00021071266382932663, 0.0005157159175723791, 0.0008207191713154316, 0.001125722425058484, 0.0014307256788015366, 0.001735728932544589, 0.0020407321862876415, 0.002345735440030694, 0.0026507386937737465, 0.002955741947516799, 0.0032607452012598515, 0.003565748455002904, 0.0038707517087459564, 0.0041757551953196526, 0.004480758216232061, 0.00478576123714447, 0.005090764723718166, 0.0053957682102918625, 0.005700771231204271, 0.00600577425211668, 0.006310777738690376, 0.006615781225264072, 0.006920784246176481]}, "gradients/out.weight": {"_type": "histogram", "values": [1.0, 0.0, 2.0, 1.0, 0.0, 4.0, 1.0, 2.0, 4.0, 5.0, 7.0, 7.0, 9.0, 12.0, 10.0, 17.0, 21.0, 13.0, 27.0, 21.0, 31.0, 35.0, 46.0, 67.0, 52.0, 85.0, 122.0, 186.0, 287.0, 656.0, 2666.0, 9463.0, 599.0, 268.0, 190.0, 165.0, 116.0, 90.0, 83.0, 75.0, 48.0, 34.0, 32.0, 24.0, 12.0, 23.0, 10.0, 9.0, 8.0, 4.0, 6.0, 4.0, 5.0, 4.0, 3.0, 2.0, 0.0, 1.0, 0.0, 1.0, 2.0, 1.0, 0.0, 1.0], "bins": [-0.09153855592012405, -0.08859801292419434, -0.08565746992826462, -0.0827169269323349, -0.07977637648582458, -0.07683583348989487, -0.07389529049396515, -0.07095474749803543, -0.06801420450210571, -0.065073661506176, -0.06213311851024628, -0.05919257178902626, -0.05625202879309654, -0.053311485797166824, -0.05037093907594681, -0.04743039608001709, -0.04448985308408737, -0.041549310088157654, -0.038608767092227936, -0.03566822037100792, -0.0327276773750782, -0.029787134379148483, -0.026846589520573616, -0.02390604466199875, -0.02096550166606903, -0.018024958670139313, -0.015084413811564445, -0.012143869884312153, -0.00920332595705986, -0.006262782029807568, -0.003322238102555275, -0.0003816932439804077, 0.0025588572025299072, 0.0054994011297822, 0.008439945057034492, 0.011380488984286785, 0.014321032911539078, 0.017261575907468796, 0.020202120766043663, 0.02314266562461853, 0.02608320862054825, 0.029023751616477966, 0.031964294612407684, 0.0349048413336277, 0.03784538432955742, 0.04078592732548714, 0.04372647404670715, 0.04666701704263687, 0.04960756003856659, 0.05254810303449631, 0.055488646030426025, 0.05842919275164604, 0.06136973574757576, 0.06431028246879578, 0.0672508254647255, 0.07019136846065521, 0.07313191145658493, 0.07607245445251465, 0.07901299744844437, 0.08195354044437408, 0.0848940908908844, 0.08783463388681412, 0.09077517688274384, 0.09371571987867355, 0.09665626287460327]}, "gradients/conv2.0.weight": {"_type": "histogram", "values": [1.0, 0.0, 0.0, 1.0, 2.0, 3.0, 2.0, 4.0, 5.0, 2.0, 5.0, 1.0, 5.0, 8.0, 14.0, 29.0, 29.0, 42.0, 54.0, 103.0, 104.0, 145.0, 220.0, 258.0, 380.0, 560.0, 692.0, 954.0, 1111.0, 1388.0, 1268.0, 1153.0, 866.0, 749.0, 575.0, 430.0, 383.0, 264.0, 244.0, 168.0, 133.0, 90.0, 97.0, 59.0, 57.0, 36.0, 23.0, 17.0, 8.0, 10.0, 6.0, 8.0, 10.0, 7.0, 1.0, 4.0, 1.0, 4.0, 3.0, 2.0, 0.0, 1.0, 0.0, 1.0], "bins": [-0.013050493784248829, -0.012610895559191704, -0.012171297334134579, -0.011731699109077454, -0.011292099952697754, -0.010852501727640629, -0.010412903502583504, -0.009973305277526379, -0.009533707052469254, -0.009094108827412128, -0.008654510602355003, -0.008214911445975304, -0.007775313686579466, -0.0073357149958610535, -0.006896116770803928, -0.006456518545746803, -0.006016919855028391, -0.005577321629971266, -0.005137722939252853, -0.004698124714195728, -0.004258526489138603, -0.0038189280312508345, -0.0033793295733630657, -0.0029397313483059406, -0.0025001326575875282, -0.0020605341996997595, -0.0016209359746426344, -0.0011813375167548656, -0.0007417391752824187, -0.0003021408338099718, 0.00013745762407779694, 0.000577055849134922, 0.0010166540741920471, 0.001456252415664494, 0.001895850757136941, 0.0023354492150247097, 0.002775047440081835, 0.0032146458979696035, 0.0036542443558573723, 0.004093842580914497, 0.0045334408059716225, 0.0049730390310287476, 0.00541263772174716, 0.005852235946804285, 0.00629183417186141, 0.0067314328625798225, 0.007171031087636948, 0.007610629312694073, 0.008050227537751198, 0.008489825762808323, 0.008929423987865448, 0.009369023144245148, 0.009808621369302273, 0.010248219594359398, 0.010687817819416523, 0.011127416044473648, 0.011567015200853348, 0.012006613425910473, 0.012446211650967598, 0.012885810807347298, 0.013325409032404423, 0.013765007257461548, 0.014204605482518673, 0.014644203707575798, 0.015083801932632923]}, "gradients/conv2.0.bias": {"_type": "histogram", "values": [2.0, 0.0, 0.0, 0.0, 0.0, 0.0, 0.0, 0.0, 0.0, 0.0, 0.0, 0.0, 0.0, 0.0, 0.0, 0.0, 0.0, 0.0, 1.0, 1.0, 0.0, 1.0, 2.0, 2.0, 1.0, 1.0, 1.0, 1.0, 1.0, 0.0, 1.0, 0.0, 2.0, 0.0, 1.0, 1.0, 2.0, 0.0, 0.0, 0.0, 1.0, 1.0, 2.0, 1.0, 0.0, 1.0, 0.0, 0.0, 1.0, 0.0, 2.0, 0.0, 0.0, 1.0, 0.0, 0.0, 0.0, 0.0, 0.0, 0.0, 0.0, 0.0, 0.0, 1.0], "bins": [-0.006893078796565533, -0.006629305891692638, -0.006365533452481031, -0.006101760547608137, -0.00583798810839653, -0.005574215203523636, -0.005310442298650742, -0.005046669393777847, -0.00478289695456624, -0.004519124049693346, -0.004255351610481739, -0.003991578705608845, -0.003727806033566594, -0.0034640333615243435, -0.003200260456651449, -0.0029364877846091986, -0.002672715112566948, -0.0024089424405246973, -0.0021451697684824467, -0.0018813968636095524, -0.0016176241915673018, -0.0013538515195250511, -0.0010900787310674787, -0.0008263059426099062, -0.0005625332705676556, -0.000298760540317744, -3.498781006783247e-05, 0.00022878492018207908, 0.0004925576504319906, 0.0007563303224742413, 0.0010201031109318137, 0.0012838758993893862, 0.0015476485714316368, 0.0018114212434738874, 0.002075193915516138, 0.0023389668203890324, 0.002602739492431283, 0.0028665121644735336, 0.003130285069346428, 0.0033940577413886786, 0.003657830413430929, 0.0039216033183038235, 0.0041853757575154305, 0.004449148662388325, 0.004712921567261219, 0.004976694006472826, 0.00524046691134572, 0.005504239350557327, 0.0057680122554302216, 0.006031785160303116, 0.006295557599514723, 0.006559330504387617, 0.006823102943599224, 0.007086875848472118, 0.007350648753345013, 0.007614421658217907, 0.007878193631768227, 0.008141966536641121, 0.008405739441514015, 0.008669511415064335, 0.00893328431993723, 0.009197057224810123, 0.009460830129683018, 0.009724603034555912, 0.009988375939428806]}, "gradients/conv1.0.weight": {"_type": "histogram", "values": [1.0, 0.0, 0.0, 1.0, 1.0, 1.0, 0.0, 0.0, 1.0, 1.0, 1.0, 0.0, 1.0, 1.0, 0.0, 0.0, 0.0, 2.0, 0.0, 0.0, 0.0, 1.0, 1.0, 0.0, 2.0, 5.0, 4.0, 4.0, 2.0, 4.0, 6.0, 16.0, 8.0, 13.0, 15.0, 23.0, 19.0, 28.0, 29.0, 22.0, 22.0, 17.0, 25.0, 25.0, 11.0, 13.0, 12.0, 11.0, 5.0, 9.0, 10.0, 5.0, 7.0, 4.0, 2.0, 2.0, 0.0, 1.0, 3.0, 0.0, 0.0, 1.0, 1.0, 1.0],