{"gradients/out.bias": {"_type": "histogram", "values": [1.0, 0.0, 0.0, 0.0, 1.0, 0.0, 0.0, 0.0, 0.0, 0.0, 0.0, 0.0, 0.0, 0.0, 0.0, 0.0, 0.0, 0.0, 1.0, 0.0, 0.0, 1.0, 0.0, 0.0, 0.0, 0.0, 0.0, 0.0, 0.0, 1.0, 0.0, 1.0, 0.0, 0.0, 1.0, 0.0, 1.0, 0.0, 0.0, 0.0, 0.0, 0.0, 1.0, 0.0, 0.0, 0.0, 0.0, 0.0, 0.0, 0.0, 0.0, 0.0, 0.0, 0.0, 0.0, 0.0, 0.0, 0.0, 0.0, 0.0, 0.0, 0.0, 0.0, 1.0], "bins": [-0.026680290699005127, -0.025733008980751038, -0.024785729125142097, -0.023838447406888008, -0.02289116568863392, -0.02194388583302498, -0.02099660411477089, -0.0200493223965168, -0.01910204067826271, -0.01815475896000862, -0.01720747910439968, -0.016260197386145592, -0.015312915667891502, -0.014365634880959988, -0.013418354094028473, -0.012471072375774384, -0.011523791588842869, -0.010576510801911354, -0.009629229083657265, -0.00868194829672575, -0.007734666578471661, -0.006787385791540146, -0.005840104538947344, -0.004892823286354542, -0.003945542499423027, -0.002998261246830225, -0.002050979994237423, -0.0011036989744752645, -0.0001564177218824625, 0.0007908632978796959, 0.001738144550472498, 0.0026854258030653, 0.0036327075213193893, 0.004579988773912191, 0.0055272700265049934, 0.006474550813436508, 0.0074218325316905975, 0.008369113318622112, 0.009316394105553627, 0.010263675823807716, 0.011210957542061806, 0.01215823832899332, 0.01310552004724741, 0.014052800834178925, 0.015000082552433014, 0.015947364270687103, 0.016894644126296043, 0.017841925844550133, 0.018789205700159073, 0.019736487418413162, 0.020683767274022102, 0.02163104899227619, 0.02257833071053028, 0.02352561056613922, 0.02447289228439331, 0.0254201740026474, 0.02636745572090149, 0.02731473743915558, 0.02826201729476452, 0.029209299013018608, 0.030156580731272697, 0.031103860586881638, 0.03205114230513573, 0.032998424023389816, 0.033945705741643906]}, "gradients/out.weight": {"_type": "histogram", "values": [1.0, 1.0, 1.0, 5.0, 1.0, 5.0, 8.0, 8.0, 13.0, 12.0, 17.0, 20.0, 23.0, 28.0, 49.0, 43.0, 61.0, 57.0, 70.0, 104.0, 120.0, 139.0, 162.0, 202.0, 221.0, 311.0, 364.0, 465.0, 760.0, 2112.0, 6201.0, 1428.0, 709.0, 482.0, 302.0, 223.0, 184.0, 155.0, 114.0, 91.0, 67.0, 73.0, 45.0, 48.0, 35.0, 25.0, 16.0, 20.0, 9.0, 10.0, 11.0, 10.0, 7.0, 6.0, 6.0, 7.0, 6.0, 1.0, 3.0, 2.0, 0.0, 0.0, 0.0, 1.0], "bins": [-0.11125967651605606, -0.10755658149719238, -0.10385347902774811, -0.10015038400888443, -0.09644728899002075, -0.09274418652057648, -0.0890410915017128, -0.08533799648284912, -0.08163489401340485, -0.07793179899454117, -0.0742286965250969, -0.07052560150623322, -0.06682249903678894, -0.06311940401792526, -0.059416308999061584, -0.05571321025490761, -0.05201011151075363, -0.048307012766599655, -0.04460391402244568, -0.040900819003582, -0.037197720259428024, -0.03349462151527405, -0.02979152463376522, -0.026088427752256393, -0.022385329008102417, -0.01868223026394844, -0.014979133382439613, -0.011276035569608212, -0.00757293775677681, -0.0038698390126228333, -0.00016674213111400604, 0.003536354750394821, 0.0072394609451293945, 0.010942558757960796, 0.014645656570792198, 0.018348753452301025, 0.022051852196455002, 0.02575495094060898, 0.029458047822117805, 0.03316114470362663, 0.03686424344778061, 0.040567342191934586, 0.04427044093608856, 0.04797353595495224, 0.051676634699106216, 0.05537973344326019, 0.05908282846212387, 0.06278592348098755, 0.06648902595043182, 0.0701921209692955, 0.07389522343873978, 0.07759831845760345, 0.08130142092704773, 0.08500451594591141, 0.08870761096477509, 0.09241071343421936, 0.09611380845308304, 0.09981690347194672, 0.10352000594139099, 0.10722310096025467, 0.11092619597911835, 0.11462929844856262, 0.1183323934674263, 0.12203548848628998, 0.12573859095573425]}, "gradients/conv2.0.weight": {"_type": "histogram", "values": [2.0, 3.0, 2.0, 3.0, 7.0, 2.0, 11.0, 11.0, 7.0, 6.0, 9.0, 10.0, 8.0, 18.0, 15.0, 14.0, 25.0, 29.0, 37.0, 44.0, 55.0, 43.0, 90.0, 120.0, 130.0, 136.0, 210.0, 262.0, 289.0, 360.0, 470.0, 514.0, 582.0, 692.0, 840.0, 871.0, 899.0, 1378.0, 944.0, 770.0, 616.0, 508.0, 427.0, 286.0, 245.0, 198.0, 158.0, 112.0, 82.0, 70.0, 41.0, 36.0, 23.0, 14.0, 20.0, 19.0, 3.0, 5.0, 1.0, 6.0, 5.0, 0.0, 3.0, 4.0], "bins": [-0.016311336308717728, -0.015876207500696182, -0.015441077761352062, -0.015005948022007942, -0.014570818282663822, -0.014135689474642277, -0.013700559735298157, -0.013265430927276611, -0.012830301187932491, -0.012395171448588371, -0.011960042640566826, -0.011524912901222706, -0.011089783161878586, -0.01065465435385704, -0.01021952461451292, -0.0097843948751688, -0.009349266067147255, -0.008914136327803135, -0.00847900751978159, -0.00804387778043747, -0.007608748506754637, -0.007173619233071804, -0.006738489493727684, -0.006303360220044851, -0.005868230015039444, -0.005433100741356611, -0.004997971002012491, -0.0045628417283296585, -0.004127712454646826, -0.0036925829481333494, -0.003257453441619873, -0.0028223241679370403, -0.0023871948942542076, -0.001952065504156053, -0.0015169361140578985, -0.0010818066075444221, -0.0006466772174462676, -0.00021154782734811306, 0.0002235816791653633, 0.000658710952848196, 0.0010938402265310287, 0.0015289696166291833, 0.001964099006727338, 0.002399228513240814, 0.002834357786923647, 0.0032694872934371233, 0.0037046167999505997, 0.004139746073633432, 0.004574875812977552, 0.005010005086660385, 0.005445134826004505, 0.005880264099687338, 0.006315393373370171, 0.006750523112714291, 0.007185652386397123, 0.007620781660079956, 0.008055911399424076, 0.008491041138768196, 0.008926169946789742, 0.009361299686133862, 0.009796429425477982, 0.010231558233499527, 0.010666687972843647, 0.011101817712187767, 0.011536946520209312]}, "gradients/conv2.0.bias": {"_type": "histogram", "values": [1.0, 0.0, 0.0, 0.0, 0.0, 0.0, 0.0, 0.0, 0.0, 0.0, 0.0, 0.0, 0.0, 0.0, 1.0, 0.0, 0.0, 0.0, 1.0, 0.0, 0.0, 0.0, 0.0, 2.0, 0.0, 1.0, 0.0, 0.0, 1.0, 0.0, 0.0, 0.0, 0.0, 0.0, 1.0, 1.0, 0.0, 1.0, 0.0, 1.0, 2.0, 0.0, 0.0, 2.0, 1.0, 0.0, 1.0, 0.0, 3.0, 1.0, 1.0, 1.0, 1.0, 2.0, 1.0, 0.0, 0.0, 1.0, 0.0, 0.0, 1.0, 0.0, 2.0, 1.0], "bins": [-0.02159557305276394, -0.021111221984028816, -0.020626870915293694, -0.02014251984655857, -0.019658168777823448, -0.019173815846443176, -0.018689464777708054, -0.01820511370897293, -0.017720762640237808, -0.017236411571502686, -0.016752060502767563, -0.01626770943403244, -0.015783358365297318, -0.01529900636523962, -0.014814655296504498, -0.014330304227769375, -0.013845953159034252, -0.01336160209029913, -0.012877251021564007, -0.01239289902150631, -0.011908547952771187, -0.011424196884036064, -0.010939845815300941, -0.010455494746565819, -0.009971143677830696, -0.009486792609095573, -0.00900244154036045, -0.008518090471625328, -0.00803373847156763, -0.007549387402832508, -0.007065036334097385, -0.006580685265362263, -0.006096333265304565, -0.005611982196569443, -0.005127630662173033, -0.00464327959343791, -0.0041589280590415, -0.0036745769903063774, -0.0031902259215712547, -0.0027058746200054884, -0.0022215228527784348, -0.0017371715512126684, -0.001252820366062224, -0.0007684691809117794, -0.00028411787934601307, 0.00020023342221975327, 0.000684584490954876, 0.0011689357925206423, 0.0016532866284251213, 0.0021376379299908876, 0.002621989231556654, 0.0031063403002917767, 0.003590691601857543, 0.004075042903423309, 0.004559393972158432, 0.005043745040893555, 0.005528096575289965, 0.006012447644025087, 0.006496799178421497, 0.00698115024715662, 0.007465501315891743, 0.00794985331594944, 0.008434204384684563, 0.008918555453419685, 0.009402906522154808]}, "gradients/conv1.0.weight": {"_type": "histogram", "values": [1.0, 2.0, 1.0, 0.0, 2.0, 0.0, 0.0, 0.0, 0.0, 0.0, 2.0, 0.0, 2.0, 1.0, 3.0, 4.0, 7.0, 6.0, 4.0, 9.0, 8.0, 6.0, 14.0, 12.0, 12.0, 12.0, 21.0, 12.0, 5.0, 19.0, 13.0, 26.0, 13.0, 18.0, 20.0, 9.0, 17.0, 22.0, 17.0, 11.0, 6.0, 9.0, 8.0, 6.0, 7.0, 4.0, 3.0, 3.0, 4.0, 7.0, 1.0, 2.0, 2.0, 1.0, 0.0, 2.0, 1.0, 1.0, 0.0, 0.0, 0.0, 0.0, 0.0, 2.0],