{"gradients/out.bias": {"_type": "histogram", "values": [1.0, 0.0, 0.0, 0.0, 0.0, 0.0, 0.0, 0.0, 0.0, 0.0, 0.0, 0.0, 0.0, 0.0, 0.0, 0.0, 0.0, 0.0, 0.0, 0.0, 1.0, 0.0, 0.0, 1.0, 0.0, 0.0, 0.0, 0.0, 0.0, 0.0, 0.0, 0.0, 1.0, 0.0, 0.0, 0.0, 1.0, 0.0, 0.0, 0.0, 1.0, 0.0, 0.0, 1.0, 0.0, 0.0, 1.0, 1.0, 0.0, 0.0, 0.0, 0.0, 0.0, 0.0, 0.0, 0.0, 0.0, 0.0, 0.0, 0.0, 0.0, 0.0, 0.0, 1.0], "bins": [-0.06780609488487244, -0.0658951848745346, -0.06398426741361618, -0.06207335367798805, -0.060162439942359924, -0.058251526206731796, -0.05634061247110367, -0.05442970246076584, -0.05251878499984741, -0.050607871264219284, -0.048696957528591156, -0.04678604379296303, -0.0448751300573349, -0.04296421632170677, -0.041053302586078644, -0.039142392575740814, -0.037231478840112686, -0.03532056510448456, -0.03340965136885643, -0.0314987376332283, -0.029587823897600174, -0.027676910161972046, -0.025765998288989067, -0.02385508455336094, -0.02194417268037796, -0.020033258944749832, -0.018122345209121704, -0.016211431473493576, -0.014300518669188023, -0.012389604933559895, -0.010478692129254341, -0.008567778393626213, -0.006656859070062637, -0.004745945334434509, -0.0028350320644676685, -0.0009241187945008278, 0.0009867949411273003, 0.0028977086767554283, 0.004808621481060982, 0.00671953521668911, 0.008630450814962387, 0.010541364550590515, 0.012452278286218643, 0.014363191090524197, 0.0162741057574749, 0.018185019493103027, 0.020095931366086006, 0.022006845101714134, 0.023917756974697113, 0.02582867071032524, 0.02773958444595337, 0.029650498181581497, 0.031561411917209625, 0.03347232565283775, 0.03538323938846588, 0.03729414939880371, 0.03920506685972214, 0.041115980595350266, 0.043026894330978394, 0.04493780806660652, 0.04684872180223465, 0.04875963553786278, 0.050670549273490906, 0.052581459283828735, 0.05449237301945686]}, "gradients/out.weight": {"_type": "histogram", "values": [1.0, 1.0, 0.0, 0.0, 0.0, 2.0, 2.0, 2.0, 1.0, 0.0, 2.0, 3.0, 1.0, 1.0, 5.0, 3.0, 5.0, 8.0, 2.0, 10.0, 11.0, 14.0, 17.0, 21.0, 26.0, 35.0, 38.0, 56.0, 68.0, 92.0, 101.0, 171.0, 201.0, 298.0, 485.0, 767.0, 1466.0, 6309.0, 2426.0, 1184.0, 673.0, 397.0, 265.0, 157.0, 96.0, 70.0, 57.0, 43.0, 18.0, 22.0, 11.0, 5.0, 5.0, 7.0, 5.0, 3.0, 5.0, 3.0, 1.0, 0.0, 1.0, 0.0, 0.0, 1.0], "bins": [-0.10440971702337265, -0.1016291081905365, -0.09884850680828094, -0.0960678979754448, -0.09328729659318924, -0.09050668776035309, -0.08772608637809753, -0.08494547754526138, -0.08216487616300583, -0.07938426733016968, -0.07660366594791412, -0.07382305711507797, -0.07104245573282242, -0.06826184689998627, -0.06548124551773071, -0.06270063668489456, -0.05992003157734871, -0.057139426469802856, -0.054358821362257004, -0.05157821625471115, -0.0487976111471653, -0.046017006039619446, -0.043236397206783295, -0.04045579582452774, -0.03767518699169159, -0.03489458188414574, -0.032113976776599884, -0.02933337166905403, -0.02655276656150818, -0.023772161453962326, -0.020991554483771324, -0.01821094937622547, -0.015430346131324768, -0.012649741023778915, -0.009869135916233063, -0.0070885298773646355, -0.004307924769818783, -0.0015273196622729301, 0.0012532863765954971, 0.00403389148414135, 0.006814494729042053, 0.009595099836587906, 0.012375704944133759, 0.015156310983002186, 0.017936915159225464, 0.020717520266771317, 0.02349812723696232, 0.02627873234450817, 0.029059339314699173, 0.031839944422245026, 0.03462054952979088, 0.03740115463733673, 0.040181759744882584, 0.042962364852428436, 0.04574297368526459, 0.04852357506752014, 0.05130418390035629, 0.054084789007902145, 0.056865394115448, 0.05964599922299385, 0.0624266043305397, 0.06520721316337585, 0.06798781454563141, 0.07076842337846756, 0.07354902476072311]}, "gradients/conv2.0.weight": {"_type": "histogram", "values": [1.0, 0.0, 0.0, 0.0, 0.0, 0.0, 0.0, 0.0, 1.0, 1.0, 0.0, 1.0, 3.0, 0.0, 0.0, 3.0, 0.0, 1.0, 1.0, 0.0, 1.0, 4.0, 5.0, 4.0, 5.0, 7.0, 4.0, 12.0, 10.0, 13.0, 18.0, 17.0, 16.0, 31.0, 18.0, 22.0, 39.0, 46.0, 60.0, 62.0, 84.0, 126.0, 135.0, 160.0, 232.0, 304.0, 429.0, 690.0, 1179.0, 5192.0, 2293.0, 763.0, 350.0, 177.0, 104.0, 54.0, 47.0, 29.0, 16.0, 9.0, 12.0, 7.0, 1.0, 1.0], "bins": [-0.06751172244548798, -0.0661577433347702, -0.06480377167463303, -0.06344979256391525, -0.06209581345319748, -0.060741838067770004, -0.05938786268234253, -0.058033883571624756, -0.05667990446090698, -0.05532592907547951, -0.053971949964761734, -0.05261797457933426, -0.051263995468616486, -0.04991002008318901, -0.048556044697761536, -0.04720206558704376, -0.04584809020161629, -0.04449411481618881, -0.04314013570547104, -0.041786160320043564, -0.04043218120932579, -0.039078205823898315, -0.03772422671318054, -0.03637025132775307, -0.03501627594232559, -0.03366230055689812, -0.032308321446180344, -0.03095434606075287, -0.029600366950035095, -0.02824639156460762, -0.026892414316534996, -0.025538437068462372, -0.0241844579577446, -0.022830480709671974, -0.02147650346159935, -0.020122528076171875, -0.0187685489654541, -0.017414573580026627, -0.016060596331954002, -0.014706619083881378, -0.013352639973163605, -0.01199866272509098, -0.010644685477018356, -0.009290709160268307, -0.007936731912195683, -0.006582754664123058, -0.005228778347373009, -0.0038748010993003845, -0.0025208257138729095, -0.001166848698630929, 0.00018712831661105156, 0.0015411050990223885, 0.0028950823470950127, 0.004249059595167637, 0.0056030359119176865, 0.006957013159990311, 0.008310990408062935, 0.009664967656135559, 0.011018944904208183, 0.012372921220958233, 0.013726898469030857, 0.015080875717103481, 0.01643485203385353, 0.017788829281926155, 0.01914280652999878]}, "gradients/conv2.0.bias": {"_type": "histogram", "values": [1.0, 0.0, 0.0, 1.0, 1.0, 0.0, 0.0, 0.0, 0.0, 1.0, 1.0, 0.0, 2.0, 0.0, 0.0, 2.0, 1.0, 0.0, 3.0, 1.0, 1.0, 0.0, 0.0, 1.0, 0.0, 1.0, 0.0, 1.0, 1.0, 4.0, 1.0, 1.0, 0.0, 0.0, 1.0, 0.0, 1.0, 0.0, 1.0, 0.0, 0.0, 0.0, 0.0, 0.0, 0.0, 0.0, 1.0, 0.0, 0.0, 1.0, 0.0, 0.0, 0.0, 0.0, 0.0, 0.0, 1.0, 0.0, 0.0, 0.0, 0.0, 0.0, 0.0, 1.0], "bins": [-0.02069626934826374, -0.019984053447842598, -0.019271837547421455, -0.018559621647000313, -0.01784740574657917, -0.017135189846158028, -0.016422975808382034, -0.01571075990796089, -0.014998543076217175, -0.014286327175796032, -0.01357411127537489, -0.012861896306276321, -0.012149680405855179, -0.011437464505434036, -0.010725248605012894, -0.010013032704591751, -0.009300816804170609, -0.008588600903749466, -0.007876385003328323, -0.007164169568568468, -0.0064519536681473255, -0.005739737767726183, -0.005027522332966328, -0.004315306432545185, -0.003603091463446617, -0.0028908755630254745, -0.0021786598954349756, -0.0014664442278444767, -0.0007542283274233341, -4.2012427002191544e-05, 0.0006702030077576637, 0.0013824189081788063, 0.0020946338772773743, 0.002806849777698517, 0.0035190654452890158, 0.004231281112879515, 0.004943497013300657, 0.0056557129137218, 0.006367928348481655, 0.007080144248902798, 0.007792361080646515, 0.008504576981067657, 0.0092167928814888, 0.009929008781909943, 0.010641224682331085, 0.011353440582752228, 0.012065655551850796, 0.012777871452271938, 0.013490086421370506, 0.014202302321791649, 0.014914518222212791, 0.015626734122633934, 0.016338950023055077, 0.01705116592347622, 0.017763379961252213, 0.018475595861673355, 0.019187811762094498, 0.01990002766251564, 0.020612243562936783, 0.021324459463357925, 0.022036675363779068, 0.02274889126420021, 0.023461107164621353, 0.024173323065042496, 0.02488553896546364]}, "gradients/conv1.0.weight": {"_type": "histogram", "values": [3.0, 1.0, 0.0, 0.0, 0.0, 1.0, 1.0, 0.0, 0.0, 0.0, 2.0, 0.0, 1.0, 3.0, 0.0, 2.0, 0.0, 0.0, 2.0, 0.0, 1.0, 1.0, 2.0, 1.0, 0.0, 2.0, 2.0, 3.0, 0.0, 0.0, 1.0, 5.0, 4.0, 3.0, 5.0, 3.0, 1.0, 3.0, 9.0, 6.0, 8.0, 3.0, 6.0, 13.0, 8.0, 15.0, 12.0, 9.0, 10.0, 9.0, 12.0, 10.0, 9.0, 6.0, 10.0, 13.0, 9.0, 10.0, 15.0, 15.0, 31.0, 88.0, 8.0, 3.0],