{"gradients/out.bias": {"_type": "histogram", "values": [1.0, 0.0, 0.0, 0.0, 1.0, 0.0, 0.0, 0.0, 0.0, 0.0, 1.0, 0.0, 0.0, 0.0, 0.0, 0.0, 0.0, 0.0, 0.0, 1.0, 0.0, 0.0, 0.0, 0.0, 0.0, 0.0, 0.0, 0.0, 0.0, 0.0, 0.0, 0.0, 1.0, 0.0, 1.0, 1.0, 0.0, 0.0, 0.0, 0.0, 0.0, 0.0, 0.0, 0.0, 0.0, 0.0, 0.0, 0.0, 0.0, 0.0, 0.0, 1.0, 0.0, 0.0, 0.0, 0.0, 1.0, 0.0, 0.0, 0.0, 0.0, 0.0, 0.0, 1.0], "bins": [-0.002856275998055935, -0.0027638874016702175, -0.0026714988052845, -0.0025791102088987827, -0.0024867216125130653, -0.002394333016127348, -0.0023019444197416306, -0.002209556056186557, -0.0021171674598008394, -0.002024778863415122, -0.0019323902670294046, -0.0018400016706436872, -0.0017476131906732917, -0.0016552245942875743, -0.001562835997901857, -0.0014704475179314613, -0.0013780588051304221, -0.0012856702087447047, -0.0011932816123589873, -0.0011008931323885918, -0.0010085045360028744, -0.000916115939617157, -0.0008237273432314396, -0.0007313388050533831, -0.0006389501504600048, -0.0005465615540742874, -0.00045417301589623094, -0.00036178441951051354, -0.0002693958522286266, -0.00017700728494673967, -8.461868856102228e-05, 7.769849617034197e-06, 0.00010015838779509068, 0.0001925469550769776, 0.00028493552235886455, 0.00037732411874458194, 0.0004697126860264689, 0.0005621012533083558, 0.0006544898496940732, 0.0007468783878721297, 0.0008392669260501862, 0.0009316555224359035, 0.001024044118821621, 0.0011164327152073383, 0.001208821195177734, 0.0013012097915634513, 0.0013935983879491687, 0.0014859868679195642, 0.0015783755807206035, 0.0016707641771063209, 0.0017631527734920382, 0.0018555412534624338, 0.0019479298498481512, 0.0020403184462338686, 0.002132707042619586, 0.0022250956390053034, 0.0023174842353910208, 0.002409872831776738, 0.0025022614281624556, 0.002594650024548173, 0.0026870386209338903, 0.002779426984488964, 0.0028718155808746815, 0.002964204177260399, 0.0030565927736461163]}, "gradients/out.weight": {"_type": "histogram", "values": [1.0, 0.0, 0.0, 0.0, 0.0, 1.0, 0.0, 1.0, 3.0, 3.0, 5.0, 4.0, 2.0, 6.0, 12.0, 20.0, 12.0, 18.0, 27.0, 23.0, 42.0, 37.0, 45.0, 50.0, 80.0, 94.0, 100.0, 116.0, 146.0, 191.0, 240.0, 387.0, 911.0, 10864.0, 858.0, 318.0, 189.0, 138.0, 115.0, 106.0, 91.0, 78.0, 59.0, 45.0, 49.0, 38.0, 32.0, 26.0, 13.0, 21.0, 14.0, 17.0, 3.0, 7.0, 4.0, 4.0, 2.0, 4.0, 2.0, 0.0, 2.0, 0.0, 2.0, 2.0], "bins": [-0.023969165980815887, -0.02324942871928215, -0.022529693320393562, -0.021809957921504974, -0.021090220659971237, -0.0203704833984375, -0.019650747999548912, -0.018931012600660324, -0.018211275339126587, -0.01749153807759285, -0.016771802678704262, -0.016052067279815674, -0.015332330018281937, -0.014612593688070774, -0.013892857357859612, -0.013173121027648449, -0.012453384697437286, -0.011733648367226124, -0.011013912037014961, -0.010294175706803799, -0.009574439376592636, -0.008854703046381474, -0.008134966716170311, -0.007415230385959148, -0.006695494055747986, -0.005975757725536823, -0.005256021395325661, -0.004536285065114498, -0.0038165487349033356, -0.003096812404692173, -0.0023770760744810104, -0.0016573397442698479, -0.0009376034140586853, -0.00021786708384752274, 0.0005018692463636398, 0.0012216055765748024, 0.001941341906785965, 0.0026610782369971275, 0.00338081456720829, 0.004100550897419453, 0.004820287227630615, 0.005540023557841778, 0.00625975988805294, 0.006979496218264103, 0.0076992325484752655, 0.008418968878686428, 0.00913870520889759, 0.009858441539108753, 0.010578177869319916, 0.011297914199531078, 0.012017650529742241, 0.012737386859953403, 0.013457123190164566, 0.014176859520375729, 0.014896595850586891, 0.015616332180798054, 0.016336068511009216, 0.017055805772542953, 0.01777554117143154, 0.01849527657032013, 0.019215013831853867, 0.019934751093387604, 0.02065448649227619, 0.02137422189116478, 0.022093959152698517]}, "gradients/conv2.0.weight": {"_type": "histogram", "values": [1.0, 0.0, 0.0, 0.0, 2.0, 0.0, 1.0, 0.0, 1.0, 0.0, 2.0, 5.0, 4.0, 8.0, 7.0, 20.0, 22.0, 29.0, 35.0, 25.0, 59.0, 79.0, 136.0, 160.0, 219.0, 313.0, 473.0, 705.0, 1020.0, 1924.0, 3494.0, 1241.0, 753.0, 518.0, 384.0, 287.0, 205.0, 173.0, 107.0, 85.0, 64.0, 55.0, 42.0, 36.0, 18.0, 16.0, 18.0, 6.0, 12.0, 3.0, 5.0, 5.0, 9.0, 1.0, 1.0, 3.0, 2.0, 0.0, 3.0, 1.0, 0.0, 2.0, 0.0, 1.0], "bins": [-0.012716006487607956, -0.012295047752559185, -0.011874089017510414, -0.011453130282461643, -0.011032171547412872, -0.010611212812364101, -0.01019025407731533, -0.00976929534226656, -0.009348336607217789, -0.008927377872169018, -0.008506419137120247, -0.008085460402071476, -0.007664501667022705, -0.007243542931973934, -0.006822584196925163, -0.006401625461876392, -0.0059806667268276215, -0.0055597079917788506, -0.00513874925673008, -0.004717790521681309, -0.004296831786632538, -0.003875873051583767, -0.003454914316534996, -0.003033955581486225, -0.0026129968464374542, -0.0021920381113886833, -0.0017710793763399124, -0.0013501206412911415, -0.0009291619062423706, -0.0005082031711935997, -8.72444361448288e-05, 0.0003337142989039421, 0.000754673033952713, 0.001175631769001484, 0.0015965905040502548, 0.0020175492390990257, 0.0024385079741477966, 0.0028594667091965675, 0.0032804254442453384, 0.0037013841792941093, 0.00412234291434288, 0.004543301649391651, 0.004964260384440422, 0.005385219119489193, 0.005806177854537964, 0.006227136589586735, 0.006648095324635506, 0.007069054059684277, 0.0074900127947330475, 0.007910971529781818, 0.00833193026483059, 0.00875288899987936, 0.009173847734928131, 0.009594806469976902, 0.010015765205025673, 0.010436723940074444, 0.010857682675123215, 0.011278641410171986, 0.011699600145220757, 0.012120558880269527, 0.012541517615318298, 0.01296247635036707, 0.01338343508541584, 0.013804393820464611, 0.014225352555513382]}, "gradients/conv2.0.bias": {"_type": "histogram", "values": [1.0, 1.0, 0.0, 0.0, 0.0, 1.0, 0.0, 0.0, 0.0, 0.0, 1.0, 0.0, 0.0, 1.0, 3.0, 1.0, 1.0, 1.0, 0.0, 0.0, 2.0, 1.0, 0.0, 1.0, 3.0, 0.0, 0.0, 2.0, 2.0, 0.0, 1.0, 1.0, 1.0, 1.0, 0.0, 0.0, 0.0, 0.0, 1.0, 0.0, 0.0, 1.0, 0.0, 0.0, 1.0, 0.0, 0.0, 0.0, 0.0, 0.0, 0.0, 0.0, 0.0, 0.0, 0.0, 1.0, 0.0, 0.0, 0.0, 0.0, 0.0, 0.0, 1.0, 1.0], "bins": [-0.0026347069069743156, -0.002531680976971984, -0.0024286548141390085, -0.002325628884136677, -0.002222602954134345, -0.0021195770241320133, -0.002016550861299038, -0.0019135249312967062, -0.0018104990012943745, -0.001707472954876721, -0.0016044470248743892, -0.0015014209784567356, -0.0013983950484544039, -0.0012953690020367503, -0.0011923429556190968, -0.001089317025616765, -0.0009862909791991115, -0.0008832649909891188, -0.0007802390027791262, -0.0006772129563614726, -0.0005741870263591409, -0.0004711609799414873, -0.00036813499173149467, -0.000265109003521502, -0.00016208295710384846, -5.9056961617898196e-05, 4.3969033868052065e-05, 0.00014699503662995994, 0.0002500210248399526, 0.0003530470421537757, 0.00045607303036376834, 0.000559099018573761, 0.0006621249485760927, 0.0007651509367860854, 0.000868176924996078, 0.0009712029714137316, 0.0010742289014160633, 0.0011772549478337169, 0.0012802809942513704, 0.0013833069242537022, 0.001486332854256034, 0.0015893589006736875, 0.0016923848306760192, 0.0017954108770936728, 0.0018984368070960045, 0.00200146296992898, 0.0021044888999313116, 0.0022075148299336433, 0.0023105409927666187, 0.0024135669227689505, 0.002516593085601926, 0.0026196190156042576, 0.0027226449456065893, 0.002825670875608921, 0.0029286970384418964, 0.003031722968444228, 0.00313474889844656, 0.0032377748284488916, 0.003340800991281867, 0.0034438269212841988, 0.0035468528512865305, 0.0036498787812888622, 0.0037529049441218376, 0.0038559308741241693, 0.003958956804126501]}, "gradients/conv1.0.weight": {"_type": "histogram",