{"gradients/out.bias": {"_type": "histogram", "values": [1.0, 0.0, 0.0, 0.0, 0.0, 0.0, 0.0, 0.0, 0.0, 0.0, 0.0, 0.0, 0.0, 0.0, 0.0, 0.0, 0.0, 0.0, 0.0, 0.0, 0.0, 1.0, 0.0, 0.0, 0.0, 0.0, 0.0, 0.0, 0.0, 0.0, 0.0, 0.0, 0.0, 0.0, 0.0, 0.0, 0.0, 0.0, 0.0, 0.0, 0.0, 0.0, 0.0, 3.0, 0.0, 1.0, 0.0, 0.0, 0.0, 0.0, 0.0, 1.0, 0.0, 1.0, 0.0, 0.0, 0.0, 0.0, 0.0, 1.0, 0.0, 0.0, 0.0, 1.0], "bins": [-0.00616359943524003, -0.006019139662384987, -0.005874679423868656, -0.005730219651013613, -0.005585759878158569, -0.005441300105303526, -0.0052968403324484825, -0.005152380093932152, -0.005007920321077108, -0.004863460548222065, -0.004719000309705734, -0.004574540536850691, -0.004430080763995647, -0.004285620991140604, -0.004141161218285561, -0.00399670097976923, -0.0038522412069141865, -0.003707781434059143, -0.003563321428373456, -0.003418861422687769, -0.0032744016498327255, -0.003129941876977682, -0.002985481871291995, -0.002841021865606308, -0.0026965620927512646, -0.002552102319896221, -0.002407642314210534, -0.002263182308524847, -0.0021187225356698036, -0.00197426276281476, -0.0018298027571290731, -0.001685342867858708, -0.001540882745757699, -0.0013964228564873338, -0.0012519629672169685, -0.0011075030779466033, -0.0009630431886762381, -0.0008185832994058728, -0.0006741234101355076, -0.0005296635208651423, -0.0003852036315947771, -0.00024074374232441187, -9.628385305404663e-05, 4.817603621631861e-05, 0.00019263592548668385, 0.0003370958147570491, 0.0004815557040274143, 0.0006260155932977796, 0.0007704754825681448, 0.00091493537183851, 0.0010593952611088753, 0.0012038551503792405, 0.0013483150396496058, 0.001492774928919971, 0.0016372348181903362, 0.0017816947074607015, 0.0019261545967310667, 0.0020706146024167538, 0.002215074375271797, 0.0023595341481268406, 0.0025039941538125277, 0.0026484541594982147, 0.002792913932353258, 0.0029373737052083015, 0.0030818337108939886]}, "gradients/out.weight": {"_type": "histogram", "values": [1.0, 0.0, 0.0, 2.0, 1.0, 3.0, 1.0, 1.0, 5.0, 4.0, 2.0, 2.0, 4.0, 8.0, 4.0, 2.0, 3.0, 2.0, 11.0, 10.0, 5.0, 5.0, 11.0, 10.0, 16.0, 22.0, 20.0, 13.0, 18.0, 19.0, 28.0, 32.0, 41.0, 35.0, 45.0, 47.0, 63.0, 108.0, 107.0, 165.0, 296.0, 11447.0, 1445.0, 568.0, 300.0, 170.0, 149.0, 117.0, 77.0, 58.0, 47.0, 29.0, 31.0, 13.0, 12.0, 6.0, 15.0, 8.0, 2.0, 4.0, 6.0, 1.0, 1.0, 2.0], "bins": [-0.04918814077973366, -0.048009421676397324, -0.04683069884777069, -0.04565197974443436, -0.04447326064109802, -0.04329454153776169, -0.042115818709135056, -0.04093709960579872, -0.03975837677717209, -0.038579657673835754, -0.03740093484520912, -0.03622221574187279, -0.03504349663853645, -0.03386477380990982, -0.032686054706573486, -0.03150733560323715, -0.030328616499900818, -0.029149895533919334, -0.027971176430583, -0.026792455464601517, -0.025613736361265182, -0.0244350153952837, -0.023256294429302216, -0.02207757532596588, -0.020898854359984398, -0.019720133394002914, -0.01854141429066658, -0.017362693324685097, -0.016183972358703613, -0.015005253255367279, -0.013826532289385796, -0.012647812254726887, -0.011469094082713127, -0.010290374048054218, -0.00911165401339531, -0.007932933047413826, -0.006754213012754917, -0.005575492978096008, -0.004396772477775812, -0.003218051977455616, -0.002039331942796707, -0.0008606116753071547, 0.00031810859218239784, 0.0014968288596719503, 0.002675549127161503, 0.0038542691618204117, 0.005032989662140608, 0.006211710162460804, 0.007390430197119713, 0.008569150231778622, 0.00974787026643753, 0.010926591232419014, 0.012105311267077923, 0.013284031301736832, 0.014462752267718315, 0.0156414732336998, 0.016820192337036133, 0.017998913303017616, 0.01917763240635395, 0.020356353372335434, 0.021535072475671768, 0.02271379344165325, 0.023892514407634735, 0.02507123351097107, 0.026249954476952553]}, "gradients/conv2.0.weight": {"_type": "histogram", "values": [2.0, 2.0, 1.0, 0.0, 0.0, 1.0, 2.0, 2.0, 1.0, 1.0, 1.0, 0.0, 0.0, 2.0, 0.0, 5.0, 2.0, 8.0, 14.0, 12.0, 15.0, 12.0, 19.0, 15.0, 19.0, 36.0, 48.0, 40.0, 55.0, 87.0, 99.0, 143.0, 202.0, 271.0, 352.0, 534.0, 752.0, 1122.0, 1713.0, 3397.0, 1609.0, 773.0, 471.0, 306.0, 195.0, 127.0, 119.0, 57.0, 45.0, 27.0, 23.0, 10.0, 15.0, 12.0, 7.0, 4.0, 3.0, 3.0, 3.0, 1.0, 0.0, 1.0, 1.0, 1.0], "bins": [-0.021961208432912827, -0.02140837535262108, -0.02085554413497448, -0.02030271105468273, -0.019749877974390984, -0.019197046756744385, -0.018644213676452637, -0.01809138059616089, -0.01753854751586914, -0.016985714435577393, -0.016432883217930794, -0.015880050137639046, -0.015327217057347298, -0.014774384908378124, -0.01422155275940895, -0.013668719679117203, -0.013115888461470604, -0.01256305631250143, -0.012010223232209682, -0.011457391083240509, -0.010904558002948761, -0.010351725853979588, -0.009798893705010414, -0.009246060624718666, -0.008693228475749493, -0.00814039632678032, -0.007587563246488571, -0.007034731097519398, -0.006481898482888937, -0.005929065868258476, -0.005376233719289303, -0.004823401104658842, -0.004270569421350956, -0.0037177368067204952, -0.003164904424920678, -0.002612072043120861, -0.0020592394284904003, -0.0015064068138599396, -0.0009535744320601225, -0.0004007420502603054, 0.00015209056437015533, 0.0007049230625852942, 0.0012577555608004332, 0.001810588059015572, 0.002363420557230711, 0.0029162531718611717, 0.003469085553660989, 0.004021917935460806, 0.004574750550091267, 0.005127583164721727, 0.005680415779352188, 0.0062332479283213615, 0.006786080542951822, 0.007338913157582283, 0.007891745306551456, 0.00844457745552063, 0.008997410535812378, 0.009550242684781551, 0.0101030757650733, 0.010655907914042473, 0.011208740994334221, 0.011761573143303394, 0.012314405292272568, 0.012867238372564316, 0.01342007052153349]}, "gradients/conv2.0.bias": {"_type": "histogram", "values": [1.0, 0.0, 0.0, 0.0, 0.0, 0.0, 0.0, 0.0, 0.0, 0.0, 1.0, 0.0, 0.0, 0.0, 0.0, 2.0, 1.0, 0.0, 1.0, 0.0, 0.0, 0.0, 0.0, 0.0, 1.0, 3.0, 1.0, 0.0, 0.0, 0.0, 1.0, 1.0, 1.0, 0.0, 0.0, 1.0, 0.0, 2.0, 0.0, 2.0, 2.0, 2.0, 0.0, 1.0, 2.0, 1.0, 0.0, 0.0, 1.0, 0.0, 0.0, 0.0, 2.0, 0.0, 0.0, 0.0, 0.0, 0.0, 0.0, 0.0, 0.0, 0.0, 0.0, 2.0], "bins": [-0.005533871706575155, -0.005407238844782114, -0.0052806055173277855, -0.005153972655534744, -0.005027339793741703, -0.004900706931948662, -0.004774073604494333, -0.004647440742701292, -0.0045208074152469635, -0.004394174553453922, -0.004267541225999594, -0.0041409083642065525, -0.004014275502413511, -0.0038876424077898264, -0.0037610093131661415, -0.0036343764513731003, -0.003507743589580059, -0.003381110494956374, -0.003254477633163333, -0.003127844538539648, -0.003001211676746607, -0.002874578582122922, -0.002747945487499237, -0.002621312625706196, -0.002494679531082511, -0.002368046436458826, -0.002241413574665785, -0.0021147804800421, -0.001988147385418415, -0.0018615145236253738, -0.001734881429001689, -0.001608248450793326, -0.0014816150069236755, -0.0013549820287153125, -0.0012283490505069494, -0.0011017159558832645, -0.0009750829776749015, -0.0008484499994665384, -0.0007218169630505145, -0.0005951839266344905, -0.00046855094842612743, -0.0003419179411139339, -0.0002152849338017404, -8.86519264895469e-05, 3.798108082264662e-05, 0.00016461405903100967, 0.00029124709544703364, 0.0004178801318630576, 0.0005445131100714207, 0.0006711460882797837, 0.0007977791246958077, 0.0009244121611118317, 0.0010510451393201947, 0.0011776781175285578, 0.0013043112121522427, 0.0014309441903606057, 0.0015575771685689688, 0.0016842101467773318, 0.0018108431249856949, 0.0019374762196093798, 0.0020641093142330647, 0.002190742176026106, 0.0023173752706497908, 0.0024440083652734756, 0.002570641227066517]}, "gradients/conv1.0.weight": {"_type": "histogram",