{"gradients/out.bias": {"_type": "histogram", "values": [3.0, 0.0, 0.0, 0.0, 0.0, 0.0, 0.0, 0.0, 0.0, 0.0, 0.0, 1.0, 0.0, 0.0, 0.0, 0.0, 0.0, 0.0, 0.0, 1.0, 0.0, 0.0, 0.0, 0.0, 0.0, 0.0, 0.0, 1.0, 0.0, 0.0, 0.0, 0.0, 0.0, 0.0, 1.0, 0.0, 0.0, 0.0, 0.0, 0.0, 0.0, 1.0, 0.0, 0.0, 0.0, 0.0, 0.0, 0.0, 0.0, 0.0, 0.0, 0.0, 0.0, 0.0, 0.0, 0.0, 0.0, 1.0, 0.0, 0.0, 0.0, 0.0, 0.0, 1.0], "bins": [-0.03712926805019379, -0.03568865731358528, -0.034248046576976776, -0.03280743211507797, -0.03136682137846947, -0.029926210641860962, -0.028485599905252457, -0.027044987305998802, -0.025604374706745148, -0.024163763970136642, -0.022723151370882988, -0.021282540634274483, -0.019841928035020828, -0.018401317298412323, -0.016960706561803818, -0.015520093962550163, -0.014079483225941658, -0.012638871558010578, -0.011198259890079498, -0.009757649153470993, -0.008317036554217339, -0.006876425351947546, -0.0054358141496777534, -0.003995202481746674, -0.0025545917451381683, -0.0011139801936224103, 0.00032663135789334774, 0.001767242792993784, 0.003207854460924864, 0.004648466128855944, 0.006089077331125736, 0.007529688999056816, 0.00897030159831047, 0.01041091326624155, 0.01185152493417263, 0.013292135670781136, 0.01473274827003479, 0.016173359006643295, 0.0176139697432518, 0.019054582342505455, 0.02049519494175911, 0.021935805678367615, 0.02337641827762127, 0.024817029014229774, 0.02625764161348343, 0.027698252350091934, 0.02913886308670044, 0.030579475685954094, 0.03202008455991745, 0.033460695296525955, 0.03490130603313446, 0.036341920495033264, 0.03778253123164177, 0.039223141968250275, 0.04066375270485878, 0.042104363441467285, 0.04354497790336609, 0.044985588639974594, 0.0464261993765831, 0.0478668138384819, 0.04930742457509041, 0.050748035311698914, 0.05218864604830742, 0.053629256784915924, 0.05506987124681473]}, "gradients/out.weight": {"_type": "histogram", "values": [1.0, 0.0, 0.0, 3.0, 3.0, 3.0, 0.0, 1.0, 0.0, 2.0, 3.0, 4.0, 2.0, 3.0, 2.0, 9.0, 5.0, 13.0, 14.0, 14.0, 13.0, 25.0, 44.0, 53.0, 48.0, 72.0, 93.0, 114.0, 152.0, 195.0, 276.0, 489.0, 861.0, 1749.0, 6793.0, 2042.0, 955.0, 508.0, 323.0, 229.0, 135.0, 102.0, 74.0, 65.0, 52.0, 40.0, 24.0, 12.0, 16.0, 10.0, 8.0, 4.0, 2.0, 7.0, 1.0, 4.0, 0.0, 4.0, 2.0, 1.0, 0.0, 0.0, 0.0, 1.0], "bins": [-0.17592398822307587, -0.17081616818904877, -0.16570833325386047, -0.16060051321983337, -0.15549267828464508, -0.15038485825061798, -0.1452770233154297, -0.1401692032814026, -0.1350613832473755, -0.1299535632133484, -0.1248457282781601, -0.1197379007935524, -0.1146300733089447, -0.1095222532749176, -0.1044144257903099, -0.09930659830570221, -0.09419876337051392, -0.08909093588590622, -0.08398310840129852, -0.07887528091669083, -0.07376745343208313, -0.06865963339805603, -0.06355180591344833, -0.05844397842884064, -0.05333615094423294, -0.048228323459625244, -0.04312049597501755, -0.03801267221570015, -0.03290484473109245, -0.027797017246484756, -0.02268919162452221, -0.017581366002559662, -0.012473538517951965, -0.007365711964666843, -0.0022578854113817215, 0.0028499411419034004, 0.007957767695188522, 0.013065595179796219, 0.018173420801758766, 0.023281246423721313, 0.02838907390832901, 0.03349690139293671, 0.0386047288775444, 0.0437125526368618, 0.0488203801214695, 0.053928207606077194, 0.05903603136539459, 0.06414385885000229, 0.06925168633460999, 0.07435951381921768, 0.07946734130382538, 0.08457516878843307, 0.08968299627304077, 0.09479081630706787, 0.09989864379167557, 0.10500647127628326, 0.11011429876089096, 0.11522212624549866, 0.12032995373010635, 0.12543778121471405, 0.13054560124874115, 0.13565343618392944, 0.14076125621795654, 0.14586907625198364, 0.15097691118717194]}, "gradients/conv2.0.weight": {"_type": "histogram", "values": [1.0, 3.0, 0.0, 0.0, 0.0, 0.0, 3.0, 0.0, 0.0, 1.0, 1.0, 1.0, 4.0, 3.0, 3.0, 3.0, 3.0, 4.0, 4.0, 7.0, 7.0, 6.0, 10.0, 6.0, 12.0, 11.0, 6.0, 18.0, 17.0, 20.0, 22.0, 27.0, 37.0, 42.0, 59.0, 51.0, 84.0, 109.0, 136.0, 196.0, 255.0, 341.0, 410.0, 572.0, 1060.0, 1791.0, 4960.0, 1315.0, 527.0, 257.0, 148.0, 87.0, 54.0, 29.0, 29.0, 21.0, 10.0, 6.0, 2.0, 2.0, 0.0, 3.0, 2.0, 2.0], "bins": [-0.07920364290475845, -0.07750397175550461, -0.07580430060625076, -0.07410462945699692, -0.07240495830774307, -0.07070529460906982, -0.06900562345981598, -0.06730595231056213, -0.06560628116130829, -0.06390661001205444, -0.0622069388628006, -0.06050726771354675, -0.058807600289583206, -0.05710792914032936, -0.055408257991075516, -0.05370858684182167, -0.052008915692567825, -0.05030924454331398, -0.048609573394060135, -0.04690990597009659, -0.04521023482084274, -0.0435105636715889, -0.04181089252233505, -0.04011122137308121, -0.03841155022382736, -0.03671187907457352, -0.03501220792531967, -0.033312536776065826, -0.03161286935210228, -0.029913198202848434, -0.02821352705359459, -0.026513855904340744, -0.024814192205667496, -0.02311452105641365, -0.021414851769804955, -0.01971518062055111, -0.018015511333942413, -0.016315840184688568, -0.014616169035434723, -0.012916498817503452, -0.011216830462217331, -0.00951716024428606, -0.00781749002635479, -0.0061178188771009445, -0.004418148659169674, -0.0027184784412384033, -0.001018807291984558, 0.0006808629259467125, 0.0023805350065231323, 0.004080205224454403, 0.005779875908046961, 0.007479546591639519, 0.00917921680957079, 0.01087888702750206, 0.012578558176755905, 0.014278228394687176, 0.015977898612618446, 0.01767756976187229, 0.019377239048480988, 0.021076910197734833, 0.022776581346988678, 0.024476250633597374, 0.02617592178285122, 0.027875591069459915, 0.02957526221871376]}, "gradients/conv2.0.bias": {"_type": "histogram", "values": [1.0, 0.0, 0.0, 0.0, 0.0, 0.0, 0.0, 1.0, 0.0, 1.0, 2.0, 0.0, 1.0, 0.0, 0.0, 0.0, 0.0, 1.0, 1.0, 0.0, 1.0, 0.0, 0.0, 1.0, 1.0, 3.0, 1.0, 1.0, 0.0, 2.0, 2.0, 1.0, 1.0, 2.0, 2.0, 0.0, 0.0, 0.0, 2.0, 1.0, 0.0, 0.0, 1.0, 0.0, 0.0, 0.0, 0.0, 1.0, 0.0, 0.0, 0.0, 0.0, 0.0, 0.0, 0.0, 0.0, 0.0, 0.0, 0.0, 0.0, 0.0, 0.0, 0.0, 1.0], "bins": [-0.030003245919942856, -0.02904643677175045, -0.028089625760912895, -0.02713281661272049, -0.026176007464528084, -0.02521919645369053, -0.024262387305498123, -0.023305576294660568, -0.022348767146468163, -0.021391957998275757, -0.020435146987438202, -0.019478337839245796, -0.01852152869105339, -0.017564717680215836, -0.01660790853202343, -0.015651099383831024, -0.014694289304316044, -0.013737479224801064, -0.012780670076608658, -0.011823859997093678, -0.010867049917578697, -0.009910240769386292, -0.008953430689871311, -0.007996620610356331, -0.007039811462163925, -0.006083001848310232, -0.005126191768795252, -0.004169382154941559, -0.003212572308257222, -0.0022557624615728855, -0.0012989528477191925, -0.0003421427682042122, 0.0006146673113107681, 0.0015714771579951048, 0.0025282870046794415, 0.0034850966185331345, 0.004441906698048115, 0.005398716311901808, 0.006355525925755501, 0.007312336005270481, 0.008269146084785461, 0.009225956164300442, 0.010182765312492847, 0.011139575392007828, 0.012096385471522808, 0.013053195551037788, 0.014010004699230194, 0.014966814778745174, 0.015923622995615005, 0.01688043214380741, 0.017837243154644966, 0.018794052302837372, 0.019750861451029778, 0.020707672461867332, 0.021664481610059738, 0.022621292620897293, 0.0235781017690897, 0.024534910917282104, 0.02549172192811966, 0.026448531076312065, 0.02740534022450447, 0.028362151235342026, 0.02931896038353443, 0.030275769531726837, 0.031232580542564392]}, "gradients/conv1.0.weight": {"_type": "histogram", "values": [1.0, 0.0, 0.0, 2.0, 1.0, 0.0, 0.0, 1.0, 0.0, 0.0, 1.0, 0.0, 0.0, 2.0, 1.0, 1.0, 1.0, 1.0, 2.0, 0.0, 3.0, 0.0, 0.0, 0.0, 3.0, 4.0, 3.0, 1.0, 4.0, 2.0, 2.0, 6.0, 3.0, 4.0, 4.0, 2.0, 5.0, 3.0, 4.0, 1.0, 3.0, 8.0, 6.0, 9.0, 8.0, 7.0, 6.0, 13.0, 11.0, 5.0, 4.0, 9.0, 17.0, 11.0, 13.0, 9.0, 15.0, 18.0, 34.0, 24.0, 87.0, 8.0, 3.0, 4.0],