{"gradients/out.bias": {"_type": "histogram", "values": [1.0, 0.0, 0.0, 0.0, 0.0, 0.0, 0.0, 0.0, 0.0, 0.0, 0.0, 1.0, 0.0, 0.0, 0.0, 0.0, 0.0, 0.0, 0.0, 0.0, 1.0, 0.0, 0.0, 0.0, 0.0, 5.0, 0.0, 0.0, 0.0, 0.0, 0.0, 1.0, 0.0, 0.0, 0.0, 0.0, 0.0, 0.0, 0.0, 0.0, 0.0, 0.0, 0.0, 0.0, 0.0, 0.0, 0.0, 0.0, 0.0, 0.0, 0.0, 0.0, 0.0, 0.0, 0.0, 0.0, 0.0, 0.0, 0.0, 0.0, 0.0, 0.0, 0.0, 1.0], "bins": [-0.01563572883605957, -0.0150204598903656, -0.01440519094467163, -0.013789921998977661, -0.013174653053283691, -0.012559384107589722, -0.011944115161895752, -0.011328846216201782, -0.010713577270507812, -0.010098308324813843, -0.009483039379119873, -0.008867770433425903, -0.008252501487731934, -0.007637232542037964, -0.007021963596343994, -0.006406694650650024, -0.005791425704956055, -0.005176156759262085, -0.004560887813568115, -0.0039456188678741455, -0.0033303499221801758, -0.002715080976486206, -0.0020998120307922363, -0.0014845430850982666, -0.0008692741394042969, -0.00025400519371032715, 0.0003612637519836426, 0.0009765326976776123, 0.001591801643371582, 0.0022070705890655518, 0.0028223395347595215, 0.003437608480453491, 0.004052877426147461, 0.004668146371841431, 0.0052834153175354, 0.00589868426322937, 0.00651395320892334, 0.00712922215461731, 0.007744491100311279, 0.008359760046005249, 0.008975028991699219, 0.009590297937393188, 0.010205566883087158, 0.010820835828781128, 0.011436104774475098, 0.012051373720169067, 0.012666642665863037, 0.013281911611557007, 0.013897180557250977, 0.014512449502944946, 0.015127718448638916, 0.015742987394332886, 0.016358256340026855, 0.016973525285720825, 0.017588794231414795, 0.018204063177108765, 0.018819332122802734, 0.019434601068496704, 0.020049870014190674, 0.020665138959884644, 0.021280407905578613, 0.021895676851272583, 0.022510945796966553, 0.023126214742660522, 0.023741483688354492]}, "gradients/out.weight": {"_type": "histogram", "values": [1.0, 0.0, 0.0, 1.0, 0.0, 0.0, 0.0, 0.0, 0.0, 2.0, 2.0, 0.0, 1.0, 1.0, 1.0, 2.0, 2.0, 3.0, 4.0, 0.0, 2.0, 6.0, 7.0, 7.0, 6.0, 6.0, 17.0, 8.0, 13.0, 24.0, 29.0, 54.0, 15253.0, 82.0, 37.0, 25.0, 9.0, 9.0, 13.0, 9.0, 3.0, 5.0, 7.0, 6.0, 1.0, 0.0, 2.0, 1.0, 3.0, 3.0, 0.0, 2.0, 2.0, 1.0, 1.0, 2.0, 0.0, 1.0, 0.0, 0.0, 0.0, 1.0, 2.0, 1.0], "bins": [-0.10968238115310669, -0.10631917417049408, -0.10295596718788147, -0.09959276020526886, -0.09622955322265625, -0.09286634624004364, -0.08950313925743103, -0.08613993227481842, -0.08277672529220581, -0.0794135183095932, -0.07605031132698059, -0.07268710434436798, -0.06932389736175537, -0.06596069037914276, -0.06259748339653015, -0.05923427641391754, -0.05587107315659523, -0.05250786617398262, -0.04914465919137001, -0.0457814522087574, -0.04241824522614479, -0.03905504196882248, -0.03569183498620987, -0.03232862800359726, -0.02896542102098465, -0.02560221403837204, -0.02223900705575943, -0.01887580007314682, -0.015512594021856785, -0.01214938797056675, -0.00878618098795414, -0.00542297400534153, -0.0020597651600837708, 0.0013034415896981955, 0.004666648339480162, 0.008029854856431484, 0.011393061839044094, 0.01475626789033413, 0.01811947487294674, 0.02148268185555935, 0.024845890700817108, 0.028209097683429718, 0.03157230466604233, 0.03493551164865494, 0.03829871863126755, 0.04166192561388016, 0.04502513259649277, 0.04838833957910538, 0.05175154283642769, 0.0551147498190403, 0.05847795680165291, 0.06184116378426552, 0.06520436704158783, 0.06856757402420044, 0.07193078100681305, 0.07529398798942566, 0.07865719497203827, 0.08202040195465088, 0.08538360893726349, 0.0887468159198761, 0.09211002290248871, 0.09547322988510132, 0.09883643686771393, 0.10219964385032654, 0.10556285083293915]}, "gradients/conv2.0.weight": {"_type": "histogram", "values": [3.0, 0.0, 1.0, 1.0, 2.0, 0.0, 1.0, 2.0, 1.0, 0.0, 0.0, 1.0, 3.0, 4.0, 4.0, 4.0, 3.0, 8.0, 11.0, 7.0, 14.0, 23.0, 23.0, 40.0, 46.0, 62.0, 106.0, 244.0, 11858.0, 108.0, 47.0, 45.0, 28.0, 21.0, 15.0, 14.0, 9.0, 6.0, 8.0, 1.0, 5.0, 1.0, 0.0, 3.0, 3.0, 0.0, 3.0, 0.0, 1.0, 2.0, 1.0, 1.0, 2.0, 0.0, 0.0, 0.0, 0.0, 1.0, 0.0, 0.0, 0.0, 0.0, 0.0, 3.0], "bins": [-0.11359663307666779, -0.10955779254436493, -0.10551895201206207, -0.10148011147975922, -0.09744127094745636, -0.0934024304151535, -0.08936358243227005, -0.0853247418999672, -0.08128590136766434, -0.07724706083536148, -0.07320822030305862, -0.06916937977075577, -0.06513053178787231, -0.061091694980859756, -0.0570528507232666, -0.053014010190963745, -0.04897516965866089, -0.04493632912635803, -0.040897488594055176, -0.03685864433646202, -0.032819803804159164, -0.028780963271856308, -0.024742120876908302, -0.020703278481960297, -0.01666443794965744, -0.012625596486032009, -0.008586755022406578, -0.004547913558781147, -0.0005090720951557159, 0.0035297684371471405, 0.007568610832095146, 0.011607453227043152, 0.01564629375934601, 0.019685134291648865, 0.02372397668659687, 0.027762819081544876, 0.03180165961384773, 0.03584050014615059, 0.039879344403743744, 0.0439181849360466, 0.04795702546834946, 0.05199586600065231, 0.05603470653295517, 0.060073550790548325, 0.06411239504814148, 0.06815123558044434, 0.07219007611274719, 0.07622891664505005, 0.0802677571773529, 0.08430659770965576, 0.08834543824195862, 0.09238427877426147, 0.09642311930656433, 0.10046195983886719, 0.10450080782175064, 0.1085396483540535, 0.11257848888635635, 0.11661732941865921, 0.12065616995096207, 0.12469501048326492, 0.12873385846614838, 0.13277269899845123, 0.1368115395307541, 0.14085038006305695, 0.1448892205953598]}, "gradients/conv2.0.bias": {"_type": "histogram", "values": [1.0, 1.0, 0.0, 0.0, 0.0, 0.0, 0.0, 0.0, 0.0, 0.0, 0.0, 0.0, 0.0, 0.0, 2.0, 0.0, 0.0, 0.0, 0.0, 0.0, 1.0, 0.0, 0.0, 0.0, 0.0, 0.0, 1.0, 0.0, 0.0, 0.0, 22.0, 0.0, 0.0, 0.0, 1.0, 0.0, 0.0, 0.0, 1.0, 0.0, 0.0, 0.0, 0.0, 0.0, 0.0, 1.0, 0.0, 0.0, 0.0, 0.0, 0.0, 0.0, 0.0, 0.0, 0.0, 0.0, 0.0, 0.0, 0.0, 0.0, 0.0, 0.0, 0.0, 1.0], "bins": [-0.10865139961242676, -0.10514187812805176, -0.10163235664367676, -0.09812283515930176, -0.09461331367492676, -0.09110379219055176, -0.08759427070617676, -0.08408474922180176, -0.08057522773742676, -0.07706570625305176, -0.07355618476867676, -0.07004666328430176, -0.06653714179992676, -0.06302762031555176, -0.05951809883117676, -0.05600857734680176, -0.05249905586242676, -0.04898953437805176, -0.04548001289367676, -0.04197049140930176, -0.03846096992492676, -0.03495144844055176, -0.03144192695617676, -0.027932405471801758, -0.024422883987426758, -0.020913362503051758, -0.017403841018676758, -0.013894319534301758, -0.010384798049926758, -0.006875276565551758, -0.003365755081176758, 0.0001437664031982422, 0.003653287887573242, 0.007162809371948242, 0.010672330856323242, 0.014181852340698242, 0.017691373825073242, 0.021200895309448242, 0.024710416793823242, 0.028219938278198242, 0.03172945976257324, 0.03523898124694824, 0.03874850273132324, 0.04225802421569824, 0.04576754570007324, 0.04927706718444824, 0.05278658866882324, 0.05629611015319824, 0.05980563163757324, 0.06331515312194824, 0.06682467460632324, 0.07033419609069824, 0.07384371757507324, 0.07735323905944824, 0.08086276054382324, 0.08437228202819824, 0.08788180351257324, 0.09139132499694824, 0.09490084648132324, 0.09841036796569824, 0.10191988945007324, 0.10542941093444824, 0.10893893241882324, 0.11244845390319824, 0.11595797538757324]}, "gradients/conv1.0.weight": {"_type": "histogram", "values": [1.0, 0.0, 2.0, 1.0, 0.0, 0.0, 0.0, 1.0, 0.0, 1.0, 0.0, 2.0, 0.0, 1.0, 2.0, 1.0, 1.0, 2.0, 1.0, 1.0, 0.0, 6.0, 1.0, 3.0, 3.0, 1.0, 2.0, 4.0, 4.0, 13.0, 8.0, 11.0, 5.0, 13.0, 9.0, 213.0, 34.0, 9.0, 9.0, 3.0, 4.0, 3.0, 3.0, 2.0, 1.0, 2.0, 1.0, 0.0, 1.0, 1.0, 2.0, 1.0, 2.0, 2.0, 1.0, 0.0, 1.0, 0.0, 0.0, 0.0, 0.0, 2.0, 1.0, 2.0],