{"gradients/out.bias": {"_type": "histogram", "values": [1.0, 0.0, 0.0, 0.0, 0.0, 0.0, 0.0, 0.0, 0.0, 0.0, 0.0, 0.0, 0.0, 0.0, 0.0, 0.0, 0.0, 0.0, 0.0, 0.0, 0.0, 0.0, 0.0, 0.0, 0.0, 0.0, 0.0, 0.0, 0.0, 0.0, 0.0, 0.0, 0.0, 0.0, 0.0, 0.0, 0.0, 0.0, 0.0, 0.0, 0.0, 0.0, 1.0, 0.0, 1.0, 0.0, 2.0, 0.0, 0.0, 0.0, 0.0, 0.0, 1.0, 1.0, 0.0, 0.0, 0.0, 0.0, 1.0, 0.0, 0.0, 0.0, 0.0, 2.0], "bins": [-0.0005028281593695283, -0.000492197519633919, -0.0004815668798983097, -0.0004709362401627004, -0.0004603056004270911, -0.00044967496069148183, -0.00043904432095587254, -0.00042841368122026324, -0.00041778304148465395, -0.00040715240174904466, -0.00039652176201343536, -0.00038589112227782607, -0.0003752604825422168, -0.0003646298428066075, -0.0003539992030709982, -0.0003433685633353889, -0.00033273795270361006, -0.00032210731296800077, -0.0003114766732323915, -0.0003008460334967822, -0.0002902153937611729, -0.0002795847540255636, -0.00026895414339378476, -0.00025832350365817547, -0.0002476928639225662, -0.00023706222418695688, -0.0002264315844513476, -0.0002158009447157383, -0.000205170304980129, -0.0001945396652445197, -0.00018390904006082565, -0.00017327840032521635, -0.0001626477751415223, -0.000152017135405913, -0.0001413864956703037, -0.0001307558559346944, -0.00012012522347504273, -0.00010949458373943344, -9.886395127978176e-05, -8.823331154417247e-05, -7.760265725664794e-05, -6.697201752103865e-05, -5.6341381423408166e-05, -4.571074532577768e-05, -3.508010559016839e-05, -2.4449465854559094e-05, -1.3818833394907415e-05, -3.188193659298122e-06, 7.442431524395943e-06, 1.8073069441015832e-05, 2.870370735763572e-05, 3.933434345526621e-05, 4.99649831908755e-05, 6.0595622926484793e-05, 7.122625538613647e-05, 8.185689512174577e-05, 9.248753485735506e-05, 0.00010311817459296435, 0.00011374881432857364, 0.0001243794395122677, 0.000135010079247877, 0.0001456407189834863, 0.0001562713587190956, 0.00016690199845470488, 0.00017753263819031417]}, "gradients/out.weight": {"_type": "histogram", "values": [1.0, 0.0, 0.0, 0.0, 0.0, 0.0, 0.0, 0.0, 1.0, 0.0, 0.0, 1.0, 0.0, 2.0, 0.0, 1.0, 0.0, 0.0, 0.0, 1.0, 0.0, 2.0, 1.0, 5.0, 4.0, 3.0, 3.0, 3.0, 4.0, 5.0, 6.0, 8.0, 19.0, 10.0, 8.0, 15.0, 16.0, 24.0, 25.0, 48.0, 45.0, 63.0, 127.0, 234.0, 801.0, 11966.0, 1317.0, 462.0, 189.0, 104.0, 76.0, 28.0, 23.0, 12.0, 5.0, 3.0, 1.0, 5.0, 0.0, 1.0, 1.0, 0.0, 0.0, 1.0], "bins": [-0.005597674287855625, -0.005474532954394817, -0.0053513916209340096, -0.0052282498218119144, -0.005105108488351107, -0.004981967154890299, -0.004858825821429491, -0.004735684022307396, -0.004612542688846588, -0.00448940135538578, -0.0043662600219249725, -0.004243118222802877, -0.00411997688934207, -0.003996835555881262, -0.003873694222420454, -0.0037505526561290026, -0.0036274113226681948, -0.003504269989207387, -0.0033811284229159355, -0.0032579870894551277, -0.0031348455231636763, -0.0030117041897028685, -0.002888562623411417, -0.002765421289950609, -0.0026422799564898014, -0.0025191386230289936, -0.002395997056737542, -0.0022728557232767344, -0.002149714156985283, -0.002026572823524475, -0.0019034313736483455, -0.0017802899237722158, -0.001657148590311408, -0.0015340071404352784, -0.0014108656905591488, -0.001287724357098341, -0.0011645827908068895, -0.0010414414573460817, -0.0009183000074699521, -0.0007951585575938225, -0.000672016991302371, -0.0005488755414262414, -0.00042573412065394223, -0.00030259269988164306, -0.00017945125000551343, -5.63098001293838e-05, 6.683159153908491e-05, 0.00018997304141521454, 0.00031311437487602234, 0.00043625582475215197, 0.0005593972746282816, 0.0006825386662967503, 0.0008056801161728799, 0.0009288215660490096, 0.0010519629577174783, 0.001175104407593608, 0.0012982458574697375, 0.0014213873073458672, 0.0015445287572219968, 0.0016676702070981264, 0.0017908115405589342, 0.0019139531068503857, 0.0020370944403111935, 0.0021602357737720013, 0.0022833773400634527]}, "gradients/conv2.0.weight": {"_type": "histogram", "values": [2.0, 0.0, 1.0, 2.0, 1.0, 2.0, 0.0, 1.0, 0.0, 2.0, 4.0, 1.0, 0.0, 1.0, 2.0, 4.0, 7.0, 2.0, 1.0, 6.0, 4.0, 3.0, 3.0, 3.0, 5.0, 6.0, 6.0, 2.0, 8.0, 13.0, 8.0, 18.0, 14.0, 22.0, 26.0, 24.0, 53.0, 60.0, 74.0, 121.0, 178.0, 303.0, 473.0, 849.0, 2193.0, 4456.0, 1989.0, 706.0, 397.0, 215.0, 143.0, 105.0, 70.0, 66.0, 36.0, 42.0, 27.0, 13.0, 10.0, 5.0, 4.0, 4.0, 2.0, 2.0], "bins": [-0.0027603404596447945, -0.0026996617671102285, -0.002638982841745019, -0.002578304149210453, -0.002517625456675887, -0.0024569465313106775, -0.0023962678387761116, -0.0023355891462415457, -0.002274910220876336, -0.00221423152834177, -0.0021535526029765606, -0.0020928739104419947, -0.0020321952179074287, -0.001971516292542219, -0.0019108376000076532, -0.0018501589074730873, -0.0017894802149385214, -0.0017288014059886336, -0.0016681227134540677, -0.00160744390450418, -0.0015467650955542922, -0.0014860864030197263, -0.0014254075940698385, -0.0013647289015352726, -0.001304049976170063, -0.0012433711672201753, -0.0011826924746856093, -0.0011220136657357216, -0.0010613348567858338, -0.001000656164251268, -0.0009399773553013802, -0.0008792986045591533, -0.0008186198538169265, -0.0007579411030746996, -0.0006972622941248119, -0.000636583543382585, -0.0005759047926403582, -0.0005152260418981314, -0.0004545472329482436, -0.0003938684822060168, -0.00033318973146378994, -0.00027251095161773264, -0.0002118322008755058, -0.0001511534210294485, -9.047465573530644e-05, -2.9795890441164374e-05, 3.088288940489292e-05, 9.156164014711976e-05, 0.0001522404490970075, 0.00021291921439114958, 0.00027359797968529165, 0.00033427675953134894, 0.0003949555102735758, 0.0004556342901196331, 0.0005163130699656904, 0.0005769918207079172, 0.000637670629657805, 0.0006983493804000318, 0.0007590281893499196, 0.0008197069400921464, 0.0008803856908343732, 0.0009410644415766001, 0.0010017432505264878, 0.0010624220594763756, 0.0011231007520109415]}, "gradients/conv2.0.bias": {"_type": "histogram", "values": [1.0, 0.0, 0.0, 0.0, 1.0, 0.0, 0.0, 0.0, 0.0, 0.0, 0.0, 0.0, 0.0, 1.0, 0.0, 0.0, 0.0, 1.0, 0.0, 1.0, 0.0, 0.0, 0.0, 0.0, 1.0, 0.0, 0.0, 1.0, 0.0, 0.0, 3.0, 1.0, 0.0, 1.0, 2.0, 0.0, 1.0, 1.0, 1.0, 0.0, 0.0, 0.0, 2.0, 1.0, 0.0, 1.0, 0.0, 4.0, 2.0, 0.0, 2.0, 1.0, 0.0, 0.0, 0.0, 0.0, 0.0, 0.0, 1.0, 0.0, 0.0, 0.0, 0.0, 1.0], "bins": [-0.0006000193534418941, -0.0005851894384250045, -0.0005703595816157758, -0.0005555296665988863, -0.0005406998097896576, -0.000525869894772768, -0.0005110399797558784, -0.0004962101229466498, -0.0004813802079297602, -0.0004665503220167011, -0.000451720436103642, -0.0004368905210867524, -0.0004220606351736933, -0.0004072307492606342, -0.0003924008342437446, -0.0003775709483306855, -0.0003627410624176264, -0.00034791117650456727, -0.00033308129059150815, -0.0003182513755746186, -0.00030342148966155946, -0.00028859160374850035, -0.0002737616887316108, -0.00025893180281855166, -0.00024410191690549254, -0.00022927203099243343, -0.00021444213052745908, -0.00019961223006248474, -0.00018478234414942563, -0.0001699524582363665, -0.00015512255777139217, -0.00014029265730641782, -0.0001254627713933587, -0.00011063287820434198, -9.580298501532525e-05, -8.097309182630852e-05, -6.614319863729179e-05, -5.131330544827506e-05, -3.648341225925833e-05, -2.16535190702416e-05, -6.823625881224871e-06, 8.006267307791859e-06, 2.283616049680859e-05, 3.766605368582532e-05, 5.249594687484205e-05, 6.732584006385878e-05, 8.215573325287551e-05, 9.698562644189224e-05, 0.00011181551963090897, 0.00012664540554396808, 0.00014147530600894243, 0.00015630520647391677, 0.00017113509238697588, 0.000185964978300035, 0.00020079487876500934, 0.0002156247792299837, 0.0002304546651430428, 0.0002452845510561019, 0.00026011443696916103, 0.0002749443519860506, 0.0002897742378991097, 0.00030460412381216884, 0.0003194340388290584, 0.0003342639247421175, 0.00034909381065517664]}, "gradients/conv1.0.weight": {"_type": "histogram",