{"gradients/out.bias": {"_type": "histogram", "values": [1.0, 0.0, 0.0, 0.0, 0.0, 0.0, 0.0, 0.0, 0.0, 0.0, 0.0, 0.0, 0.0, 0.0, 0.0, 0.0, 0.0, 0.0, 0.0, 0.0, 0.0, 0.0, 0.0, 0.0, 1.0, 0.0, 0.0, 0.0, 0.0, 0.0, 0.0, 0.0, 1.0, 0.0, 0.0, 0.0, 0.0, 0.0, 0.0, 0.0, 0.0, 0.0, 0.0, 1.0, 0.0, 0.0, 1.0, 0.0, 0.0, 0.0, 1.0, 0.0, 0.0, 1.0, 0.0, 0.0, 0.0, 1.0, 0.0, 0.0, 0.0, 0.0, 1.0, 1.0], "bins": [-0.007829335518181324, -0.007649529725313187, -0.007469723466783762, -0.007289917673915625, -0.0071101114153862, -0.006930305622518063, -0.006750499829649925, -0.006570694036781788, -0.006390887778252363, -0.006211081985384226, -0.006031275726854801, -0.005851469933986664, -0.0056716641411185265, -0.005491857882589102, -0.005312052089720964, -0.00513224583119154, -0.004952440038323402, -0.004772634245455265, -0.00459282798692584, -0.004413022194057703, -0.004233215935528278, -0.004053410142660141, -0.0038736043497920036, -0.0036937983240932226, -0.0035139922983944416, -0.0033341862726956606, -0.0031543802469968796, -0.0029745744541287422, -0.002794768428429961, -0.00261496240273118, -0.002435156609863043, -0.002255350584164262, -0.002075545024126768, -0.001895738998427987, -0.001715933089144528, -0.0015361271798610687, -0.0013563211541622877, -0.0011765151284635067, -0.0009967092191800475, -0.0008169033098965883, -0.0006370972841978073, -0.0004572913167066872, -0.0002774853492155671, -9.767938172444701e-05, 8.212658576667309e-05, 0.0002619325532577932, 0.0004417385207489133, 0.0006215444300323725, 0.0008013504557311535, 0.0009811564814299345, 0.0011609623907133937, 0.0013407682999968529, 0.0015205743256956339, 0.001700380351394415, 0.001880186260677874, 0.0020599921699613333, 0.0022397981956601143, 0.0024196042213588953, 0.0025994102470576763, 0.0027792160399258137, 0.0029590220656245947, 0.0031388280913233757, 0.003318633884191513, 0.003498439909890294, 0.003678245935589075]}, "gradients/out.weight": {"_type": "histogram", "values": [2.0, 0.0, 0.0, 1.0, 1.0, 1.0, 0.0, 2.0, 0.0, 0.0, 2.0, 3.0, 0.0, 4.0, 2.0, 2.0, 4.0, 7.0, 3.0, 6.0, 4.0, 8.0, 8.0, 2.0, 8.0, 4.0, 10.0, 14.0, 18.0, 13.0, 21.0, 31.0, 27.0, 41.0, 50.0, 54.0, 60.0, 90.0, 112.0, 174.0, 222.0, 288.0, 569.0, 10885.0, 1158.0, 502.0, 293.0, 252.0, 199.0, 155.0, 88.0, 65.0, 44.0, 40.0, 33.0, 30.0, 18.0, 19.0, 13.0, 2.0, 6.0, 4.0, 2.0, 4.0], "bins": [-0.05390314757823944, -0.05266747251152992, -0.051431793719530106, -0.05019611865282059, -0.04896043986082077, -0.04772476479411125, -0.046489086002111435, -0.045253410935401917, -0.0440177321434021, -0.04278205707669258, -0.041546378284692764, -0.040310703217983246, -0.03907502442598343, -0.03783934935927391, -0.036603670567274094, -0.035367995500564575, -0.03413232043385506, -0.03289664536714554, -0.03166096657514572, -0.030425289645791054, -0.029189612716436386, -0.027953937649726868, -0.0267182607203722, -0.025482583791017532, -0.024246906861662865, -0.023011229932308197, -0.02177555300295353, -0.02053987607359886, -0.019304201006889343, -0.018068522214889526, -0.016832847148180008, -0.01559717021882534, -0.014361497014760971, -0.013125820085406303, -0.011890143156051636, -0.010654467158019543, -0.009418790228664875, -0.008183113299310207, -0.006947436835616827, -0.005711760371923447, -0.004476083442568779, -0.003240406746044755, -0.002004730049520731, -0.000769053352996707, 0.00046662334352731705, 0.0017023002728819847, 0.002937976736575365, 0.004173653200268745, 0.005409330129623413, 0.006645007058978081, 0.007880683988332748, 0.009116359986364841, 0.010352036915719509, 0.011587713845074177, 0.01282338984310627, 0.014059066772460938, 0.015294743701815605, 0.016530420631170273, 0.01776609756052494, 0.019001774489879608, 0.020237449556589127, 0.021473128348588943, 0.022708803415298462, 0.02394448034465313, 0.025180157274007797]}, "gradients/conv2.0.weight": {"_type": "histogram", "values": [1.0, 0.0, 2.0, 1.0, 0.0, 1.0, 3.0, 2.0, 2.0, 0.0, 4.0, 1.0, 6.0, 5.0, 5.0, 3.0, 7.0, 10.0, 7.0, 9.0, 12.0, 14.0, 9.0, 15.0, 14.0, 14.0, 27.0, 33.0, 51.0, 58.0, 97.0, 126.0, 211.0, 329.0, 468.0, 861.0, 1649.0, 4687.0, 1525.0, 910.0, 536.0, 304.0, 258.0, 141.0, 106.0, 85.0, 45.0, 31.0, 18.0, 22.0, 17.0, 16.0, 9.0, 11.0, 4.0, 4.0, 5.0, 2.0, 1.0, 0.0, 3.0, 2.0, 0.0, 1.0], "bins": [-0.04094652459025383, -0.03984883427619934, -0.03875114768743515, -0.03765345737338066, -0.03655576705932617, -0.03545808047056198, -0.03436039015650749, -0.0332627035677433, -0.03216501325368881, -0.031067324802279472, -0.029969636350870132, -0.028871946036815643, -0.027774257585406303, -0.026676569133996964, -0.025578878819942474, -0.024481190368533134, -0.023383501917123795, -0.022285813465714455, -0.021188125014305115, -0.020090434700250626, -0.018992746248841286, -0.017895057797431946, -0.016797367483377457, -0.015699679031968117, -0.014601990580558777, -0.013504302129149437, -0.012406612746417522, -0.011308923363685608, -0.010211234912276268, -0.009113546460866928, -0.008015857078135014, -0.006918168161064386, -0.005820482969284058, -0.00472279405221343, -0.003625105135142803, -0.002527416218072176, -0.0014297273010015488, -0.00033203838393092155, 0.0007656505331397057, 0.0018633394502103329, 0.00296102836728096, 0.004058717284351587, 0.0051564062014222145, 0.006254095118492842, 0.007351784035563469, 0.008449472486972809, 0.009547161869704723, 0.010644851252436638, 0.011742539703845978, 0.012840228155255318, 0.013937917537987232, 0.015035606920719147, 0.016133295372128487, 0.017230983823537827, 0.018328674137592316, 0.019426362589001656, 0.020524051040410995, 0.021621739491820335, 0.022719427943229675, 0.023817118257284164, 0.024914806708693504, 0.026012495160102844, 0.027110185474157333, 0.028207873925566673, 0.029305562376976013]}, "gradients/conv2.0.bias": {"_type": "histogram", "values": [1.0, 0.0, 0.0, 0.0, 0.0, 0.0, 0.0, 0.0, 1.0, 0.0, 0.0, 0.0, 1.0, 0.0, 1.0, 0.0, 0.0, 1.0, 1.0, 1.0, 1.0, 1.0, 0.0, 0.0, 0.0, 0.0, 1.0, 0.0, 0.0, 1.0, 0.0, 0.0, 3.0, 0.0, 2.0, 1.0, 2.0, 0.0, 2.0, 1.0, 0.0, 0.0, 1.0, 1.0, 2.0, 1.0, 0.0, 1.0, 1.0, 0.0, 0.0, 1.0, 0.0, 0.0, 0.0, 0.0, 0.0, 0.0, 0.0, 0.0, 0.0, 0.0, 1.0, 1.0], "bins": [-0.008394544944167137, -0.008158383890986443, -0.007922222837805748, -0.007686061318963766, -0.0074499002657830715, -0.007213739212602377, -0.006977577693760395, -0.0067414166405797005, -0.006505255587399006, -0.006269094534218311, -0.006032933481037617, -0.005796771962195635, -0.00556061090901494, -0.005324449855834246, -0.005088288336992264, -0.004852127283811569, -0.004615966230630875, -0.00437980517745018, -0.0041436441242694855, -0.003907482605427504, -0.003671321552246809, -0.0034351604990661144, -0.003198999213054776, -0.002962837927043438, -0.0027266768738627434, -0.002490515820682049, -0.0022543545346707106, -0.0020181932486593723, -0.0017820321954786777, -0.0015458710258826613, -0.001309709856286645, -0.0010735486866906285, -0.0008373870514333248, -0.0006012258818373084, -0.000365064712241292, -0.0001289035426452756, 0.00010725762695074081, 0.0003434187965467572, 0.0005795799661427736, 0.00081574113573879, 0.0010519023053348064, 0.0012880634749308228, 0.0015242246445268393, 0.0017603858141228557, 0.001996546983718872, 0.0022327080368995667, 0.002468869322910905, 0.002705030608922243, 0.0029411916621029377, 0.0031773527152836323, 0.0034135140012949705, 0.0036496752873063087, 0.0038858363404870033, 0.004121997393667698, 0.0043581584468483925, 0.004594319965690374, 0.004830481018871069, 0.0050666420720517635, 0.005302803590893745, 0.00553896464407444, 0.005775125697255135, 0.006011286750435829, 0.006247447803616524, 0.006483609322458506, 0.0067197703756392]}, "gradients/conv1.0.weight": {"_type": "histogram", "values": [2.0, 0.0, 3.0, 1.0, 1.0, 2.0, 3.0, 0.0, 3.0, 1.0, 1.0, 2.0, 2.0, 4.0, 2.0, 7.0, 2.0, 2.0, 2.0, 3.0, 6.0, 12.0, 6.0, 6.0, 13.0, 13.0, 8.0, 10.0, 11.0, 61.0, 20.0, 15.0, 10.0, 12.0, 22.0, 11.0, 15.0, 8.0, 13.0, 3.0, 11.0, 9.0, 4.0, 4.0, 2.0, 6.0, 3.0, 3.0, 2.0, 1.0, 2.0, 1.0, 2.0, 2.0, 5.0, 5.0, 2.0, 3.0, 5.0, 2.0, 3.0, 3.0, 1.0, 1.0],