{"gradients/out.bias": {"_type": "histogram", "values": [1.0, 0.0, 0.0, 0.0, 0.0, 0.0, 0.0, 0.0, 0.0, 0.0, 0.0, 0.0, 0.0, 0.0, 0.0, 0.0, 0.0, 0.0, 0.0, 0.0, 1.0, 0.0, 0.0, 0.0, 0.0, 0.0, 0.0, 0.0, 0.0, 1.0, 0.0, 1.0, 2.0, 1.0, 1.0, 0.0, 1.0, 0.0, 0.0, 0.0, 0.0, 0.0, 0.0, 0.0, 0.0, 0.0, 0.0, 0.0, 0.0, 0.0, 0.0, 0.0, 0.0, 0.0, 0.0, 0.0, 0.0, 0.0, 0.0, 0.0, 0.0, 0.0, 0.0, 1.0], "bins": [-0.00556721119210124, -0.0053907157853245735, -0.005214220378547907, -0.00503772497177124, -0.004861230030655861, -0.004684734623879194, -0.004508239217102528, -0.004331743810325861, -0.004155248403549194, -0.003978752996772528, -0.003802257589995861, -0.003625762416049838, -0.0034492670092731714, -0.003272771602496505, -0.003096276428550482, -0.002919781021773815, -0.0027432856149971485, -0.002566790208220482, -0.0023902948014438152, -0.0022137996274977922, -0.0020373042207211256, -0.001860808813944459, -0.0016843135235831141, -0.0015078182332217693, -0.0013313228264451027, -0.001154827419668436, -0.0009783321293070912, -0.0008018367807380855, -0.0006253414321690798, -0.00044884608360007405, -0.0002723507350310683, -9.585544466972351e-05, 8.063996210694313e-05, 0.00025713531067594886, 0.0004336306592449546, 0.0006101260078139603, 0.000786621356382966, 0.0009631167049519718, 0.0011396120535209775, 0.0013161073438823223, 0.001492602750658989, 0.0016690981574356556, 0.0018455934477970004, 0.0020220887381583452, 0.002198584144935012, 0.0023750795517116785, 0.0025515747256577015, 0.002728070132434368, 0.0029045655392110348, 0.0030810609459877014, 0.003257556352764368, 0.003434051526710391, 0.0036105469334870577, 0.0037870423402637243, 0.003963537514209747, 0.004140032920986414, 0.004316528327763081, 0.004493023734539747, 0.004669519141316414, 0.0048460145480930805, 0.005022509954869747, 0.0051990048959851265, 0.005375500302761793, 0.00555199570953846, 0.005728491116315126]}, "gradients/out.weight": {"_type": "histogram", "values": [1.0, 0.0, 0.0, 0.0, 0.0, 0.0, 2.0, 1.0, 1.0, 1.0, 2.0, 2.0, 4.0, 8.0, 2.0, 8.0, 10.0, 5.0, 5.0, 6.0, 14.0, 9.0, 13.0, 23.0, 32.0, 26.0, 50.0, 44.0, 77.0, 111.0, 205.0, 10188.0, 4238.0, 231.0, 82.0, 50.0, 33.0, 37.0, 21.0, 24.0, 20.0, 10.0, 10.0, 16.0, 6.0, 5.0, 5.0, 10.0, 8.0, 2.0, 8.0, 4.0, 2.0, 2.0, 1.0, 1.0, 1.0, 2.0, 0.0, 0.0, 0.0, 0.0, 0.0, 1.0], "bins": [-0.05226341262459755, -0.05062926560640335, -0.048995114862918854, -0.04736096411943436, -0.04572681710124016, -0.04409267008304596, -0.04245851933956146, -0.040824368596076965, -0.03919022157788277, -0.03755607455968857, -0.03592192381620407, -0.034287773072719574, -0.032653626054525375, -0.031019477173686028, -0.02938532829284668, -0.027751179412007332, -0.026117030531167984, -0.024482881650328636, -0.02284873276948929, -0.02121458388864994, -0.019580435007810593, -0.017946286126971245, -0.016312137246131897, -0.01467798836529255, -0.013043839484453201, -0.011409690603613853, -0.009775541722774506, -0.008141392841935158, -0.00650724396109581, -0.004873095080256462, -0.0032389461994171143, -0.0016047973185777664, 2.935156226158142e-05, 0.0016635004431009293, 0.003297649323940277, 0.004931798204779625, 0.006565947085618973, 0.00820009596645832, 0.009834244847297668, 0.011468393728137016, 0.013102542608976364, 0.014736691489815712, 0.01637084037065506, 0.018004989251494408, 0.019639138132333755, 0.021273287013173103, 0.02290743589401245, 0.0245415847748518, 0.026175733655691147, 0.027809882536530495, 0.029444031417369843, 0.03107818029820919, 0.03271232917904854, 0.03434647619724274, 0.035980626940727234, 0.03761477768421173, 0.03924892470240593, 0.04088307172060013, 0.042517222464084625, 0.04415137320756912, 0.04578552022576332, 0.04741966724395752, 0.04905381798744202, 0.050687968730926514, 0.05232211574912071]}, "gradients/conv2.0.weight": {"_type": "histogram", "values": [1.0, 0.0, 2.0, 2.0, 3.0, 1.0, 1.0, 6.0, 3.0, 6.0, 10.0, 15.0, 18.0, 21.0, 21.0, 25.0, 16.0, 38.0, 50.0, 36.0, 46.0, 80.0, 79.0, 121.0, 137.0, 172.0, 247.0, 360.0, 492.0, 706.0, 1129.0, 2256.0, 2262.0, 1218.0, 766.0, 507.0, 345.0, 293.0, 241.0, 193.0, 160.0, 124.0, 111.0, 96.0, 65.0, 55.0, 39.0, 39.0, 24.0, 27.0, 24.0, 16.0, 17.0, 9.0, 13.0, 9.0, 12.0, 5.0, 9.0, 8.0, 6.0, 2.0, 0.0, 5.0], "bins": [-0.011944533325731754, -0.011571723967790604, -0.011198914609849453, -0.010826105251908302, -0.010453296825289726, -0.010080487467348576, -0.009707678109407425, -0.009334868751466274, -0.008962059393525124, -0.008589250035583973, -0.008216440677642822, -0.007843632251024246, -0.007470822427421808, -0.007098013535141945, -0.006725204177200794, -0.0063523948192596436, -0.00597958592697978, -0.0056067765690386295, -0.005233967676758766, -0.0048611583188176155, -0.004488348960876465, -0.004115539602935314, -0.003742730710655451, -0.0033699213527143, -0.002997112460434437, -0.00262430333532393, -0.002251493977382779, -0.0018786848522722721, -0.0015058756107464433, -0.0011330663692206144, -0.0007602572441101074, -0.00038744788616895676, -1.4638528227806091e-05, 0.0003581706841941923, 0.0007309798966161907, 0.0011037890799343586, 0.0014765983214601874, 0.0018494075629860163, 0.0022222166880965233, 0.002595026046037674, 0.0029678354039788246, 0.0033406445290893316, 0.0037134538870304823, 0.004086263012140989, 0.00445907237008214, 0.004831881262362003, 0.005204690620303154, 0.005577499978244305, 0.005950308870524168, 0.006323118228465319, 0.006695927120745182, 0.007068736478686333, 0.007441545836627483, 0.007814355194568634, 0.00818716362118721, 0.008559973910450935, 0.008932782337069511, 0.009305591695010662, 0.009678401052951813, 0.010051209479570389, 0.01042401883751154, 0.01079682819545269, 0.01116963755339384, 0.011542446911334991, 0.011915256269276142]}, "gradients/conv2.0.bias": {"_type": "histogram", "values": [2.0, 0.0, 0.0, 0.0, 0.0, 0.0, 0.0, 0.0, 0.0, 0.0, 0.0, 1.0, 0.0, 0.0, 1.0, 0.0, 0.0, 0.0, 0.0, 1.0, 0.0, 0.0, 1.0, 0.0, 0.0, 1.0, 0.0, 0.0, 0.0, 2.0, 0.0, 0.0, 0.0, 2.0, 1.0, 4.0, 1.0, 1.0, 0.0, 1.0, 3.0, 2.0, 0.0, 1.0, 0.0, 0.0, 1.0, 0.0, 1.0, 0.0, 1.0, 1.0, 0.0, 0.0, 0.0, 1.0, 0.0, 0.0, 0.0, 0.0, 0.0, 0.0, 0.0, 2.0], "bins": [-0.005800263490527868, -0.005640897434204817, -0.005481531377881765, -0.005322165321558714, -0.005162798799574375, -0.005003432743251324, -0.004844066686928272, -0.004684700630605221, -0.004525334574282169, -0.004365968517959118, -0.0042066024616360664, -0.004047236405313015, -0.00388787011615932, -0.0037285040598362684, -0.0035691377706825733, -0.003409771714359522, -0.0032504056580364704, -0.003091039601713419, -0.0029316735453903675, -0.0027723072562366724, -0.002612941199913621, -0.0024535751435905695, -0.0022942088544368744, -0.002134842798113823, -0.0019754767417907715, -0.00181611068546772, -0.0016567445127293468, -0.0014973783399909735, -0.001338012283667922, -0.0011786462273448706, -0.0010192800546064973, -0.000859913881868124, -0.0007005482912063599, -0.0005411821766756475, -0.00038181606214493513, -0.00022244994761422276, -6.30838330835104e-05, 9.628228144720197e-05, 0.00025564839597791433, 0.0004150145687162876, 0.0005743806250393391, 0.0007337467395700514, 0.0008931128541007638, 0.001052479026839137, 0.0012118450831621885, 0.00137121113948524, 0.0015305773122236133, 0.0016899434849619865, 0.001849309541285038, 0.0020086755976080894, 0.002168041653931141, 0.002327407943084836, 0.0024867739994078875, 0.002646140055730939, 0.002805506344884634, 0.0029648724012076855, 0.003124238457530737, 0.0032836045138537884, 0.00344297057017684, 0.003602336859330535, 0.0037617029156535864, 0.0039210692048072815, 0.004080435261130333, 0.004239801317453384, 0.004399167373776436]}, "gradients/conv1.0.weight": {"_type": "histogram", "values": [1.0, 2.0, 0.0, 3.0, 0.0, 0.0, 0.0, 3.0, 3.0, 1.0, 4.0, 4.0, 2.0, 2.0, 2.0, 1.0, 4.0, 4.0, 4.0, 3.0, 8.0, 5.0, 4.0, 9.0, 13.0, 10.0, 16.0, 8.0, 17.0, 14.0, 9.0, 12.0, 28.0, 28.0, 21.0, 18.0, 16.0, 16.0, 14.0, 7.0, 16.0, 11.0, 7.0, 5.0, 9.0, 9.0, 1.0, 6.0, 3.0, 4.0, 1.0, 1.0, 1.0, 3.0, 3.0, 1.0, 0.0, 0.0, 1.0, 1.0, 0.0, 0.0, 0.0, 1.0],