{"gradients/out.bias": {"_type": "histogram", "values": [1.0, 0.0, 0.0, 0.0, 1.0, 0.0, 1.0, 0.0, 0.0, 0.0, 0.0, 0.0, 0.0, 0.0, 0.0, 0.0, 0.0, 0.0, 0.0, 1.0, 0.0, 0.0, 0.0, 0.0, 2.0, 1.0, 0.0, 0.0, 1.0, 0.0, 0.0, 0.0, 0.0, 0.0, 0.0, 0.0, 0.0, 0.0, 0.0, 0.0, 0.0, 0.0, 0.0, 0.0, 0.0, 0.0, 0.0, 1.0, 0.0, 0.0, 0.0, 0.0, 0.0, 0.0, 0.0, 0.0, 0.0, 0.0, 0.0, 0.0, 0.0, 0.0, 0.0, 1.0], "bins": [-0.01737133227288723, -0.016661029309034348, -0.015950726345181465, -0.015240423381328583, -0.0145301204174757, -0.013819817453622818, -0.013109513558447361, -0.012399210594594479, -0.011688907630741596, -0.010978604666888714, -0.010268301703035831, -0.009557997807860374, -0.008847694844007492, -0.00813739188015461, -0.007427088916301727, -0.006716785952448845, -0.0060064829885959625, -0.00529618002474308, -0.004585877060890198, -0.003875573631376028, -0.0031652706675231457, -0.0024549677036702633, -0.0017446642741560936, -0.0010343613103032112, -0.0003240574151277542, 0.00038624566514045, 0.0010965487454086542, 0.0018068519420921803, 0.0025171549059450626, 0.003227457869797945, 0.003937761299312115, 0.004648064263164997, 0.005358366295695305, 0.006068669259548187, 0.00677897222340107, 0.007489275652915239, 0.008199578151106834, 0.008909881114959717, 0.009620185010135174, 0.010330487973988056, 0.011040790006518364, 0.011751092970371246, 0.012461395934224129, 0.013171698898077011, 0.013882001861929893, 0.014592304825782776, 0.015302608720958233, 0.01601291075348854, 0.016723215579986572, 0.017433518543839455, 0.018143821507692337, 0.01885412447154522, 0.019564427435398102, 0.020274730399250984, 0.020985033363103867, 0.021695338189601898, 0.02240563929080963, 0.023115942254662514, 0.023826245218515396, 0.02453654818236828, 0.02524685114622116, 0.025957154110074043, 0.026667457073926926, 0.027377761900424957, 0.02808806486427784]}, "gradients/out.weight": {"_type": "histogram", "values": [4.0, 0.0, 2.0, 6.0, 4.0, 4.0, 14.0, 15.0, 26.0, 29.0, 30.0, 40.0, 47.0, 60.0, 63.0, 106.0, 115.0, 132.0, 212.0, 303.0, 501.0, 895.0, 11033.0, 700.0, 321.0, 197.0, 153.0, 117.0, 106.0, 66.0, 52.0, 47.0, 41.0, 36.0, 25.0, 35.0, 27.0, 19.0, 15.0, 19.0, 13.0, 8.0, 7.0, 2.0, 9.0, 2.0, 3.0, 4.0, 3.0, 4.0, 0.0, 1.0, 2.0, 1.0, 0.0, 0.0, 1.0, 1.0, 0.0, 0.0, 0.0, 1.0, 0.0, 1.0], "bins": [-0.13370981812477112, -0.12776008248329163, -0.12181033939123154, -0.11586059629917145, -0.10991085320711136, -0.10396111011505127, -0.09801137447357178, -0.09206163138151169, -0.0861118882894516, -0.08016214519739151, -0.07421240955591202, -0.06826266646385193, -0.06231292337179184, -0.05636318400502205, -0.05041344463825226, -0.04446370154619217, -0.03851396590471268, -0.032564226537942886, -0.026614483445882797, -0.020664744079113007, -0.014715002849698067, -0.008765261620283127, -0.002815522253513336, 0.003134220838546753, 0.009083956480026245, 0.015033697709441185, 0.020983438938856125, 0.026933178305625916, 0.032882921397686005, 0.038832660764455795, 0.044782400131225586, 0.050732143223285675, 0.056681886315345764, 0.06263162940740585, 0.06858136504888535, 0.07453110814094543, 0.08048085123300552, 0.08643059432506561, 0.0923803299665451, 0.0983300730586052, 0.10427981615066528, 0.11022955924272537, 0.11617929488420486, 0.12212903797626495, 0.12807877361774445, 0.13402852416038513, 0.13997825980186462, 0.14592799544334412, 0.1518777310848236, 0.1578274667263031, 0.1637772172689438, 0.16972695291042328, 0.17567668855190277, 0.18162643909454346, 0.18757617473602295, 0.19352591037750244, 0.19947566092014313, 0.20542539656162262, 0.2113751471042633, 0.2173248827457428, 0.2232746183872223, 0.22922436892986298, 0.23517410457134247, 0.24112385511398315, 0.24707359075546265]}, "gradients/conv2.0.weight": {"_type": "histogram", "values": [1.0, 0.0, 1.0, 0.0, 0.0, 0.0, 0.0, 0.0, 2.0, 1.0, 0.0, 2.0, 0.0, 5.0, 7.0, 2.0, 2.0, 5.0, 7.0, 8.0, 8.0, 13.0, 15.0, 25.0, 21.0, 35.0, 39.0, 58.0, 70.0, 71.0, 122.0, 167.0, 231.0, 383.0, 609.0, 1052.0, 1818.0, 4159.0, 1530.0, 792.0, 519.0, 311.0, 205.0, 146.0, 95.0, 57.0, 45.0, 40.0, 30.0, 17.0, 22.0, 13.0, 14.0, 5.0, 3.0, 3.0, 2.0, 6.0, 1.0, 1.0, 0.0, 0.0, 3.0, 1.0], "bins": [-0.11753490567207336, -0.11440432071685791, -0.11127374321222305, -0.1081431582570076, -0.10501258075237274, -0.10188199579715729, -0.09875141084194183, -0.09562082588672638, -0.09249024838209152, -0.08935966342687607, -0.08622908592224121, -0.08309850096702576, -0.0799679160118103, -0.07683733850717545, -0.07370675355195999, -0.07057617604732513, -0.06744559109210968, -0.06431500613689423, -0.06118442863225937, -0.058053843677043915, -0.05492326244711876, -0.051792681217193604, -0.04866209626197815, -0.045531515032052994, -0.04240093380212784, -0.03927035257220268, -0.03613977134227753, -0.03300918638706207, -0.029878605157136917, -0.02674802392721176, -0.023617440834641457, -0.02048685774207115, -0.017356276512145996, -0.014225694350898266, -0.011095112189650536, -0.007964530028402805, -0.004833947867155075, -0.0017033666372299194, 0.0014272164553403854, 0.00455779954791069, 0.007688380777835846, 0.010818962939083576, 0.013949545100331306, 0.01708012819290161, 0.020210709422826767, 0.023341290652751923, 0.026471873745322227, 0.029602456837892532, 0.03273303806781769, 0.035863619297742844, 0.038994200527668, 0.04212478548288345, 0.04525536671280861, 0.048385947942733765, 0.05151653289794922, 0.054647114127874374, 0.05777769535779953, 0.060908276587724686, 0.06403885781764984, 0.0671694427728653, 0.07030002772808075, 0.0734306052327156, 0.07656119018793106, 0.07969176769256592, 0.08282235264778137]}, "gradients/conv2.0.bias": {"_type": "histogram", "values": [1.0, 0.0, 0.0, 0.0, 0.0, 0.0, 0.0, 0.0, 0.0, 0.0, 0.0, 0.0, 0.0, 0.0, 0.0, 0.0, 0.0, 0.0, 1.0, 0.0, 0.0, 0.0, 0.0, 0.0, 1.0, 1.0, 1.0, 2.0, 1.0, 3.0, 1.0, 3.0, 0.0, 2.0, 2.0, 0.0, 0.0, 3.0, 0.0, 3.0, 1.0, 2.0, 0.0, 1.0, 1.0, 0.0, 0.0, 1.0, 0.0, 0.0, 0.0, 0.0, 0.0, 0.0, 0.0, 0.0, 0.0, 0.0, 0.0, 0.0, 0.0, 0.0, 0.0, 1.0], "bins": [-0.03764771670103073, -0.036663446575403214, -0.035679176449775696, -0.03469490632414818, -0.03371063619852066, -0.03272636607289314, -0.031742095947265625, -0.030757827684283257, -0.02977355755865574, -0.02878928743302822, -0.027805017307400703, -0.026820747181773186, -0.025836478918790817, -0.0248522087931633, -0.023867938667535782, -0.022883668541908264, -0.021899398416280746, -0.02091512829065323, -0.01993085816502571, -0.018946588039398193, -0.017962317913770676, -0.016978047788143158, -0.01599377952516079, -0.015009509399533272, -0.014025239273905754, -0.013040969148278236, -0.012056699022650719, -0.011072429828345776, -0.010088159702718258, -0.00910388957709074, -0.008119620382785797, -0.007135350257158279, -0.006151076406240463, -0.0051668062806129456, -0.004182536620646715, -0.003198266727849841, -0.002213996835052967, -0.0012297267094254494, -0.000245457049459219, 0.0007388126105070114, 0.0017230827361345291, 0.002707352628931403, 0.003691622521728277, 0.004675892181694508, 0.005660162307322025, 0.006644432432949543, 0.007628702092915773, 0.008612971752882004, 0.009597241878509521, 0.01058151200413704, 0.011565782129764557, 0.0125500513240695, 0.013534321449697018, 0.014518591575324535, 0.015502860769629478, 0.016487130895256996, 0.017471401020884514, 0.01845567114651203, 0.01943994127213955, 0.020424211397767067, 0.021408479660749435, 0.022392749786376953, 0.02337701991200447, 0.02436129003763199, 0.025345560163259506]}, "gradients/conv1.0.weight": {"_type": "histogram", "values": [2.0, 0.0, 1.0, 0.0, 0.0, 2.0, 1.0, 0.0, 0.0, 2.0, 2.0, 1.0, 0.0, 3.0, 1.0, 2.0, 4.0, 1.0, 2.0, 1.0, 2.0, 1.0, 1.0, 0.0, 2.0, 6.0, 7.0, 17.0, 19.0, 25.0, 18.0, 16.0, 15.0, 27.0, 25.0, 20.0, 61.0, 19.0, 10.0, 11.0, 7.0, 7.0, 5.0, 7.0, 5.0, 4.0, 2.0, 3.0, 4.0, 4.0, 0.0, 0.0, 2.0, 3.0, 4.0, 0.0, 3.0, 3.0, 3.0, 1.0, 4.0, 0.0, 0.0, 2.0],