{"gradients/out.bias": {"_type": "histogram", "values": [1.0, 0.0, 0.0, 0.0, 0.0, 0.0, 0.0, 0.0, 0.0, 0.0, 0.0, 0.0, 0.0, 0.0, 0.0, 0.0, 0.0, 0.0, 0.0, 0.0, 0.0, 0.0, 0.0, 0.0, 0.0, 0.0, 0.0, 0.0, 0.0, 0.0, 0.0, 1.0, 0.0, 3.0, 2.0, 0.0, 0.0, 1.0, 1.0, 0.0, 0.0, 0.0, 0.0, 0.0, 0.0, 0.0, 0.0, 0.0, 0.0, 0.0, 0.0, 0.0, 0.0, 0.0, 0.0, 0.0, 0.0, 0.0, 0.0, 0.0, 0.0, 0.0, 0.0, 1.0], "bins": [-0.0057513173669576645, -0.005582284647971392, -0.0054132514633238316, -0.005244218744337559, -0.005075185559689999, -0.004906152840703726, -0.004737120121717453, -0.004568086937069893, -0.004399053752422333, -0.00423002103343606, -0.0040609878487885, -0.003891955129802227, -0.003722921945154667, -0.003553889226168394, -0.0033848562743514776, -0.003215823322534561, -0.0030467906035482883, -0.002877757651731372, -0.0027087246999144554, -0.0025396919809281826, -0.0023706587962806225, -0.0022016260772943497, -0.002032593125477433, -0.0018635601736605167, -0.001694527454674244, -0.0015254945028573275, -0.001356461551040411, -0.0011874287156388164, -0.0010183957638218999, -0.0008493628120049834, -0.0006803299766033888, -0.0005112970247864723, -0.0003422638401389122, -0.0001732309174258262, -4.197994712740183e-06, 0.00016483489889651537, 0.00033386785071343184, 0.0005029008025303483, 0.0006719336379319429, 0.0008409665897488594, 0.0010099997743964195, 0.001179032726213336, 0.0013480656780302525, 0.001517098513431847, 0.0016861314652487636, 0.00185516441706568, 0.0020241972524672747, 0.002193230204284191, 0.002362262923270464, 0.0025312958750873804, 0.002700328826904297, 0.0028693615458905697, 0.00303839473053813, 0.0032074274495244026, 0.003376460401341319, 0.0035454933531582355, 0.003714526304975152, 0.0038835592567920685, 0.004052591975778341, 0.004221625160425901, 0.004390657879412174, 0.004559691064059734, 0.004728723783046007, 0.00489775650203228, 0.00506678968667984]}, "gradients/out.weight": {"_type": "histogram", "values": [1.0, 0.0, 1.0, 0.0, 1.0, 2.0, 2.0, 1.0, 0.0, 3.0, 1.0, 3.0, 2.0, 2.0, 10.0, 7.0, 1.0, 8.0, 8.0, 9.0, 15.0, 10.0, 14.0, 14.0, 22.0, 33.0, 27.0, 40.0, 49.0, 48.0, 68.0, 97.0, 175.0, 13419.0, 910.0, 219.0, 108.0, 61.0, 57.0, 41.0, 35.0, 28.0, 22.0, 15.0, 13.0, 16.0, 12.0, 7.0, 6.0, 5.0, 11.0, 4.0, 3.0, 2.0, 1.0, 3.0, 0.0, 2.0, 3.0, 1.0, 0.0, 0.0, 1.0, 1.0], "bins": [-0.05973462387919426, -0.057966943830251694, -0.056199267506599426, -0.05443158745765686, -0.05266391113400459, -0.05089623108506203, -0.04912855476140976, -0.047360874712467194, -0.04559319466352463, -0.04382551461458206, -0.042057838290929794, -0.04029015824198723, -0.03852248191833496, -0.036754801869392395, -0.03498712182044983, -0.03321944549679756, -0.031451769173145294, -0.029684090986847878, -0.02791641280055046, -0.026148732751607895, -0.024381056427955627, -0.02261337637901306, -0.020845698192715645, -0.019078020006418228, -0.017310339957475662, -0.015542661771178246, -0.013774983584880829, -0.012007304467260838, -0.010239626280963421, -0.008471948094666004, -0.006704268977046013, -0.004936590790748596, -0.003168918192386627, -0.0014012397732585669, 0.0003664386458694935, 0.0021341172978281975, 0.003901795484125614, 0.005669473670423031, 0.007437152788043022, 0.009204830974340439, 0.010972507297992706, 0.012740185484290123, 0.01450786367058754, 0.016275543719530106, 0.018043220043182373, 0.01981090009212494, 0.021578578278422356, 0.023346256464719772, 0.025113936513662338, 0.026881614699959755, 0.02864929288625717, 0.030416972935199738, 0.032184649258852005, 0.03395232930779457, 0.03572000563144684, 0.037487685680389404, 0.03925536572933197, 0.041023045778274536, 0.042790722101926804, 0.04455840215086937, 0.04632607847452164, 0.0480937585234642, 0.04986143857240677, 0.051629114896059036, 0.053396791219711304]}, "gradients/conv2.0.weight": {"_type": "histogram", "values": [2.0, 3.0, 1.0, 1.0, 3.0, 4.0, 9.0, 9.0, 9.0, 9.0, 9.0, 17.0, 19.0, 23.0, 17.0, 19.0, 41.0, 41.0, 39.0, 66.0, 75.0, 79.0, 121.0, 135.0, 150.0, 197.0, 267.0, 277.0, 382.0, 462.0, 637.0, 970.0, 1547.0, 3186.0, 1320.0, 730.0, 523.0, 367.0, 255.0, 226.0, 152.0, 105.0, 79.0, 56.0, 47.0, 26.0, 23.0, 15.0, 7.0, 7.0, 5.0, 7.0, 2.0, 4.0, 2.0, 4.0, 3.0, 2.0, 2.0, 1.0, 2.0, 1.0, 0.0, 1.0], "bins": [-0.0161167960613966, -0.01563619077205658, -0.015155586414039135, -0.014674981124699116, -0.014194376766681671, -0.013713771477341652, -0.013233166188001633, -0.012752560898661613, -0.012271956540644169, -0.01179135125130415, -0.011310746893286705, -0.010830141603946686, -0.010349536314606667, -0.009868931956589222, -0.009388326667249203, -0.008907722309231758, -0.008427117019891739, -0.00794651173055172, -0.007465907372534275, -0.006985302083194256, -0.006504697259515524, -0.006024092435836792, -0.005543487146496773, -0.005062882322818041, -0.004582277499139309, -0.004101672675460577, -0.0036210676189512014, -0.003140462562441826, -0.002659857738763094, -0.002179252915084362, -0.0016986478585749865, -0.0012180428020656109, -0.0007374389097094536, -0.00025683396961539984, 0.0002237709704786539, 0.0007043759105727077, 0.0011849808506667614, 0.0016655856743454933, 0.002146190730854869, 0.0026267957873642445, 0.0031074006110429764, 0.0035880054347217083, 0.00406861025840044, 0.0045492155477404594, 0.005029820371419191, 0.005510425195097923, 0.0059910304844379425, 0.006471635308116674, 0.006952240131795406, 0.007432844955474138, 0.00791344977915287, 0.00839405506849289, 0.008874660357832909, 0.009355264715850353, 0.009835870005190372, 0.010316474363207817, 0.010797079652547836, 0.011277684941887856, 0.0117582892999053, 0.01223889458924532, 0.012719498947262764, 0.013200104236602783, 0.013680709525942802, 0.014161314815282822, 0.014641919173300266]}, "gradients/conv2.0.bias": {"_type": "histogram", "values": [1.0, 0.0, 1.0, 0.0, 0.0, 1.0, 0.0, 2.0, 1.0, 0.0, 0.0, 0.0, 1.0, 1.0, 1.0, 0.0, 0.0, 0.0, 0.0, 0.0, 0.0, 1.0, 2.0, 1.0, 0.0, 1.0, 1.0, 1.0, 0.0, 0.0, 0.0, 2.0, 1.0, 1.0, 1.0, 1.0, 0.0, 1.0, 1.0, 0.0, 1.0, 1.0, 1.0, 0.0, 0.0, 0.0, 2.0, 0.0, 0.0, 0.0, 1.0, 0.0, 1.0, 0.0, 0.0, 0.0, 0.0, 0.0, 0.0, 0.0, 0.0, 0.0, 0.0, 1.0], "bins": [-0.004440722055733204, -0.004312758333981037, -0.004184795077890158, -0.004056831356137991, -0.003928867634385824, -0.0038009043782949448, -0.003672940656542778, -0.003544977167621255, -0.003417013678699732, -0.0032890501897782087, -0.003161086468026042, -0.003033122979104519, -0.002905159490182996, -0.0027771960012614727, -0.002649232279509306, -0.002521268790587783, -0.002393305068835616, -0.002265341579914093, -0.0021373778581619263, -0.002009414369240403, -0.00188145088031888, -0.0017534872749820352, -0.0016255236696451902, -0.0014975601807236671, -0.0013695964589715004, -0.0012416328536346555, -0.0011136693647131324, -0.0009857057593762875, -0.0008577422122471035, -0.0007297786651179194, -0.0006018150597810745, -0.0004738515126518905, -0.000345888314768672, -0.00021792475308757275, -8.996119140647352e-05, 3.800238482654095e-05, 0.00016596593195572495, 0.00029392947908490896, 0.0004218930844217539, 0.0005498566315509379, 0.0006778200622648001, 0.0008057836093939841, 0.0009337471565231681, 0.001061710761860013, 0.001189674250781536, 0.001317637856118381, 0.001445601461455226, 0.001573564950376749, 0.0017015286721289158, 0.0018294922774657607, 0.0019574558828026056, 0.0020854193717241287, 0.002213382860645652, 0.002341346349567175, 0.0024693100713193417, 0.0025972735602408648, 0.002725237049162388, 0.002853200538083911, 0.0029811642598360777, 0.003109127748757601, 0.003237091237679124, 0.003365054726600647, 0.0034930184483528137, 0.003620981937274337, 0.0037489456590265036]}, "gradients/conv1.0.weight": {"_type": "histogram", "values": [2.0, 1.0, 3.0, 1.0, 0.0, 4.0, 1.0, 4.0, 4.0, 5.0, 4.0, 1.0, 4.0, 4.0, 10.0, 6.0, 8.0, 8.0, 10.0, 8.0, 9.0, 11.0, 9.0, 9.0, 16.0, 7.0, 9.0, 34.0, 13.0, 17.0, 13.0, 11.0, 15.0, 9.0, 7.0, 6.0, 10.0, 13.0, 6.0, 4.0, 4.0, 7.0, 4.0, 7.0, 7.0, 6.0, 2.0, 4.0, 6.0, 6.0, 3.0, 1.0, 4.0, 2.0, 3.0, 4.0, 5.0, 1.0, 2.0, 0.0, 0.0, 1.0, 1.0, 4.0],