{"gradients/out.bias": {"_type": "histogram", "values": [1.0, 0.0, 0.0, 0.0, 0.0, 0.0, 0.0, 0.0, 0.0, 0.0, 0.0, 0.0, 0.0, 0.0, 0.0, 0.0, 0.0, 0.0, 0.0, 0.0, 0.0, 0.0, 0.0, 0.0, 0.0, 0.0, 0.0, 0.0, 0.0, 0.0, 1.0, 5.0, 1.0, 0.0, 1.0, 0.0, 0.0, 0.0, 0.0, 0.0, 0.0, 0.0, 0.0, 0.0, 0.0, 0.0, 0.0, 0.0, 0.0, 0.0, 0.0, 0.0, 0.0, 0.0, 0.0, 0.0, 0.0, 0.0, 0.0, 0.0, 0.0, 0.0, 0.0, 1.0], "bins": [-0.010547342710196972, -0.01021741796284914, -0.009887494146823883, -0.009557569399476051, -0.00922764465212822, -0.008897720836102962, -0.00856779608875513, -0.008237872272729874, -0.007907947525382042, -0.0075780232436954975, -0.007248098962008953, -0.006918174214661121, -0.006588249932974577, -0.0062583256512880325, -0.005928400903940201, -0.005598476622253656, -0.005268552340567112, -0.0049386280588805676, -0.004608703777194023, -0.004278779029846191, -0.003948854748159647, -0.0036189304664731026, -0.0032890059519559145, -0.0029590814374387264, -0.002629157155752182, -0.0022992328740656376, -0.0019693083595484495, -0.0016393839614465833, -0.001309459563344717, -0.0009795351652428508, -0.0006496107671409845, -0.00031968625262379646, 1.023896038532257e-05, 0.0003401633584871888, 0.0006700877565890551, 0.0010000121546909213, 0.0013299365527927876, 0.0016598609508946538, 0.00198978534899652, 0.002319709863513708, 0.0026496341452002525, 0.002979558426886797, 0.003309482941403985, 0.003639407455921173, 0.0039693317376077175, 0.004299256019294262, 0.004629180766642094, 0.004959105048328638, 0.0052890293300151825, 0.005618953611701727, 0.005948877893388271, 0.006278802640736103, 0.0066087269224226475, 0.006938651204109192, 0.007268575951457024, 0.007598500233143568, 0.007928424514830112, 0.008258349262177944, 0.008588273078203201, 0.008918197825551033, 0.009248122572898865, 0.009578046388924122, 0.009907971136271954, 0.01023789495229721, 0.010567819699645042]}, "gradients/out.weight": {"_type": "histogram", "values": [2.0, 0.0, 0.0, 0.0, 0.0, 0.0, 0.0, 1.0, 0.0, 0.0, 2.0, 1.0, 0.0, 1.0, 1.0, 0.0, 0.0, 2.0, 1.0, 0.0, 2.0, 0.0, 1.0, 2.0, 4.0, 3.0, 2.0, 1.0, 1.0, 5.0, 6.0, 113.0, 15487.0, 10.0, 2.0, 3.0, 2.0, 2.0, 3.0, 4.0, 2.0, 1.0, 0.0, 2.0, 0.0, 1.0, 2.0, 0.0, 0.0, 0.0, 2.0, 0.0, 1.0, 2.0, 0.0, 0.0, 1.0, 0.0, 0.0, 0.0, 0.0, 0.0, 1.0, 1.0], "bins": [-0.0784001499414444, -0.07595673203468323, -0.07351331412792206, -0.07106988877058029, -0.06862647086381912, -0.06618305295705795, -0.06373963505029678, -0.061296217143535614, -0.058852795511484146, -0.05640937760472298, -0.05396595597267151, -0.05152253806591034, -0.04907912015914917, -0.0466356985270977, -0.04419228062033653, -0.041748858988285065, -0.039305441081523895, -0.036862023174762726, -0.03441860154271126, -0.03197518363595009, -0.02953176386654377, -0.02708834409713745, -0.024644926190376282, -0.022201506420969963, -0.019758086651563644, -0.017314666882157326, -0.014871248044073582, -0.012427829205989838, -0.009984409436583519, -0.0075409896671772, -0.005097570829093456, -0.0026541519910097122, -0.00021073967218399048, 0.002232679631561041, 0.004676098935306072, 0.007119518239051104, 0.009562937542796135, 0.012006357312202454, 0.014449776150286198, 0.01689319498836994, 0.01933661475777626, 0.02178003452718258, 0.024223454296588898, 0.026666872203350067, 0.029110291972756386, 0.031553711742162704, 0.033997129648923874, 0.03644055128097534, 0.03888396918773651, 0.04132738709449768, 0.04377080872654915, 0.04621422663331032, 0.048657648265361786, 0.051101066172122955, 0.053544484078884125, 0.055987901985645294, 0.05843132361769676, 0.06087474152445793, 0.0633181631565094, 0.06576158106327057, 0.06820499897003174, 0.07064841687679291, 0.07309184223413467, 0.07553526014089584, 0.07797867804765701]}, "gradients/conv2.0.weight": {"_type": "histogram", "values": [3.0, 0.0, 1.0, 0.0, 1.0, 0.0, 1.0, 1.0, 1.0, 1.0, 1.0, 2.0, 2.0, 4.0, 4.0, 5.0, 8.0, 8.0, 6.0, 11.0, 10.0, 15.0, 14.0, 16.0, 27.0, 25.0, 45.0, 70.0, 12333.0, 59.0, 21.0, 18.0, 22.0, 17.0, 5.0, 6.0, 3.0, 6.0, 4.0, 3.0, 2.0, 4.0, 1.0, 0.0, 1.0, 1.0, 5.0, 1.0, 0.0, 1.0, 3.0, 0.0, 0.0, 0.0, 0.0, 0.0, 0.0, 0.0, 0.0, 0.0, 0.0, 0.0, 0.0, 2.0], "bins": [-0.039742644876241684, -0.038354501128196716, -0.03696635738015175, -0.03557821363210678, -0.03419007360935211, -0.032801929861307144, -0.031413786113262177, -0.03002564236521721, -0.02863749861717224, -0.027249354869127274, -0.025861211121082306, -0.024473069235682487, -0.02308492548763752, -0.021696781739592552, -0.020308639854192734, -0.018920496106147766, -0.0175323523581028, -0.01614420861005783, -0.014756065793335438, -0.013367922976613045, -0.011979779228568077, -0.01059163548052311, -0.009203492663800716, -0.007815349847078323, -0.006427206099033356, -0.005039062816649675, -0.003650919534265995, -0.0022627762518823147, -0.0008746329694986343, 0.000513510312885046, 0.0019016535952687263, 0.0032897964119911194, 0.004677940160036087, 0.006066083442419767, 0.007454226724803448, 0.00884236954152584, 0.010230513289570808, 0.011618657037615776, 0.013006799854338169, 0.014394942671060562, 0.01578308641910553, 0.017171230167150497, 0.018559373915195465, 0.019947515800595284, 0.02133565954864025, 0.02272380329668522, 0.024111945182085037, 0.025500088930130005, 0.026888232678174973, 0.02827637642621994, 0.029664520174264908, 0.031052662059664726, 0.032440803945064545, 0.03382894769310951, 0.03521709144115448, 0.03660523518919945, 0.037993378937244415, 0.03938152268528938, 0.04076966643333435, 0.04215781018137932, 0.043545953929424286, 0.044934093952178955, 0.04632223770022392, 0.04771038144826889, 0.04909852519631386]}, "gradients/conv2.0.bias": {"_type": "histogram", "values": [1.0, 0.0, 0.0, 0.0, 0.0, 0.0, 0.0, 0.0, 0.0, 0.0, 0.0, 0.0, 0.0, 0.0, 0.0, 0.0, 0.0, 0.0, 0.0, 1.0, 0.0, 0.0, 0.0, 0.0, 0.0, 0.0, 0.0, 0.0, 0.0, 0.0, 0.0, 0.0, 28.0, 0.0, 0.0, 0.0, 0.0, 0.0, 0.0, 0.0, 0.0, 0.0, 0.0, 0.0, 0.0, 0.0, 0.0, 0.0, 0.0, 0.0, 0.0, 0.0, 0.0, 0.0, 0.0, 0.0, 1.0, 0.0, 0.0, 0.0, 0.0, 0.0, 0.0, 1.0], "bins": [-0.03930377960205078, -0.038103293627500534, -0.03690280392765999, -0.03570231795310974, -0.034501831978559494, -0.03330134600400925, -0.0321008563041687, -0.030900370329618454, -0.029699882492423058, -0.02849939465522766, -0.027298908680677414, -0.026098420843482018, -0.02489793300628662, -0.023697447031736374, -0.022496959194540977, -0.02129647135734558, -0.020095985382795334, -0.018895497545599937, -0.01769501157104969, -0.016494523733854294, -0.015294036827981472, -0.01409354992210865, -0.012893062084913254, -0.011692575179040432, -0.01049208827316761, -0.009291601367294788, -0.008091114461421967, -0.00689062662422657, -0.005690139718353748, -0.0044896528124809265, -0.0032891654409468174, -0.0020886780694127083, -0.0008881948888301849, 0.0003122922498732805, 0.001512779388576746, 0.0027132665272802114, 0.003913753665983677, 0.005114240571856499, 0.006314727943390608, 0.007515215314924717, 0.008715702220797539, 0.00991618912667036, 0.011116676032543182, 0.012317163869738579, 0.0135176507756114, 0.014718137681484222, 0.01591862551867962, 0.017119113355875015, 0.018319599330425262, 0.01952008716762066, 0.020720573142170906, 0.021921060979366302, 0.02312154695391655, 0.024322034791111946, 0.025522522628307343, 0.02672300860285759, 0.027923496440052986, 0.029123984277248383, 0.03032447025179863, 0.03152495622634888, 0.03272544592618942, 0.03392593190073967, 0.03512641787528992, 0.03632690757513046, 0.03752739354968071]}, "gradients/conv1.0.weight": {"_type": "histogram", "values": [1.0, 0.0, 0.0, 1.0, 0.0, 0.0, 1.0, 1.0, 1.0, 3.0, 1.0, 0.0, 0.0, 2.0, 1.0, 3.0, 1.0, 0.0, 0.0, 2.0, 6.0, 5.0, 4.0, 2.0, 3.0, 9.0, 5.0, 14.0, 11.0, 13.0, 37.0, 168.0, 19.0, 12.0, 8.0, 9.0, 9.0, 2.0, 6.0, 4.0, 5.0, 3.0, 4.0, 3.0, 5.0, 2.0, 0.0, 0.0, 1.0, 2.0, 1.0, 0.0, 2.0, 2.0, 1.0, 1.0, 0.0, 0.0, 1.0, 1.0, 0.0, 0.0, 1.0, 1.0],