{"gradients/out.bias": {"_type": "histogram", "values": [1.0, 0.0, 0.0, 0.0, 1.0, 0.0, 0.0, 0.0, 0.0, 0.0, 0.0, 0.0, 0.0, 0.0, 1.0, 1.0, 0.0, 0.0, 0.0, 0.0, 0.0, 0.0, 0.0, 0.0, 0.0, 2.0, 0.0, 0.0, 0.0, 0.0, 1.0, 0.0, 0.0, 0.0, 0.0, 0.0, 0.0, 1.0, 0.0, 0.0, 0.0, 0.0, 0.0, 0.0, 0.0, 0.0, 0.0, 0.0, 0.0, 0.0, 0.0, 0.0, 1.0, 0.0, 0.0, 0.0, 0.0, 0.0, 0.0, 0.0, 0.0, 0.0, 0.0, 1.0], "bins": [-0.0006002755253575742, -0.0005781089421361685, -0.0005559423589147627, -0.000533775775693357, -0.0005116092506796122, -0.0004894426674582064, -0.00046727608423680067, -0.0004451095010153949, -0.00042294294689781964, -0.0004007763636764139, -0.0003786098095588386, -0.00035644322633743286, -0.0003342766431160271, -0.00031211008899845183, -0.0002899435057770461, -0.0002677769516594708, -0.00024561036843806505, -0.00022344379976857454, -0.00020127723109908402, -0.00017911064787767828, -0.00015694407920818776, -0.00013477751053869724, -0.0001126109273172915, -9.044435864780098e-05, -6.827776087448001e-05, -4.6111188567010686e-05, -2.3944616259541363e-05, -1.7780403140932322e-06, 2.0388528355397284e-05, 4.25550970248878e-05, 6.472168024629354e-05, 8.688824891578406e-05, 0.00010905473027378321, 0.00013122129894327372, 0.00015338786761276424, 0.00017555445083416998, 0.0001977210195036605, 0.00021988758817315102, 0.00024205417139455676, 0.0002642207546159625, 0.00028638727962970734, 0.0003085538628511131, 0.00033072041696868837, 0.0003528870001900941, 0.0003750535543076694, 0.00039722013752907515, 0.0004193867207504809, 0.00044155330397188663, 0.0004637198871932924, 0.0004858864704146981, 0.0005080530536361039, 0.0005302196368575096, 0.0005523861618712544, 0.0005745527450926602, 0.0005967193283140659, 0.0006188859115354717, 0.0006410524947568774, 0.0006632190779782832, 0.0006853856611996889, 0.0007075521862134337, 0.0007297187694348395, 0.0007518853526562452, 0.000774051935877651, 0.0007962185190990567, 0.0008183850441128016]}, "gradients/out.weight": {"_type": "histogram", "values": [2.0, 4.0, 0.0, 5.0, 5.0, 3.0, 2.0, 8.0, 13.0, 15.0, 13.0, 16.0, 20.0, 26.0, 23.0, 30.0, 48.0, 59.0, 69.0, 98.0, 115.0, 163.0, 247.0, 372.0, 677.0, 10493.0, 1427.0, 471.0, 309.0, 220.0, 163.0, 116.0, 100.0, 79.0, 55.0, 50.0, 37.0, 26.0, 16.0, 19.0, 16.0, 13.0, 5.0, 6.0, 6.0, 6.0, 4.0, 1.0, 1.0, 1.0, 2.0, 1.0, 1.0, 1.0, 1.0, 0.0, 0.0, 0.0, 0.0, 0.0, 0.0, 0.0, 0.0, 1.0], "bins": [-0.010376038029789925, -0.009974484331905842, -0.009572930634021759, -0.009171376936137676, -0.008769823238253593, -0.00836826954036951, -0.007966715842485428, -0.007565162610262632, -0.00716360891237855, -0.006762055214494467, -0.006360501516610384, -0.0059589482843875885, -0.005557394586503506, -0.005155840888619423, -0.00475428719073534, -0.004352733492851257, -0.0039511797949671745, -0.0035496260970830917, -0.003148072399199009, -0.00274651893414557, -0.002344965236261487, -0.0019434115383774042, -0.001541858073323965, -0.0011403043754398823, -0.0007387511432170868, -0.0003371975035406649, 6.435613613575697e-05, 0.00046590971760451794, 0.0008674634154886007, 0.0012690171133726835, 0.0016705705784261227, 0.0020721242763102055, 0.002473677508533001, 0.0028752312064170837, 0.0032767849043011665, 0.0036783383693546057, 0.004079892300069332, 0.004481445997953415, 0.00488299923017621, 0.005284552928060293, 0.005686107091605663, 0.006087660789489746, 0.006489214487373829, 0.006890768185257912, 0.0072923218831419945, 0.007693875581026077, 0.008095428347587585, 0.008496982976794243, 0.008898535743355751, 0.009300089441239834, 0.009701643139123917, 0.010103196837008, 0.010504750534892082, 0.010906304232776165, 0.011307857930660248, 0.011709410697221756, 0.012110965326428413, 0.012512519024312496, 0.012914072722196579, 0.013315626420080662, 0.013717180117964745, 0.014118733815848827, 0.01452028751373291, 0.014921840280294418, 0.015323393978178501]}, "gradients/conv2.0.weight": {"_type": "histogram", "values": [2.0, 0.0, 1.0, 2.0, 2.0, 2.0, 1.0, 0.0, 2.0, 3.0, 5.0, 1.0, 3.0, 6.0, 8.0, 13.0, 18.0, 16.0, 17.0, 24.0, 39.0, 37.0, 37.0, 59.0, 56.0, 87.0, 104.0, 150.0, 168.0, 241.0, 306.0, 391.0, 546.0, 752.0, 1148.0, 4072.0, 1300.0, 793.0, 606.0, 466.0, 342.0, 258.0, 185.0, 122.0, 104.0, 89.0, 63.0, 32.0, 29.0, 24.0, 12.0, 13.0, 10.0, 5.0, 5.0, 3.0, 5.0, 5.0, 4.0, 0.0, 3.0, 1.0, 1.0, 1.0], "bins": [-0.0060994382947683334, -0.0059283459559082985, -0.005757253151386976, -0.005586160812526941, -0.005415068008005619, -0.005243975669145584, -0.005072883330285549, -0.004901790525764227, -0.004730697721242905, -0.00455960538238287, -0.0043885125778615475, -0.0042174202390015125, -0.00404632743448019, -0.0038752350956201553, -0.0037041425239294767, -0.003533049952238798, -0.003361957613378763, -0.0031908650416880846, -0.003019772469997406, -0.002848680131137371, -0.002677587326616049, -0.002506494987756014, -0.0023354024160653353, -0.0021643098443746567, -0.0019932175055146217, -0.0018221249338239431, -0.0016510323621332645, -0.0014799399068579078, -0.0013088473351672292, -0.0011377547634765506, -0.0009666623082011938, -0.0007955697365105152, -0.000624476931989193, -0.0004533843894023448, -0.0002822918468154967, -0.000111199333332479, 5.9893238358199596e-05, 0.0002309858100488782, 0.00040207826532423496, 0.0005731708370149136, 0.0007442636415362358, 0.0009153562132269144, 0.001086448784917593, 0.0012575412401929498, 0.0014286338118836284, 0.001599726383574307, 0.0017708188388496637, 0.0019419114105403423, 0.0021130037494003773, 0.002284096321091056, 0.0024551888927817345, 0.0026262812316417694, 0.0027973740361630917, 0.0029684663750231266, 0.003139558946713805, 0.003310651518404484, 0.0034817440900951624, 0.003652836661785841, 0.0038239292334765196, 0.003995021805167198, 0.004166114144027233, 0.004337206948548555, 0.00450829928740859, 0.004679392091929913, 0.0048504844307899475]}, "gradients/conv2.0.bias": {"_type": "histogram", "values": [1.0, 0.0, 0.0, 0.0, 0.0, 0.0, 0.0, 1.0, 0.0, 0.0, 0.0, 0.0, 0.0, 0.0, 1.0, 0.0, 0.0, 0.0, 0.0, 2.0, 1.0, 0.0, 0.0, 0.0, 2.0, 0.0, 0.0, 0.0, 1.0, 1.0, 1.0, 0.0, 0.0, 1.0, 1.0, 1.0, 0.0, 0.0, 1.0, 4.0, 2.0, 1.0, 0.0, 1.0, 0.0, 1.0, 1.0, 0.0, 1.0, 1.0, 1.0, 2.0, 0.0, 0.0, 0.0, 1.0, 0.0, 0.0, 0.0, 0.0, 0.0, 0.0, 0.0, 1.0], "bins": [-0.0011255106655880809, -0.0010960613144561648, -0.0010666119633242488, -0.0010371626121923327, -0.0010077132610604167, -0.0009782639099285007, -0.0009488145587965846, -0.0009193652076646686, -0.0008899158565327525, -0.0008604665054008365, -0.0008310171542689204, -0.0008015678031370044, -0.0007721184520050883, -0.0007426691008731723, -0.0007132197497412562, -0.0006837703986093402, -0.0006543210474774241, -0.0006248716963455081, -0.000595422345213592, -0.000565972994081676, -0.00053652364294976, -0.0005070742918178439, -0.00047762494068592787, -0.0004481755895540118, -0.00041872618021443486, -0.0003892768290825188, -0.00035982747795060277, -0.0003303781268186867, -0.0003009287756867707, -0.00027147942455485463, -0.00024203005887102336, -0.0002125807077391073, -0.0001831313711591065, -0.00015368202002719045, -0.0001242326688952744, -9.478331048740074e-05, -6.53339593554847e-05, -3.5884600947611034e-05, -6.435249815694988e-06, 2.301410131622106e-05, 5.2463437896221876e-05, 8.191278902813792e-05, 0.00011136214016005397, 0.00014081149129197001, 0.00017026084242388606, 0.00019971020810771734, 0.00022915955923963338, 0.0002586088958196342, 0.0002880582760553807, 0.00031750762718729675, 0.0003469569783192128, 0.00037640632945112884, 0.0004058556805830449, 0.0004353050608187914, 0.00046475441195070744, 0.0004942037630826235, 0.0005236531142145395, 0.0005531024653464556, 0.0005825518164783716, 0.0006120011676102877, 0.0006414505187422037, 0.0006708998698741198, 0.0007003492210060358, 0.0007297985721379519, 0.0007592479232698679]}, "gradients/conv1.0.weight": {"_type": "histogram",