{"gradients/out.bias": {"_type": "histogram", "values": [1.0, 0.0, 0.0, 0.0, 0.0, 1.0, 0.0, 0.0, 0.0, 0.0, 0.0, 0.0, 0.0, 0.0, 0.0, 0.0, 0.0, 0.0, 0.0, 0.0, 0.0, 0.0, 0.0, 0.0, 0.0, 0.0, 0.0, 0.0, 0.0, 0.0, 0.0, 0.0, 0.0, 0.0, 1.0, 2.0, 1.0, 0.0, 0.0, 1.0, 0.0, 0.0, 0.0, 0.0, 0.0, 0.0, 0.0, 0.0, 0.0, 0.0, 0.0, 1.0, 0.0, 1.0, 0.0, 0.0, 0.0, 0.0, 0.0, 0.0, 0.0, 0.0, 0.0, 1.0], "bins": [-0.0032597198151052, -0.0031680117826908827, -0.003076303983107209, -0.002984595950692892, -0.002892887918278575, -0.002801179885864258, -0.0027094720862805843, -0.002617764053866267, -0.00252605602145195, -0.002434347989037633, -0.0023426401894539595, -0.0022509321570396423, -0.002159224124625325, -0.002067516092211008, -0.0019758082926273346, -0.0018841002602130175, -0.001792392460629344, -0.0017006845446303487, -0.0016089765122160316, -0.0015172685962170362, -0.0014255605638027191, -0.0013338526478037238, -0.0012421447318047285, -0.0011504366993904114, -0.001058728899806738, -0.0009670209256000817, -0.0008753129513934255, -0.0007836050353944302, -0.0006918970611877739, -0.0006001890869811177, -0.0005084811709821224, -0.0004167731967754662, -0.0003250648733228445, -0.00023335691366810352, -0.00014164895401336253, -4.9941008910536766e-05, 4.176696529611945e-05, 0.00013347493950277567, 0.00022518285550177097, 0.0003168908297084272, 0.00040859892033040524, 0.0005003068945370615, 0.0005920148687437177, 0.000683722784742713, 0.0007754307589493692, 0.0008671387331560254, 0.0009588466491550207, 0.0010505546815693378, 0.0011422624811530113, 0.0012339703971520066, 0.0013256784295663238, 0.001417386345565319, 0.0015090943779796362, 0.0016008022939786315, 0.0016925102099776268, 0.001784218242391944, 0.0018759261583909392, 0.0019676340743899345, 0.0020593421068042517, 0.002151050139218569, 0.0022427579388022423, 0.0023344659712165594, 0.0024261740036308765, 0.00251788180321455, 0.002609589835628867]}, "gradients/out.weight": {"_type": "histogram", "values": [1.0, 0.0, 0.0, 2.0, 0.0, 0.0, 0.0, 0.0, 3.0, 2.0, 7.0, 4.0, 6.0, 12.0, 13.0, 22.0, 15.0, 22.0, 28.0, 21.0, 29.0, 31.0, 33.0, 37.0, 45.0, 58.0, 73.0, 73.0, 87.0, 75.0, 135.0, 185.0, 321.0, 12030.0, 935.0, 359.0, 252.0, 185.0, 119.0, 97.0, 83.0, 71.0, 46.0, 39.0, 23.0, 26.0, 16.0, 9.0, 15.0, 8.0, 9.0, 4.0, 8.0, 0.0, 1.0, 1.0, 0.0, 2.0, 1.0, 0.0, 0.0, 0.0, 0.0, 1.0], "bins": [-0.024149779230356216, -0.02343004196882248, -0.022710302844643593, -0.021990565583109856, -0.02127082645893097, -0.020551089197397232, -0.019831351935863495, -0.01911161281168461, -0.018391873687505722, -0.017672136425971985, -0.0169523973017931, -0.01623266004025936, -0.015512920916080475, -0.014793183654546738, -0.014073445461690426, -0.013353707268834114, -0.012633970007300377, -0.011914231814444065, -0.011194493621587753, -0.010474756360054016, -0.00975501723587513, -0.009035279974341393, -0.00831554178148508, -0.007595803588628769, -0.006876066327095032, -0.00615632813423872, -0.005436589941382408, -0.004716852214187384, -0.003997114021331072, -0.00327737582847476, -0.0025576381012797356, -0.0018378999084234238, -0.0011181607842445374, -0.0003984227078035474, 0.0003213153686374426, 0.0010410533286631107, 0.0017607915215194225, 0.0024805297143757343, 0.003200267441570759, 0.003920005634427071, 0.004639744758605957, 0.005359482951462269, 0.006079221144318581, 0.006798958871513605, 0.007518697064369917, 0.008238434791564941, 0.008958172984421253, 0.009677911177277565, 0.010397648438811302, 0.011117386631667614, 0.011837124824523926, 0.012556862086057663, 0.01327660121023655, 0.013996338471770287, 0.014716076664626598, 0.01543581485748291, 0.016155552119016647, 0.016875289380550385, 0.01759502850472927, 0.018314765766263008, 0.019034504890441895, 0.01975424215197563, 0.02047397941350937, 0.021193718537688255, 0.02191345766186714]}, "gradients/conv2.0.weight": {"_type": "histogram", "values": [1.0, 0.0, 0.0, 0.0, 0.0, 1.0, 1.0, 0.0, 0.0, 1.0, 0.0, 1.0, 2.0, 4.0, 3.0, 4.0, 3.0, 2.0, 7.0, 11.0, 12.0, 18.0, 19.0, 25.0, 54.0, 53.0, 91.0, 118.0, 183.0, 258.0, 373.0, 532.0, 758.0, 1094.0, 1671.0, 2904.0, 1626.0, 953.0, 603.0, 414.0, 278.0, 201.0, 153.0, 87.0, 78.0, 51.0, 37.0, 29.0, 23.0, 17.0, 6.0, 15.0, 6.0, 2.0, 2.0, 2.0, 4.0, 2.0, 1.0, 3.0, 1.0, 1.0, 0.0, 1.0], "bins": [-0.01290155854076147, -0.012537785805761814, -0.012174013070762157, -0.0118102403357625, -0.011446467600762844, -0.011082695797085762, -0.010718923062086105, -0.010355150327086449, -0.009991377592086792, -0.009627604857087135, -0.009263832122087479, -0.008900059387087822, -0.008536286652088165, -0.008172513917088509, -0.007808741647750139, -0.00744496937841177, -0.007081196177750826, -0.006717423442751169, -0.0063536507077515125, -0.005989878438413143, -0.0056261057034134865, -0.00526233296841383, -0.004898560233414173, -0.0045347874984145164, -0.00417101476341486, -0.003807242028415203, -0.00344346952624619, -0.0030796967912465334, -0.0027159242890775204, -0.0023521515540778637, -0.001988378819078207, -0.001624606316909194, -0.001260833814740181, -0.0008970611961558461, -0.0005332885193638504, -0.0001695158425718546, 0.00019425677601248026, 0.0005580293945968151, 0.0009218021295964718, 0.0012855746317654848, 0.0016493471339344978, 0.0020131198689341545, 0.0023768923711031675, 0.002740665106102824, 0.0031044376082718372, 0.003468210343271494, 0.0038319830782711506, 0.00419575534760952, 0.004559528548270464, 0.004923301283270121, 0.005287074018269777, 0.005650846287608147, 0.006014619022607803, 0.00637839175760746, 0.006742164492607117, 0.007105937227606773, 0.00746970996260643, 0.007833482697606087, 0.008197255432605743, 0.0085610281676054, 0.008924800902605057, 0.009288573637604713, 0.00965234637260437, 0.010016118176281452, 0.010379890911281109]}, "gradients/conv2.0.bias": {"_type": "histogram", "values": [1.0, 0.0, 0.0, 1.0, 1.0, 0.0, 0.0, 2.0, 1.0, 1.0, 2.0, 1.0, 0.0, 0.0, 0.0, 2.0, 1.0, 1.0, 0.0, 1.0, 1.0, 0.0, 0.0, 1.0, 1.0, 0.0, 2.0, 1.0, 0.0, 2.0, 2.0, 0.0, 2.0, 1.0, 0.0, 0.0, 0.0, 0.0, 0.0, 1.0, 0.0, 0.0, 0.0, 0.0, 1.0, 0.0, 0.0, 0.0, 0.0, 0.0, 1.0, 0.0, 0.0, 0.0, 0.0, 0.0, 0.0, 0.0, 0.0, 0.0, 0.0, 0.0, 0.0, 1.0], "bins": [-0.001897801528684795, -0.001826600288040936, -0.0017553989309817553, -0.0016841976903378963, -0.0016129964496940374, -0.0015417952090501785, -0.0014705938519909978, -0.0013993926113471389, -0.0013281912542879581, -0.0012569900136440992, -0.0011857886565849185, -0.0011145874159410596, -0.0010433861752972007, -0.0009721848764456809, -0.000900983577594161, -0.0008297823369503021, -0.0007585810963064432, -0.0006873797974549234, -0.0006161785568110645, -0.0005449772579595447, -0.0004737759882118553, -0.0004025747184641659, -0.0003313734196126461, -0.0002601721789687872, -0.00018897082190960646, -0.00011776954488595948, -4.6568267862312496e-05, 2.46330164372921e-05, 9.583428618498147e-05, 0.00016703555593267083, 0.00023823685478419065, 0.00030943809542804956, 0.0003806394524872303, 0.00045184072223491967, 0.000523041991982609, 0.0005942432908341289, 0.0006654445314779878, 0.0007366458303295076, 0.0008078471291810274, 0.0008790483698248863, 0.0009502496104687452, 0.0010214508511126041, 0.0010926522081717849, 0.0011638534488156438, 0.0012350546894595027, 0.0013062560465186834, 0.0013774572871625423, 0.0014486585278064013, 0.001519859884865582, 0.001591061125509441, 0.0016622624825686216, 0.0017334637232124805, 0.0018046649638563395, 0.0018758662045001984, 0.001947067561559379, 0.002018268685787916, 0.0020894701592624187, 0.0021606713999062777, 0.0022318726405501366, 0.002303074114024639, 0.002374275354668498, 0.002445476595312357, 0.002516677835956216, 0.0025878790766000748, 0.0026590803172439337]}, "gradients/conv1.0.weight": {"_type": "histogram",