{"gradients/out.bias": {"_type": "histogram", "values": [1.0, 0.0, 0.0, 0.0, 0.0, 0.0, 0.0, 0.0, 0.0, 0.0, 0.0, 0.0, 0.0, 0.0, 0.0, 1.0, 0.0, 0.0, 0.0, 0.0, 0.0, 0.0, 0.0, 0.0, 0.0, 0.0, 0.0, 0.0, 0.0, 0.0, 0.0, 1.0, 4.0, 1.0, 0.0, 0.0, 0.0, 0.0, 0.0, 0.0, 0.0, 0.0, 0.0, 0.0, 0.0, 0.0, 0.0, 0.0, 0.0, 1.0, 0.0, 0.0, 0.0, 0.0, 0.0, 0.0, 0.0, 0.0, 0.0, 0.0, 0.0, 0.0, 0.0, 1.0], "bins": [-0.005226771347224712, -0.005065067671239376, -0.00490336399525404, -0.004741659853607416, -0.00457995617762208, -0.0044182525016367435, -0.004256548825651407, -0.004094845149666071, -0.003933141008019447, -0.003771437332034111, -0.003609733423218131, -0.0034480297472327948, -0.003286325838416815, -0.0031246221624314785, -0.002962918486446142, -0.002801214810460806, -0.0026395111344754696, -0.0024778074584901333, -0.0023161035496741533, -0.002154399873688817, -0.001992695964872837, -0.0018309922888875008, -0.0016692886129021645, -0.0015075848205015063, -0.0013458810281008482, -0.00118417723570019, -0.001022473443299532, -0.0008607697673141956, -0.0006990659749135375, -0.0005373621825128794, -0.00037565844831988215, -0.00021395471412688494, -5.2251387387514114e-05, 0.00010945237590931356, 0.00027115613920614123, 0.0004328599025029689, 0.0005945636657997966, 0.0007562674582004547, 0.0009179711923934519, 0.0010796749265864491, 0.0012413787189871073, 0.0014030825113877654, 0.0015647863037884235, 0.0017264899797737598, 0.001888193772174418, 0.002049897564575076, 0.0022116012405604124, 0.0023733051493763924, 0.0025350088253617287, 0.002696712501347065, 0.002858416410163045, 0.0030201200861483812, 0.003181823994964361, 0.0033435276709496975, 0.003505231346935034, 0.00366693502292037, 0.00382863893173635, 0.00399034284055233, 0.004152046516537666, 0.004313750192523003, 0.004475453868508339, 0.004637157544493675, 0.004798861686140299, 0.004960565362125635, 0.0051222690381109715]}, "gradients/out.weight": {"_type": "histogram", "values": [2.0, 0.0, 0.0, 0.0, 0.0, 1.0, 0.0, 0.0, 0.0, 0.0, 0.0, 5.0, 0.0, 5.0, 0.0, 1.0, 2.0, 3.0, 5.0, 12.0, 15.0, 16.0, 31.0, 29.0, 35.0, 46.0, 67.0, 77.0, 116.0, 171.0, 206.0, 1506.0, 12477.0, 210.0, 171.0, 119.0, 77.0, 69.0, 43.0, 37.0, 30.0, 29.0, 16.0, 15.0, 12.0, 5.0, 3.0, 3.0, 0.0, 0.0, 5.0, 0.0, 5.0, 0.0, 0.0, 0.0, 0.0, 0.0, 1.0, 0.0, 0.0, 0.0, 0.0, 2.0], "bins": [-0.06446181237697601, -0.06244887784123421, -0.0604359433054924, -0.058423008769750595, -0.05641007423400879, -0.05439713969826698, -0.05238420516252518, -0.05037127062678337, -0.048358336091041565, -0.04634540155529976, -0.04433246701955795, -0.04231953248381615, -0.04030659794807434, -0.038293663412332535, -0.03628072887659073, -0.03426779434084892, -0.03225485980510712, -0.03024192526936531, -0.028228990733623505, -0.0262160561978817, -0.024203121662139893, -0.022190187126398087, -0.02017725259065628, -0.018164318054914474, -0.01615138351917267, -0.014138448983430862, -0.012125514447689056, -0.01011257991194725, -0.008099645376205444, -0.006086710840463638, -0.004073776304721832, -0.0020608417689800262, -4.789978265762329e-05, 0.0019650347530841827, 0.003977969288825989, 0.005990903824567795, 0.0080038383603096, 0.010016772896051407, 0.012029707431793213, 0.014042641967535019, 0.016055576503276825, 0.01806851103901863, 0.020081445574760437, 0.022094380110502243, 0.02410731464624405, 0.026120249181985855, 0.02813318371772766, 0.030146118253469467, 0.03215905278921127, 0.03417198732495308, 0.036184921860694885, 0.03819785639643669, 0.0402107909321785, 0.0422237254679203, 0.04423666000366211, 0.046249594539403915, 0.04826252907514572, 0.05027546361088753, 0.052288398146629333, 0.05430133268237114, 0.056314267218112946, 0.05832720175385475, 0.06034013628959656, 0.062353070825338364, 0.06436600536108017]}, "gradients/conv2.0.weight": {"_type": "histogram", "values": [2.0, 0.0, 4.0, 1.0, 0.0, 1.0, 1.0, 2.0, 6.0, 2.0, 3.0, 7.0, 11.0, 8.0, 8.0, 12.0, 15.0, 11.0, 24.0, 23.0, 29.0, 54.0, 50.0, 69.0, 73.0, 110.0, 129.0, 192.0, 255.0, 320.0, 424.0, 585.0, 758.0, 1006.0, 1419.0, 2030.0, 1875.0, 1161.0, 735.0, 446.0, 316.0, 197.0, 122.0, 94.0, 69.0, 39.0, 38.0, 17.0, 16.0, 7.0, 7.0, 5.0, 4.0, 3.0, 3.0, 0.0, 0.0, 1.0, 0.0, 0.0, 0.0, 0.0, 0.0, 1.0], "bins": [-0.017504313960671425, -0.017017774283885956, -0.016531234607100487, -0.016044694930315018, -0.015558154322206974, -0.015071614645421505, -0.014585074968636036, -0.014098534360527992, -0.013611994683742523, -0.013125455006957054, -0.012638915330171585, -0.012152374722063541, -0.011665835045278072, -0.011179295368492603, -0.010692755691707134, -0.01020621508359909, -0.009719675406813622, -0.009233135730028152, -0.008746596053242683, -0.00826005544513464, -0.007773515768349171, -0.007286976091563702, -0.006800436414778233, -0.006313896272331476, -0.0058273570612072945, -0.005340817384421825, -0.004854277241975069, -0.0043677375651896, -0.0038811974227428436, -0.0033946577459573746, -0.002908117836341262, -0.002421577926725149, -0.0019350377842783928, -0.00144849787466228, -0.0009619580232538283, -0.0004754181718453765, 1.1121737770736217e-05, 0.0004976615309715271, 0.0009842014405876398, 0.0014707413502037525, 0.001957281492650509, 0.0024438214022666216, 0.0029303613118827343, 0.0034169009886682034, 0.0039034411311149597, 0.004389980807900429, 0.004876520484685898, 0.005363060627132654, 0.005849600303918123, 0.006336139980703592, 0.006822680123150349, 0.007309219799935818, 0.007795759942382574, 0.00828230008482933, 0.0087688397616148, 0.009255379438400269, 0.009741919115185738, 0.010228458791971207, 0.010714998468756676, 0.01120153907686472, 0.011688078753650188, 0.012174618430435658, 0.012661158107221127, 0.01314769871532917, 0.01363423839211464]}, "gradients/conv2.0.bias": {"_type": "histogram", "values": [1.0, 0.0, 0.0, 0.0, 0.0, 0.0, 0.0, 0.0, 0.0, 1.0, 0.0, 0.0, 0.0, 1.0, 0.0, 0.0, 0.0, 0.0, 0.0, 0.0, 0.0, 0.0, 0.0, 0.0, 0.0, 0.0, 3.0, 1.0, 0.0, 1.0, 3.0, 1.0, 1.0, 2.0, 1.0, 1.0, 0.0, 0.0, 2.0, 0.0, 0.0, 0.0, 3.0, 0.0, 0.0, 1.0, 1.0, 0.0, 1.0, 0.0, 1.0, 0.0, 2.0, 1.0, 0.0, 0.0, 0.0, 2.0, 0.0, 0.0, 0.0, 0.0, 0.0, 1.0], "bins": [-0.00615715654566884, -0.006015223916620016, -0.005873291287571192, -0.0057313586585223675, -0.005589426029473543, -0.005447493400424719, -0.0053055607713758945, -0.005163627676665783, -0.005021695047616959, -0.004879762418568134, -0.00473782978951931, -0.004595897160470486, -0.004453964531421661, -0.004312031902372837, -0.004170099273324013, -0.0040281666442751884, -0.003886234015226364, -0.00374430138617754, -0.0036023687571287155, -0.003460436128079891, -0.003318503499031067, -0.0031765708699822426, -0.0030346380081027746, -0.0028927053790539503, -0.002750772750005126, -0.0026088401209563017, -0.0024669074919074774, -0.002324974862858653, -0.002183042000979185, -0.002041109371930361, -0.0018991767428815365, -0.0017572441138327122, -0.0016153112519532442, -0.00147337862290442, -0.0013314459938555956, -0.0011895132483914495, -0.0010475806193426251, -0.0009056479902938008, -0.0007637153030373156, -0.0006217826157808304, -0.0004798499867320061, -0.0003379173285793513, -0.00019598467042669654, -5.405201227404177e-05, 8.7880645878613e-05, 0.0002298132749274373, 0.00037174596218392253, 0.0005136786494404078, 0.0006556112784892321, 0.0007975439075380564, 0.0009394765947945416, 0.0010814092820510268, 0.0012233419110998511, 0.0013652745401486754, 0.0015072072856128216, 0.0016491399146616459, 0.0017910725437104702, 0.0019330051727592945, 0.002074937801808119, 0.002216870430856943, 0.0023588030599057674, 0.0025007356889545918, 0.0026426685508340597, 0.002784601179882884, 0.0029265338089317083]}, "gradients/conv1.0.weight": {"_type": "histogram", "values": [1.0, 0.0, 1.0, 0.0, 1.0, 0.0, 2.0, 1.0, 6.0, 4.0, 4.0, 11.0, 3.0, 10.0, 7.0, 5.0, 9.0, 13.0, 10.0, 15.0, 13.0, 18.0, 15.0, 15.0, 11.0, 23.0, 15.0, 22.0, 19.0, 12.0, 14.0, 19.0, 10.0, 6.0, 11.0, 9.0, 10.0, 6.0, 4.0, 4.0, 5.0, 6.0, 4.0, 4.0, 2.0, 3.0, 3.0, 2.0, 3.0, 1.0, 3.0, 0.0, 1.0, 1.0, 0.0, 1.0, 0.0, 0.0, 0.0, 1.0, 0.0, 0.0, 0.0, 1.0],