{"gradients/out.bias": {"_type": "histogram", "values": [1.0, 0.0, 0.0, 0.0, 0.0, 0.0, 0.0, 0.0, 0.0, 0.0, 0.0, 0.0, 0.0, 0.0, 0.0, 0.0, 0.0, 0.0, 0.0, 0.0, 0.0, 0.0, 0.0, 1.0, 0.0, 0.0, 0.0, 0.0, 0.0, 0.0, 0.0, 1.0, 0.0, 0.0, 0.0, 0.0, 0.0, 0.0, 0.0, 0.0, 0.0, 0.0, 0.0, 0.0, 0.0, 0.0, 1.0, 0.0, 0.0, 0.0, 1.0, 0.0, 0.0, 0.0, 0.0, 0.0, 0.0, 0.0, 1.0, 0.0, 0.0, 2.0, 0.0, 2.0], "bins": [-0.0012539415620267391, -0.0012267775600776076, -0.0011996134417131543, -0.0011724494397640228, -0.0011452854378148913, -0.0011181214358657598, -0.0010909573175013065, -0.001063793315552175, -0.0010366293136030436, -0.001009465311653912, -0.0009823011932894588, -0.0009551371913403273, -0.0009279731893911958, -0.0009008091292344034, -0.000873645069077611, -0.0008464810671284795, -0.0008193170069716871, -0.0007921529468148947, -0.0007649889448657632, -0.0007378248847089708, -0.0007106608827598393, -0.0006834968226030469, -0.0006563328206539154, -0.000629168760497123, -0.0006020047003403306, -0.0005748406401835382, -0.0005476766382344067, -0.0005205125780776143, -0.0004933485761284828, -0.0004661845159716904, -0.00043902048491872847, -0.0004118564538657665, -0.0003846924228128046, -0.00035752839175984263, -0.0003303643607068807, -0.00030320032965391874, -0.00027603626949712634, -0.00024887226754799485, -0.00022170820739120245, -0.0001945441763382405, -0.00016738017438910902, -0.00014021614333614707, -0.00011305210500722751, -8.588806667830795e-05, -5.8724035625346005e-05, -3.156000457238406e-05, -4.3959589675068855e-06, 2.276807208545506e-05, 4.993213224224746e-05, 7.709616329520941e-05, 0.00010426020162412897, 0.00013142423995304853, 0.00015858827100601047, 0.00018575230205897242, 0.0002129163476638496, 0.00024008037871681154, 0.0002672444097697735, 0.00029440844082273543, 0.0003215724718756974, 0.0003487365320324898, 0.00037590053398162127, 0.00040306459413841367, 0.0004302286251913756, 0.00045739265624433756, 0.0004845566872972995]}, "gradients/out.weight": {"_type": "histogram", "values": [1.0, 0.0, 2.0, 0.0, 1.0, 1.0, 0.0, 0.0, 3.0, 2.0, 2.0, 2.0, 5.0, 6.0, 1.0, 2.0, 4.0, 3.0, 2.0, 5.0, 7.0, 5.0, 5.0, 7.0, 8.0, 9.0, 16.0, 11.0, 20.0, 18.0, 26.0, 25.0, 29.0, 41.0, 42.0, 50.0, 53.0, 76.0, 75.0, 121.0, 174.0, 245.0, 468.0, 9435.0, 2550.0, 716.0, 414.0, 283.0, 206.0, 135.0, 109.0, 64.0, 56.0, 38.0, 25.0, 22.0, 17.0, 13.0, 7.0, 6.0, 6.0, 3.0, 0.0, 2.0], "bins": [-0.009417696855962276, -0.009203091263771057, -0.008988485671579838, -0.008773881010711193, -0.008559275418519974, -0.008344669826328754, -0.008130064234137535, -0.00791545957326889, -0.007700853981077671, -0.007486248388886452, -0.00727164326235652, -0.0070570376701653, -0.006842432543635368, -0.006627826951444149, -0.00641322135925293, -0.006198616232722998, -0.005984010640531778, -0.005769405048340559, -0.005554799921810627, -0.005340194329619408, -0.005125589203089476, -0.004910983610898256, -0.004696378484368324, -0.004481772892177105, -0.004267167299985886, -0.004052561707794666, -0.0038379565812647343, -0.003623350989073515, -0.003408745862543583, -0.0031941402703523636, -0.002979534910991788, -0.0027649295516312122, -0.002550323959439993, -0.0023357186000794172, -0.0021211132407188416, -0.001906507764942944, -0.0016919024055823684, -0.0014772970462217927, -0.0012626915704458952, -0.0010480862110853195, -0.0008334810845553875, -0.0006188757251948118, -0.00040427030762657523, -0.00018966489005833864, 2.4940469302237034e-05, 0.0002395458286628127, 0.0004541513044387102, 0.0006687566637992859, 0.0008833622559905052, 0.001097967615351081, 0.0013125729747116566, 0.001527178450487554, 0.0017417838098481297, 0.0019563892856240273, 0.002170994644984603, 0.0023856000043451786, 0.0026002053637057543, 0.00281481072306633, 0.0030294160824269056, 0.0032440214417874813, 0.0034586270339787006, 0.0036732321605086327, 0.003887837752699852, 0.004102443344891071, 0.004317048471421003]}, "gradients/conv2.0.weight": {"_type": "histogram", "values": [1.0, 0.0, 0.0, 0.0, 0.0, 3.0, 2.0, 3.0, 1.0, 2.0, 0.0, 1.0, 8.0, 5.0, 15.0, 13.0, 24.0, 32.0, 34.0, 50.0, 45.0, 68.0, 92.0, 136.0, 160.0, 180.0, 250.0, 243.0, 356.0, 451.0, 603.0, 692.0, 883.0, 1138.0, 2693.0, 1599.0, 880.0, 620.0, 478.0, 308.0, 225.0, 143.0, 99.0, 61.0, 54.0, 47.0, 24.0, 23.0, 17.0, 15.0, 7.0, 1.0, 5.0, 2.0, 2.0, 2.0, 0.0, 0.0, 0.0, 1.0, 0.0, 1.0, 0.0, 2.0], "bins": [-0.003649532562121749, -0.003545149462297559, -0.003440766129642725, -0.003336383029818535, -0.003231999697163701, -0.003127616597339511, -0.003023233264684677, -0.002918850164860487, -0.002814467065036297, -0.0027100839652121067, -0.002605700632557273, -0.0025013175327330828, -0.002396934200078249, -0.002292551100254059, -0.0021881680004298687, -0.002083784667775035, -0.001979401335120201, -0.0018750181188806891, -0.0017706349026411772, -0.001666251802816987, -0.0015618684701621532, -0.001457485370337963, -0.0013531021540984511, -0.0012487189378589392, -0.001144335838034749, -0.001039952621795237, -0.0009355694055557251, -0.000831186247523874, -0.0007268030312843621, -0.0006224198150448501, -0.0005180366570129991, -0.0004136534407734871, -0.00030926987528800964, -0.0002048866736004129, -0.00010050347191281617, 3.879715222865343e-06, 0.00010826293146237731, 0.00021264614770188928, 0.00031702930573374033, 0.0004214125219732523, 0.0005257958546280861, 0.0006301790708675981, 0.00073456228710711, 0.0008389454451389611, 0.000943328661378473, 0.001047711819410324, 0.001152095035649836, 0.001256478251889348, 0.0013608613517135382, 0.0014652445679530501, 0.001569627784192562, 0.0016740108840167522, 0.001778394216671586, 0.0018827773164957762, 0.00198716064915061, 0.0020915437489748, 0.0021959268487989902, 0.0023003099486231804, 0.002404693281278014, 0.0025090763811022043, 0.002613459713757038, 0.0027178428135812283, 0.0028222259134054184, 0.002926609246060252, 0.003030992578715086]}, "gradients/conv2.0.bias": {"_type": "histogram", "values": [1.0, 0.0, 0.0, 0.0, 0.0, 0.0, 0.0, 0.0, 0.0, 0.0, 0.0, 0.0, 1.0, 0.0, 0.0, 0.0, 0.0, 0.0, 1.0, 0.0, 1.0, 0.0, 0.0, 1.0, 0.0, 1.0, 1.0, 1.0, 0.0, 1.0, 0.0, 0.0, 0.0, 0.0, 0.0, 3.0, 2.0, 0.0, 1.0, 0.0, 0.0, 1.0, 2.0, 3.0, 2.0, 1.0, 1.0, 1.0, 0.0, 0.0, 0.0, 1.0, 3.0, 0.0, 1.0, 0.0, 0.0, 0.0, 0.0, 0.0, 0.0, 0.0, 0.0, 1.0], "bins": [-0.001576474285684526, -0.0015401396667584777, -0.0015038050478324294, -0.001467470545321703, -0.0014311359263956547, -0.0013948013074696064, -0.0013584666885435581, -0.0013221320696175098, -0.0012857975671067834, -0.0012494629481807351, -0.0012131283292546868, -0.0011767938267439604, -0.001140459207817912, -0.0011041245888918638, -0.0010677899699658155, -0.0010314553510397673, -0.000995120732113719, -0.0009587861131876707, -0.0009224515524692833, -0.0008861169335432351, -0.0008497823728248477, -0.0008134477538987994, -0.0007771131349727511, -0.0007407785742543638, -0.0007044440135359764, -0.0006681093946099281, -0.0006317748338915408, -0.0005954402149654925, -0.0005591056542471051, -0.0005227710353210568, -0.000486436445498839, -0.0004501018556766212, -0.0004137672367505729, -0.0003774326469283551, -0.0003410980571061373, -0.000304763438180089, -0.00026842887746170163, -0.00023209427308756858, -0.00019575966871343553, -0.0001594250788912177, -0.00012309051817283034, -8.675592835061252e-05, -5.0421331252437085e-05, -1.4086734154261649e-05, 2.2247855667956173e-05, 5.8582445490173995e-05, 9.491704986430705e-05, 0.00013125163968652487, 0.00016758625861257315, 0.00020392084843479097, 0.0002402554382570088, 0.00027659005718305707, 0.00031292461790144444, 0.0003492592368274927, 0.00038559382664971054, 0.00042192841647192836, 0.0004582630062941462, 0.000494597596116364, 0.0005309322150424123, 0.0005672667757607996, 0.0006036013946868479, 0.0006399359554052353, 0.0006762705743312836, 0.0007126051932573318, 0.0007489397539757192]}, "gradients/conv1.0.weight": {"_type": "histogram",