{"gradients/out.bias": {"_type": "histogram", "values": [1.0, 0.0, 0.0, 0.0, 0.0, 0.0, 0.0, 0.0, 0.0, 0.0, 0.0, 0.0, 0.0, 0.0, 0.0, 0.0, 0.0, 0.0, 0.0, 0.0, 0.0, 0.0, 0.0, 0.0, 0.0, 0.0, 0.0, 0.0, 1.0, 0.0, 0.0, 0.0, 0.0, 0.0, 0.0, 0.0, 0.0, 0.0, 1.0, 1.0, 0.0, 0.0, 0.0, 0.0, 0.0, 0.0, 0.0, 1.0, 0.0, 1.0, 0.0, 0.0, 0.0, 0.0, 0.0, 0.0, 1.0, 1.0, 1.0, 0.0, 0.0, 0.0, 0.0, 1.0], "bins": [-0.05466463789343834, -0.05341846123337746, -0.05217228829860687, -0.05092611163854599, -0.049679938703775406, -0.04843376204371452, -0.04718758910894394, -0.04594141244888306, -0.044695235788822174, -0.04344905912876129, -0.04220288619399071, -0.040956709533929825, -0.03971053659915924, -0.03846435993909836, -0.037218183279037476, -0.03597201034426689, -0.03472583740949631, -0.033479660749435425, -0.03223348781466484, -0.030987311154603958, -0.029741136357188225, -0.02849496155977249, -0.027248786762356758, -0.026002611964941025, -0.024756435304880142, -0.02351026050746441, -0.022264085710048676, -0.021017909049987793, -0.01977173425257206, -0.018525559455156326, -0.017279384657740593, -0.01603320986032486, -0.014787033200263977, -0.013540858402848244, -0.012294682674109936, -0.011048507876694202, -0.009802332147955894, -0.008556157350540161, -0.007309982553124428, -0.00606380682438612, -0.004817631095647812, -0.0035714558325707912, -0.0023252808023244143, -0.0010791057720780373, 0.00016706949099898338, 0.001413244754076004, 0.0026594195514917374, 0.0039055952802300453, 0.005151769146323204, 0.006397944409400225, 0.007644119672477245, 0.008890294469892979, 0.010136470198631287, 0.01138264499604702, 0.012628819793462753, 0.013874995522201061, 0.015121170319616795, 0.016367346048355103, 0.017613520845770836, 0.01885969564318657, 0.020105870440602303, 0.021352045238018036, 0.02259822189807892, 0.023844396695494652, 0.025090571492910385]}, "gradients/out.weight": {"_type": "histogram", "values": [1.0, 0.0, 1.0, 0.0, 0.0, 1.0, 0.0, 2.0, 1.0, 1.0, 3.0, 1.0, 3.0, 1.0, 3.0, 0.0, 1.0, 2.0, 4.0, 7.0, 5.0, 5.0, 9.0, 8.0, 5.0, 6.0, 16.0, 22.0, 32.0, 39.0, 52.0, 47.0, 69.0, 90.0, 125.0, 170.0, 231.0, 369.0, 536.0, 1003.0, 2273.0, 6401.0, 1881.0, 977.0, 472.0, 295.0, 196.0, 94.0, 79.0, 41.0, 29.0, 10.0, 16.0, 11.0, 5.0, 8.0, 11.0, 3.0, 2.0, 1.0, 0.0, 3.0, 0.0, 1.0], "bins": [-0.22347672283649445, -0.21803608536720276, -0.21259544789791107, -0.20715481042861938, -0.2017141580581665, -0.19627352058887482, -0.19083288311958313, -0.18539224565029144, -0.17995160818099976, -0.17451097071170807, -0.16907033324241638, -0.1636296957731247, -0.158189058303833, -0.15274840593338013, -0.14730776846408844, -0.14186713099479675, -0.13642649352550507, -0.13098585605621338, -0.1255452185869217, -0.12010457366704941, -0.11466393619775772, -0.10922329872846603, -0.10378265380859375, -0.09834201633930206, -0.09290137887001038, -0.08746074140071869, -0.082020103931427, -0.07657945901155472, -0.07113882154226303, -0.06569818407297134, -0.06025754287838936, -0.05481690168380737, -0.04937625676393509, -0.0439356192946434, -0.03849497810006142, -0.03305433690547943, -0.027613699436187744, -0.022173060104250908, -0.01673242077231407, -0.011291779577732086, -0.005851142108440399, -0.00041050277650356293, 0.005030136555433273, 0.01047077588737011, 0.015911415219306946, 0.021352054551243782, 0.02679269388318062, 0.032233335077762604, 0.03767397254705429, 0.04311461001634598, 0.04855525121092796, 0.05399589240550995, 0.059436529874801636, 0.06487716734409332, 0.07031780481338501, 0.0757584497332573, 0.08119908720254898, 0.08663972467184067, 0.09208036959171295, 0.09752100706100464, 0.10296164453029633, 0.10840228199958801, 0.1138429194688797, 0.11928356438875198, 0.12472420185804367]}, "gradients/conv2.0.weight": {"_type": "histogram", "values": [1.0, 0.0, 1.0, 1.0, 0.0, 1.0, 1.0, 0.0, 2.0, 2.0, 4.0, 3.0, 0.0, 5.0, 1.0, 4.0, 3.0, 2.0, 2.0, 8.0, 11.0, 9.0, 11.0, 8.0, 13.0, 23.0, 24.0, 30.0, 29.0, 32.0, 60.0, 52.0, 78.0, 101.0, 119.0, 142.0, 191.0, 216.0, 328.0, 415.0, 622.0, 843.0, 1175.0, 1580.0, 3698.0, 1317.0, 676.0, 380.0, 223.0, 130.0, 95.0, 43.0, 28.0, 18.0, 11.0, 6.0, 5.0, 5.0, 3.0, 3.0, 3.0, 1.0, 1.0, 1.0], "bins": [-0.060711927711963654, -0.05934643745422363, -0.05798095092177391, -0.05661546066403389, -0.05524997413158417, -0.05388448387384415, -0.052518993616104126, -0.051153503358364105, -0.04978801682591438, -0.04842252656817436, -0.04705704003572464, -0.04569154977798462, -0.0443260595202446, -0.042960572987794876, -0.041595082730054855, -0.04022959619760513, -0.03886410593986511, -0.03749861568212509, -0.03613312914967537, -0.03476763889193535, -0.033402152359485626, -0.032036662101745605, -0.030671171844005585, -0.029305683448910713, -0.02794019505381584, -0.02657470665872097, -0.0252092182636261, -0.023843728005886078, -0.022478239610791206, -0.021112751215696335, -0.019747260957956314, -0.018381772562861443, -0.01701628416776657, -0.0156507957726717, -0.014285306446254253, -0.012919817119836807, -0.011554328724741936, -0.010188840329647064, -0.008823351003229618, -0.007457861676812172, -0.0060923732817173, -0.004726884420961142, -0.0033613955602049828, -0.001995906699448824, -0.0006304178386926651, 0.0007350710220634937, 0.0021005598828196526, 0.0034660492092370987, 0.00483153760433197, 0.006197026465088129, 0.007562515325844288, 0.008928004652261734, 0.010293493047356606, 0.011658981442451477, 0.013024470768868923, 0.01438996009528637, 0.01575544849038124, 0.017120936885476112, 0.018486425280570984, 0.019851915538311005, 0.021217403933405876, 0.022582892328500748, 0.02394838258624077, 0.02531387098133564, 0.02667935937643051]}, "gradients/conv2.0.bias": {"_type": "histogram", "values": [1.0, 0.0, 0.0, 0.0, 0.0, 1.0, 0.0, 0.0, 0.0, 0.0, 0.0, 2.0, 1.0, 2.0, 2.0, 0.0, 1.0, 0.0, 1.0, 1.0, 0.0, 1.0, 2.0, 4.0, 4.0, 0.0, 2.0, 0.0, 1.0, 0.0, 0.0, 1.0, 0.0, 0.0, 0.0, 0.0, 0.0, 1.0, 0.0, 0.0, 0.0, 1.0, 0.0, 1.0, 0.0, 0.0, 0.0, 1.0, 0.0, 0.0, 0.0, 0.0, 0.0, 0.0, 0.0, 0.0, 0.0, 0.0, 0.0, 0.0, 0.0, 0.0, 0.0, 1.0], "bins": [-0.01596122235059738, -0.015293621458113194, -0.014626020565629005, -0.013958419673144817, -0.01329081878066063, -0.012623217888176441, -0.011955616995692253, -0.01128801517188549, -0.010620415210723877, -0.009952814318239689, -0.0092852134257555, -0.008617612533271313, -0.007950011640787125, -0.0072824107483029366, -0.006614809390157461, -0.005947208497673273, -0.005279607139527798, -0.00461200624704361, -0.0039444053545594215, -0.00327680422924459, -0.0026092033367604017, -0.0019416024442762136, -0.001274001318961382, -0.0006064004264771938, 6.120093166828156e-05, 0.0007288018823601305, 0.0013964028330519795, 0.0020640038419514894, 0.0027316047344356775, 0.0033992056269198656, 0.004066806752234697, 0.004734407644718885, 0.005402008071541786, 0.006069608964025974, 0.006737209856510162, 0.00740481074899435, 0.008072411641478539, 0.008740012533962727, 0.009407613426446915, 0.010075215250253677, 0.01074281521141529, 0.011410416103899479, 0.012078016996383667, 0.012745617888867855, 0.013413218781352043, 0.014080819673836231, 0.01474842056632042, 0.015416022390127182, 0.016083624213933945, 0.016751226037740707, 0.01741882599890232, 0.018086427822709084, 0.018754027783870697, 0.01942162960767746, 0.020089229568839073, 0.020756831392645836, 0.02142443135380745, 0.022092033177614212, 0.022759633138775826, 0.023427234962582588, 0.0240948349237442, 0.024762436747550964, 0.025430036708712578, 0.02609763853251934, 0.026765238493680954]}, "gradients/conv1.0.weight": {"_type": "histogram", "values": [1.0, 1.0, 0.0, 0.0, 0.0, 0.0, 0.0, 1.0, 0.0, 0.0, 1.0, 1.0, 1.0, 0.0, 2.0, 1.0, 3.0, 2.0, 0.0, 3.0, 2.0, 2.0, 4.0, 4.0, 3.0, 0.0, 3.0, 4.0, 4.0, 2.0, 4.0, 4.0, 3.0, 4.0, 5.0, 3.0, 4.0, 4.0, 7.0, 6.0, 6.0, 7.0, 14.0, 13.0, 10.0, 14.0, 9.0, 15.0, 13.0, 30.0, 22.0, 19.0, 15.0, 12.0, 13.0, 24.0, 38.0, 15.0, 8.0, 6.0, 4.0, 2.0, 0.0, 2.0],