{"gradients/out.bias": {"_type": "histogram", "values": [1.0, 0.0, 0.0, 0.0, 0.0, 0.0, 0.0, 0.0, 0.0, 0.0, 0.0, 0.0, 0.0, 0.0, 0.0, 0.0, 0.0, 0.0, 0.0, 0.0, 0.0, 1.0, 0.0, 0.0, 0.0, 0.0, 0.0, 0.0, 0.0, 0.0, 0.0, 0.0, 0.0, 0.0, 0.0, 0.0, 0.0, 1.0, 1.0, 0.0, 0.0, 0.0, 1.0, 0.0, 0.0, 1.0, 0.0, 0.0, 0.0, 0.0, 0.0, 0.0, 1.0, 0.0, 0.0, 0.0, 0.0, 1.0, 0.0, 1.0, 0.0, 0.0, 0.0, 1.0], "bins": [-0.09604877978563309, -0.09375683218240738, -0.09146488457918167, -0.08917293697595596, -0.08688099682331085, -0.08458904922008514, -0.08229710161685944, -0.08000515401363373, -0.07771320641040802, -0.07542125880718231, -0.0731293112039566, -0.0708373636007309, -0.06854541599750519, -0.06625347584486008, -0.06396152824163437, -0.06166958063840866, -0.05937763303518295, -0.057085685431957245, -0.05479373782873154, -0.05250179395079613, -0.05020984634757042, -0.04791789874434471, -0.0456259548664093, -0.043334007263183594, -0.041042059659957886, -0.03875011205673218, -0.03645816445350647, -0.03416622057557106, -0.03187427297234535, -0.029582325369119644, -0.027290379628539085, -0.024998433887958527, -0.02270647883415222, -0.020414531230926514, -0.018122585490345955, -0.015830639749765396, -0.013538692146539688, -0.011246745474636555, -0.008954798802733421, -0.0066628530621528625, -0.0043709054589271545, -0.002078958787024021, 0.00021298788487911224, 0.0025049345567822456, 0.004796881228685379, 0.007088827900588512, 0.009380774572491646, 0.011672720313072205, 0.013964667916297913, 0.01625661551952362, 0.01854856126010418, 0.020840507000684738, 0.023132454603910446, 0.025424402207136154, 0.027716347947716713, 0.03000829368829727, 0.03230024129152298, 0.03459218889474869, 0.036884136497974396, 0.039176080375909805, 0.04146802797913551, 0.04375997558236122, 0.04605191946029663, 0.04834386706352234, 0.05063581466674805]}, "gradients/out.weight": {"_type": "histogram", "values": [1.0, 1.0, 0.0, 0.0, 0.0, 1.0, 0.0, 0.0, 1.0, 2.0, 3.0, 1.0, 5.0, 5.0, 5.0, 10.0, 14.0, 14.0, 11.0, 17.0, 22.0, 28.0, 24.0, 25.0, 30.0, 35.0, 37.0, 41.0, 49.0, 68.0, 83.0, 92.0, 111.0, 154.0, 163.0, 241.0, 303.0, 455.0, 656.0, 1117.0, 3577.0, 3361.0, 1745.0, 994.0, 661.0, 448.0, 267.0, 186.0, 153.0, 123.0, 102.0, 71.0, 55.0, 31.0, 26.0, 16.0, 13.0, 11.0, 8.0, 5.0, 0.0, 1.0, 0.0, 1.0], "bins": [-0.1574883759021759, -0.1536380797624588, -0.1497877985239029, -0.1459375023841858, -0.14208722114562988, -0.13823692500591278, -0.13438664376735687, -0.13053634762763977, -0.12668606638908386, -0.12283577769994736, -0.11898548901081085, -0.11513520032167435, -0.11128491163253784, -0.10743461549282074, -0.10358433425426483, -0.09973403811454773, -0.09588374197483063, -0.09203345328569412, -0.08818316459655762, -0.08433287590742111, -0.0804825872182846, -0.0766322910785675, -0.0727820098400116, -0.0689317137002945, -0.06508143246173859, -0.06123114377260208, -0.057380855083465576, -0.05353056639432907, -0.04968027397990227, -0.04582998529076576, -0.04197969660162926, -0.038129404187202454, -0.03427911549806595, -0.030428826808929443, -0.02657853625714779, -0.022728247568011284, -0.01887795701622963, -0.015027668327093124, -0.01117737963795662, -0.007327089086174965, -0.0034767985343933105, 0.00037349085323512554, 0.004223780240863562, 0.008074069395661354, 0.011924359016120434, 0.015774648636579514, 0.01962493732571602, 0.023475227877497673, 0.02732551470398903, 0.031175803393125534, 0.03502609208226204, 0.03887638449668884, 0.04272667318582535, 0.04657696187496185, 0.05042725056409836, 0.05427753925323486, 0.05812782794237137, 0.061978116631507874, 0.06582840532064438, 0.06967869400978088, 0.07352898269891739, 0.0773792713880539, 0.081229567527771, 0.0850798562169075, 0.088930144906044]}, "gradients/conv2.0.weight": {"_type": "histogram", "values": [1.0, 0.0, 0.0, 0.0, 0.0, 1.0, 0.0, 0.0, 1.0, 3.0, 3.0, 1.0, 2.0, 4.0, 5.0, 4.0, 2.0, 4.0, 2.0, 10.0, 7.0, 11.0, 10.0, 13.0, 17.0, 12.0, 20.0, 28.0, 33.0, 45.0, 38.0, 54.0, 73.0, 94.0, 113.0, 150.0, 206.0, 258.0, 301.0, 468.0, 593.0, 798.0, 1020.0, 1933.0, 3624.0, 1097.0, 696.0, 481.0, 218.0, 137.0, 63.0, 42.0, 25.0, 25.0, 16.0, 10.0, 7.0, 7.0, 3.0, 8.0, 1.0, 0.0, 1.0, 1.0], "bins": [-0.06459948420524597, -0.0631396546959877, -0.06167982146143913, -0.06021999195218086, -0.058760158717632294, -0.05730032920837402, -0.05584049969911575, -0.054380666464567184, -0.052920833230018616, -0.051461003720760345, -0.05000117048621178, -0.048541340976953506, -0.04708150774240494, -0.04562167823314667, -0.0441618487238884, -0.04270201548933983, -0.04124218598008156, -0.03978235647082329, -0.03832252323627472, -0.03686269372701645, -0.03540286049246788, -0.03394303098320961, -0.03248319774866104, -0.03102336823940277, -0.0295635387301445, -0.02810370735824108, -0.026643875986337662, -0.02518404647707939, -0.023724213242530823, -0.022264383733272552, -0.020804552361369133, -0.019344720989465714, -0.017884891480207443, -0.016425060108304024, -0.014965228736400604, -0.01350539829581976, -0.01204556692391634, -0.01058573555201292, -0.009125905111432076, -0.007666073739528656, -0.006206240504980087, -0.004746409133076668, -0.0032865782268345356, -0.0018267473205924034, -0.0003669159486889839, 0.0010929154232144356, 0.0025527458637952805, 0.0040125772356987, 0.00547240674495697, 0.00693223811686039, 0.00839206948876381, 0.009851899929344654, 0.011311731301248074, 0.012771562673151493, 0.014231393113732338, 0.015691224485635757, 0.017151055857539177, 0.018610887229442596, 0.020070718601346016, 0.021530549973249435, 0.022990379482507706, 0.024450212717056274, 0.025910042226314545, 0.027369873598217964, 0.028829704970121384]}, "gradients/conv2.0.bias": {"_type": "histogram", "values": [1.0, 0.0, 0.0, 0.0, 0.0, 0.0, 0.0, 0.0, 0.0, 0.0, 0.0, 0.0, 2.0, 0.0, 1.0, 2.0, 0.0, 0.0, 3.0, 0.0, 0.0, 0.0, 0.0, 0.0, 1.0, 1.0, 0.0, 0.0, 0.0, 1.0, 1.0, 1.0, 0.0, 0.0, 1.0, 1.0, 1.0, 2.0, 1.0, 2.0, 0.0, 1.0, 1.0, 2.0, 0.0, 0.0, 1.0, 1.0, 0.0, 0.0, 0.0, 1.0, 0.0, 0.0, 0.0, 1.0, 1.0, 0.0, 0.0, 0.0, 0.0, 0.0, 0.0, 1.0], "bins": [-0.032804224640131, -0.031859178096055984, -0.03091413341462612, -0.02996908873319626, -0.029024042189121246, -0.028078997507691383, -0.02713395282626152, -0.026188906282186508, -0.025243859738111496, -0.024298815056681633, -0.02335376851260662, -0.022408723831176758, -0.021463677287101746, -0.020518632605671883, -0.01957358792424202, -0.018628541380167007, -0.017683496698737144, -0.01673845201730728, -0.01579340547323227, -0.014848360791802406, -0.013903314247727394, -0.012958269566297531, -0.012013223953545094, -0.011068178340792656, -0.010123133659362793, -0.009178088046610355, -0.008233042433857918, -0.0072879972867667675, -0.00634295167401433, -0.005397906061261892, -0.004452860914170742, -0.0035078153014183044, -0.0025627706199884415, -0.0016177251236513257, -0.0006726796273142099, 0.000272365752607584, 0.0012174113653600216, 0.002162456978112459, 0.0031075021252036095, 0.004052547737956047, 0.004997594282031059, 0.005942639894783497, 0.0068876855075359344, 0.007832730188965797, 0.00877777673304081, 0.009722821414470673, 0.01066786702722311, 0.011612912639975548, 0.01255795732140541, 0.013503002934157848, 0.014448048546910286, 0.015393093228340149, 0.01633813977241516, 0.017283184453845024, 0.018228229135274887, 0.0191732756793499, 0.02011832222342491, 0.021063366904854774, 0.022008413448929787, 0.02295345813035965, 0.023898504674434662, 0.024843549355864525, 0.025788594037294388, 0.0267336405813694, 0.027678685262799263]}, "gradients/conv1.0.weight": {"_type": "histogram", "values": [1.0, 1.0, 0.0, 1.0, 1.0, 0.0, 0.0, 0.0, 0.0, 1.0, 0.0, 1.0, 0.0, 1.0, 0.0, 0.0, 1.0, 2.0, 1.0, 0.0, 0.0, 0.0, 2.0, 2.0, 1.0, 0.0, 2.0, 1.0, 4.0, 1.0, 1.0, 6.0, 5.0, 3.0, 5.0, 7.0, 6.0, 6.0, 11.0, 15.0, 12.0, 12.0, 7.0, 12.0, 8.0, 12.0, 15.0, 11.0, 11.0, 10.0, 10.0, 19.0, 12.0, 12.0, 13.0, 16.0, 30.0, 48.0, 28.0, 2.0, 5.0, 3.0, 1.0, 2.0],