{"gradients/out.bias": {"_type": "histogram", "values": [1.0, 0.0, 0.0, 0.0, 0.0, 0.0, 1.0, 0.0, 0.0, 0.0, 0.0, 0.0, 0.0, 0.0, 0.0, 0.0, 0.0, 0.0, 0.0, 0.0, 0.0, 0.0, 0.0, 0.0, 0.0, 0.0, 0.0, 0.0, 0.0, 0.0, 1.0, 2.0, 2.0, 1.0, 0.0, 0.0, 0.0, 0.0, 0.0, 0.0, 0.0, 0.0, 0.0, 0.0, 0.0, 0.0, 0.0, 0.0, 0.0, 0.0, 0.0, 0.0, 0.0, 0.0, 0.0, 0.0, 1.0, 0.0, 0.0, 0.0, 0.0, 0.0, 0.0, 1.0], "bins": [-0.015445898286998272, -0.014961516484618187, -0.014477133750915527, -0.013992751948535442, -0.013508369214832783, -0.013023987412452698, -0.012539604678750038, -0.012055222876369953, -0.011570841073989868, -0.011086459271609783, -0.010602076537907124, -0.010117694735527039, -0.009633312001824379, -0.009148930199444294, -0.008664548397064209, -0.00818016566336155, -0.007695783395320177, -0.007211401127278805, -0.0067270188592374325, -0.00624263659119606, -0.005758254788815975, -0.005273872520774603, -0.004789490252733231, -0.004305108450353146, -0.003820725716650486, -0.0033363434486091137, -0.002851961413398385, -0.0023675791453570127, -0.0018831969937309623, -0.0013988148421049118, -0.0009144325740635395, -0.00043005053885281086, 5.4331496357917786e-05, 0.0005387136479839683, 0.0010230957996100187, 0.001507478067651391, 0.0019918601028621197, 0.002476242370903492, 0.0029606246389448643, 0.003445006674155593, 0.0039293887093663216, 0.004413770977407694, 0.004898153245449066, 0.005382535047829151, 0.0058669173158705235, 0.006351299583911896, 0.006835681851953268, 0.00732006411999464, 0.007804446388036013, 0.008288828656077385, 0.00877321045845747, 0.00925759319216013, 0.009741974994540215, 0.010226357728242874, 0.01071073953062296, 0.011195121333003044, 0.011679504066705704, 0.012163885869085789, 0.012648268602788448, 0.013132650405168533, 0.013617033138871193, 0.014101414941251278, 0.014585796743631363, 0.015070179477334023, 0.015554561279714108]}, "gradients/out.weight": {"_type": "histogram", "values": [2.0, 0.0, 0.0, 0.0, 0.0, 1.0, 2.0, 1.0, 2.0, 2.0, 6.0, 2.0, 4.0, 7.0, 6.0, 8.0, 11.0, 8.0, 21.0, 21.0, 25.0, 39.0, 39.0, 58.0, 66.0, 77.0, 73.0, 88.0, 107.0, 165.0, 185.0, 1748.0, 11849.0, 200.0, 177.0, 114.0, 83.0, 73.0, 81.0, 70.0, 61.0, 37.0, 38.0, 18.0, 23.0, 19.0, 14.0, 7.0, 8.0, 6.0, 6.0, 3.0, 3.0, 7.0, 1.0, 2.0, 1.0, 2.0, 1.0, 0.0, 0.0, 0.0, 0.0, 2.0], "bins": [-0.11606545001268387, -0.11244436353445053, -0.1088232770562172, -0.10520219057798386, -0.10158110409975052, -0.09796001762151718, -0.09433893114328384, -0.0907178446650505, -0.08709675818681717, -0.08347567170858383, -0.0798545852303505, -0.07623349875211716, -0.07261241227388382, -0.06899132579565048, -0.06537023931741714, -0.06174915283918381, -0.05812806636095047, -0.05450697988271713, -0.050885893404483795, -0.04726480692625046, -0.04364372044801712, -0.04002263396978378, -0.036401547491550446, -0.03278046101331711, -0.02915937453508377, -0.025538288056850433, -0.021917201578617096, -0.01829611510038376, -0.014675028622150421, -0.011053942143917084, -0.007432855665683746, -0.003811769187450409, -0.00019068270921707153, 0.003430403769016266, 0.007051490247249603, 0.01067257672548294, 0.014293663203716278, 0.017914749681949615, 0.021535836160182953, 0.02515692263841629, 0.028778009116649628, 0.032399095594882965, 0.0360201820731163, 0.03964126855134964, 0.04326235502958298, 0.046883441507816315, 0.05050452798604965, 0.05412561446428299, 0.05774670094251633, 0.061367787420749664, 0.064988873898983, 0.06860996037721634, 0.07223104685544968, 0.07585213333368301, 0.07947321981191635, 0.08309430629014969, 0.08671539276838303, 0.09033647924661636, 0.0939575657248497, 0.09757865220308304, 0.10119973868131638, 0.10482082515954971, 0.10844191163778305, 0.11206299811601639, 0.11568408459424973]}, "gradients/conv2.0.weight": {"_type": "histogram", "values": [1.0, 0.0, 1.0, 0.0, 0.0, 0.0, 3.0, 2.0, 3.0, 3.0, 2.0, 11.0, 6.0, 21.0, 14.0, 24.0, 30.0, 41.0, 45.0, 69.0, 80.0, 88.0, 94.0, 121.0, 149.0, 190.0, 259.0, 271.0, 391.0, 496.0, 641.0, 847.0, 1059.0, 1311.0, 1418.0, 1124.0, 937.0, 662.0, 522.0, 460.0, 337.0, 268.0, 210.0, 140.0, 109.0, 88.0, 52.0, 43.0, 39.0, 25.0, 20.0, 18.0, 8.0, 11.0, 7.0, 7.0, 3.0, 2.0, 1.0, 5.0, 3.0, 1.0, 5.0, 2.0], "bins": [-0.018886342644691467, -0.01833656243979931, -0.017786780372262, -0.017237000167369843, -0.016687219962477684, -0.016137439757585526, -0.015587657690048218, -0.01503787748515606, -0.0144880972802639, -0.013938316144049168, -0.013388535939157009, -0.012838754802942276, -0.012288974598050117, -0.011739193461835384, -0.011189412325620651, -0.010639632120728493, -0.01008985098451376, -0.009540069848299026, -0.008990289643406868, -0.008440508507192135, -0.007890728302299976, -0.007340947166085243, -0.006791166495531797, -0.006241385824978352, -0.0056916046887636185, -0.005141824018210173, -0.004592043347656727, -0.004042262211441994, -0.0034924817737191916, -0.0029427011031657457, -0.0023929201997816563, -0.0018431395292282104, -0.001293359324336052, -0.0007435785955749452, -0.00019379786681383848, 0.00035598292015492916, 0.000905763590708375, 0.0014555442612618208, 0.0020053251646459103, 0.002555105835199356, 0.0031048860400915146, 0.0036546667106449604, 0.004204447381198406, 0.004754228517413139, 0.005304008722305298, 0.005853789858520031, 0.006403570529073477, 0.006953351199626923, 0.007503132335841656, 0.008052913472056389, 0.008602693676948547, 0.00915247481316328, 0.009702255018055439, 0.010252036154270172, 0.01080181635916233, 0.011351597495377064, 0.011901378631591797, 0.01245115976780653, 0.013000939972698689, 0.013550721108913422, 0.01410050131380558, 0.014650282450020313, 0.015200063586235046, 0.015749843791127205, 0.016299623996019363]}, "gradients/conv2.0.bias": {"_type": "histogram", "values": [1.0, 1.0, 0.0, 2.0, 0.0, 1.0, 1.0, 0.0, 0.0, 0.0, 0.0, 1.0, 0.0, 0.0, 0.0, 2.0, 0.0, 1.0, 1.0, 1.0, 1.0, 0.0, 0.0, 1.0, 1.0, 2.0, 0.0, 0.0, 1.0, 1.0, 1.0, 0.0, 2.0, 0.0, 1.0, 0.0, 1.0, 0.0, 1.0, 1.0, 1.0, 0.0, 0.0, 0.0, 0.0, 0.0, 0.0, 1.0, 1.0, 0.0, 0.0, 0.0, 1.0, 1.0, 0.0, 0.0, 0.0, 0.0, 0.0, 0.0, 0.0, 0.0, 0.0, 1.0], "bins": [-0.011088992469012737, -0.010657277889549732, -0.010225563310086727, -0.009793848730623722, -0.009362134151160717, -0.008930419571697712, -0.008498705923557281, -0.008066991344094276, -0.007635276298969984, -0.007203561719506979, -0.006771847140043974, -0.006340133026242256, -0.005908418446779251, -0.005476703867316246, -0.005044989287853241, -0.004613274708390236, -0.004181560128927231, -0.0037498455494642258, -0.0033181309700012207, -0.0028864166233688593, -0.0024547020439058542, -0.002022987464442849, -0.0015912731178104877, -0.0011595585383474827, -0.0007278444245457649, -0.00029612990329042077, 0.00013558461796492338, 0.0005672990810126066, 0.0009990136604756117, 0.0014307282399386168, 0.0018624425865709782, 0.0022941571660339832, 0.0027258731424808502, 0.0031575877219438553, 0.0035893023014068604, 0.004021016880869865, 0.0044527314603328705, 0.0048844460397958755, 0.005316160153597593, 0.005747874733060598, 0.006179589778184891, 0.006611304357647896, 0.007043018937110901, 0.007474733516573906, 0.007906448096036911, 0.008338162675499916, 0.008769877254962921, 0.009201591834425926, 0.009633305482566357, 0.010065020062029362, 0.010496734641492367, 0.010928449220955372, 0.011360163800418377, 0.011791878379881382, 0.012223592028021812, 0.012655306607484818, 0.013087021186947823, 0.013518735766410828, 0.013950450345873833, 0.014382164925336838, 0.014813879504799843, 0.015245594084262848, 0.015677308663725853, 0.016109023243188858, 0.016540737822651863]}, "gradients/conv1.0.weight": {"_type": "histogram", "values": [1.0, 0.0, 0.0, 1.0, 1.0, 1.0, 0.0, 1.0, 1.0, 1.0, 0.0, 1.0, 2.0, 0.0, 2.0, 0.0, 1.0, 0.0, 1.0, 2.0, 0.0, 1.0, 1.0, 1.0, 0.0, 1.0, 4.0, 5.0, 18.0, 13.0, 11.0, 25.0, 21.0, 14.0, 21.0, 20.0, 15.0, 25.0, 20.0, 32.0, 28.0, 13.0, 18.0, 9.0, 8.0, 6.0, 13.0, 5.0, 6.0, 3.0, 6.0, 5.0, 2.0, 1.0, 2.0, 0.0, 3.0, 1.0, 1.0, 2.0, 0.0, 2.0, 1.0, 1.0],