{"gradients/out.bias": {"_type": "histogram", "values": [1.0, 0.0, 0.0, 0.0, 0.0, 0.0, 0.0, 0.0, 0.0, 0.0, 0.0, 0.0, 0.0, 0.0, 0.0, 0.0, 0.0, 0.0, 0.0, 0.0, 0.0, 0.0, 0.0, 0.0, 0.0, 0.0, 0.0, 0.0, 0.0, 0.0, 0.0, 3.0, 5.0, 0.0, 0.0, 0.0, 0.0, 0.0, 0.0, 0.0, 0.0, 0.0, 0.0, 0.0, 0.0, 0.0, 0.0, 0.0, 0.0, 0.0, 0.0, 0.0, 0.0, 0.0, 0.0, 0.0, 0.0, 0.0, 0.0, 0.0, 0.0, 0.0, 0.0, 1.0], "bins": [-0.004910212010145187, -0.004756876267492771, -0.004603540990501642, -0.004450205247849226, -0.00429686950519681, -0.004143534228205681, -0.003990198485553265, -0.0038368627429008484, -0.003683527233079076, -0.0035301917232573032, -0.003376855980604887, -0.0032235204707831144, -0.003070184960961342, -0.0029168492183089256, -0.002763513708487153, -0.0026101781986653805, -0.0024568424560129642, -0.0023035069461911917, -0.0021501712035387754, -0.001996835693717003, -0.0018435000674799085, -0.001690164441242814, -0.0015368289314210415, -0.001383493305183947, -0.0012301576789468527, -0.0010768220527097583, -0.0009234864846803248, -0.0007701509166508913, -0.0006168152904137969, -0.0004634796641767025, -0.000310144096147269, -0.00015680852811783552, -3.473367542028427e-06, 0.00014986222959123552, 0.00030319782672449946, 0.0004565334238577634, 0.0006098690209910274, 0.0007632046472281218, 0.0009165402152575552, 0.0010698757832869887, 0.0012232114095240831, 0.0013765470357611775, 0.001529882661998272, 0.0016832181718200445, 0.001836553798057139, 0.0019898894242942333, 0.002143224934116006, 0.0022965604439377785, 0.0024498961865901947, 0.0026032316964119673, 0.0027565674390643835, 0.002909902948886156, 0.0030632386915385723, 0.003216574201360345, 0.0033699097111821175, 0.0035232454538345337, 0.0036765809636563063, 0.003829916473478079, 0.003983252216130495, 0.004136587958782911, 0.00428992323577404, 0.0044432589784264565, 0.004596594721078873, 0.004749929998070002, 0.004903265740722418]}, "gradients/out.weight": {"_type": "histogram", "values": [1.0, 0.0, 0.0, 0.0, 0.0, 3.0, 1.0, 4.0, 1.0, 4.0, 3.0, 6.0, 3.0, 9.0, 9.0, 9.0, 6.0, 7.0, 9.0, 4.0, 19.0, 13.0, 15.0, 24.0, 27.0, 19.0, 31.0, 57.0, 64.0, 97.0, 162.0, 670.0, 13783.0, 171.0, 93.0, 72.0, 55.0, 32.0, 20.0, 26.0, 24.0, 16.0, 13.0, 19.0, 4.0, 9.0, 7.0, 6.0, 9.0, 9.0, 9.0, 3.0, 6.0, 3.0, 4.0, 1.0, 4.0, 1.0, 3.0, 0.0, 0.0, 0.0, 0.0, 1.0], "bins": [-0.047638196498155594, -0.0461505763232708, -0.044662956148386, -0.04317533224821091, -0.04168771207332611, -0.040200091898441315, -0.03871247172355652, -0.03722485154867172, -0.035737231373786926, -0.03424961119890213, -0.032761991024017334, -0.03127437084913254, -0.029786746948957443, -0.028299126774072647, -0.02681150659918785, -0.025323886424303055, -0.02383626252412796, -0.022348642349243164, -0.02086102031171322, -0.019373400136828423, -0.017885778099298477, -0.01639815792441368, -0.014910537749528885, -0.013422916643321514, -0.011935297399759293, -0.010447676293551922, -0.008960055187344551, -0.007472435012459755, -0.005984813906252384, -0.004497192800045013, -0.0030095726251602173, -0.0015219515189528465, -3.432855010032654e-05, 0.0014532923232764006, 0.0029409131966531277, 0.004428533837199211, 0.005916154943406582, 0.007403776049613953, 0.008891396224498749, 0.01037901733070612, 0.01186664029955864, 0.01335426140576601, 0.014841882511973381, 0.016329502686858177, 0.017817124724388123, 0.01930474489927292, 0.020792365074157715, 0.02227998524904251, 0.023767605423927307, 0.025255225598812103, 0.02674284763634205, 0.028230467811226845, 0.02971808984875679, 0.031205710023641586, 0.03269333019852638, 0.03418095037341118, 0.03566857427358627, 0.03715619444847107, 0.038643814623355865, 0.04013143479824066, 0.041619058698415756, 0.04310667887330055, 0.04459429904818535, 0.046081919223070145, 0.04756953939795494]}, "gradients/conv2.0.weight": {"_type": "histogram", "values": [1.0, 0.0, 3.0, 1.0, 0.0, 1.0, 2.0, 4.0, 5.0, 5.0, 10.0, 8.0, 8.0, 16.0, 19.0, 14.0, 17.0, 37.0, 45.0, 56.0, 103.0, 109.0, 159.0, 235.0, 285.0, 463.0, 613.0, 1034.0, 2514.0, 3597.0, 1101.0, 671.0, 444.0, 338.0, 242.0, 179.0, 112.0, 88.0, 54.0, 59.0, 39.0, 24.0, 20.0, 14.0, 12.0, 10.0, 3.0, 3.0, 3.0, 4.0, 1.0, 2.0, 1.0, 2.0, 1.0, 2.0, 2.0, 1.0, 0.0, 0.0, 0.0, 1.0, 1.0, 2.0], "bins": [-0.017656343057751656, -0.017048317939043045, -0.016440290957689285, -0.015832265838980675, -0.015224240720272064, -0.014616215601563454, -0.014008189551532269, -0.013400163501501083, -0.012792138382792473, -0.012184113264083862, -0.011576087214052677, -0.010968061164021492, -0.010360036045312881, -0.009752010926604271, -0.009143984876573086, -0.0085359588265419, -0.00792793370783329, -0.007319908123463392, -0.006711882539093494, -0.006103856954723597, -0.005495831370353699, -0.004887805785983801, -0.004279780201613903, -0.003671754617244005, -0.0030637290328741074, -0.0024557034485042095, -0.0018476778641343117, -0.0012396522797644138, -0.000631626695394516, -2.360111102461815e-05, 0.0005844244733452797, 0.0011924500577151775, 0.0018004775047302246, 0.0024085030891001225, 0.0030165286734700203, 0.003624554257839918, 0.004232579842209816, 0.004840605426579714, 0.005448631010949612, 0.0060566565953195095, 0.006664682179689407, 0.007272707764059305, 0.007880733348429203, 0.008488759398460388, 0.009096784517168999, 0.00970480963587761, 0.010312835685908794, 0.01092086173593998, 0.01152888685464859, 0.0121369119733572, 0.012744938023388386, 0.013352964073419571, 0.013960989192128181, 0.014569014310836792, 0.015177040360867977, 0.015785066410899162, 0.016393091529607773, 0.017001116648316383, 0.017609141767024994, 0.018217168748378754, 0.018825193867087364, 0.019433218985795975, 0.020041245967149734, 0.020649271085858345, 0.021257296204566956]}, "gradients/conv2.0.bias": {"_type": "histogram", "values": [1.0, 1.0, 0.0, 0.0, 0.0, 0.0, 0.0, 0.0, 0.0, 0.0, 0.0, 1.0, 0.0, 1.0, 0.0, 3.0, 1.0, 1.0, 1.0, 1.0, 0.0, 0.0, 0.0, 1.0, 0.0, 0.0, 0.0, 1.0, 1.0, 0.0, 0.0, 2.0, 0.0, 0.0, 0.0, 0.0, 0.0, 1.0, 1.0, 0.0, 0.0, 0.0, 0.0, 1.0, 1.0, 0.0, 0.0, 2.0, 0.0, 1.0, 0.0, 0.0, 1.0, 2.0, 0.0, 0.0, 1.0, 0.0, 1.0, 1.0, 0.0, 1.0, 1.0, 1.0], "bins": [-0.004040898755192757, -0.0039334069006145, -0.0038259148132056, -0.0037184227257966995, -0.0036109306383877993, -0.003503438550978899, -0.0033959466964006424, -0.003288454608991742, -0.003180962521582842, -0.0030734704341739416, -0.002965978579595685, -0.0028584864921867847, -0.0027509944047778845, -0.0026435023173689842, -0.0025360104627907276, -0.0024285183753818274, -0.002321026287972927, -0.002213534200564027, -0.0021060423459857702, -0.00199855025857687, -0.0018910581711679697, -0.0017835662001743913, -0.0016760742291808128, -0.0015685821417719126, -0.001461090287193656, -0.0013535983162000775, -0.0012461062287911773, -0.0011386142577975988, -0.0010311221703886986, -0.0009236301993951201, -0.0008161381701938808, -0.0007086461409926414, -0.0006011540535837412, -0.0004936620243825018, -0.0003861699951812625, -0.0002786779950838536, -0.00017118596588261425, -6.369396578520536e-05, 4.379806341603398e-05, 0.00015129009261727333, 0.0002587821800261736, 0.00036627420922741294, 0.0004737662384286523, 0.0005812582094222307, 0.000688750296831131, 0.0007962422678247094, 0.0009037342970259488, 0.0010112263262271881, 0.0011187182972207665, 0.001226210268214345, 0.0013337023556232452, 0.0014411943266168237, 0.001548686414025724, 0.0016561783850193024, 0.0017636704724282026, 0.001871162443421781, 0.0019786544144153595, 0.0020861465018242598, 0.0021936383564025164, 0.0023011304438114166, 0.002408622531220317, 0.002516114618629217, 0.0026236064732074738, 0.002731098560616374, 0.0028385906480252743]}, "gradients/conv1.0.weight": {"_type": "histogram", "values": [1.0, 0.0, 1.0, 0.0, 0.0, 0.0, 0.0, 0.0, 0.0, 0.0, 3.0, 1.0, 1.0, 0.0, 1.0, 0.0, 0.0, 1.0, 0.0, 3.0, 3.0, 2.0, 2.0, 7.0, 5.0, 5.0, 6.0, 11.0, 18.0, 15.0, 17.0, 14.0, 18.0, 21.0, 27.0, 20.0, 28.0, 18.0, 16.0, 15.0, 14.0, 11.0, 11.0, 10.0, 9.0, 5.0, 8.0, 6.0, 6.0, 4.0, 6.0, 6.0, 4.0, 4.0, 1.0, 4.0, 1.0, 2.0, 2.0, 1.0, 0.0, 2.0, 1.0, 2.0],