{"gradients/out.bias": {"_type": "histogram", "values": [1.0, 1.0, 0.0, 0.0, 0.0, 0.0, 1.0, 1.0, 0.0, 0.0, 0.0, 0.0, 0.0, 0.0, 0.0, 0.0, 0.0, 0.0, 0.0, 0.0, 0.0, 0.0, 0.0, 0.0, 0.0, 0.0, 0.0, 0.0, 0.0, 0.0, 1.0, 0.0, 0.0, 0.0, 0.0, 0.0, 0.0, 0.0, 0.0, 0.0, 0.0, 1.0, 2.0, 0.0, 0.0, 0.0, 0.0, 0.0, 0.0, 0.0, 0.0, 0.0, 1.0, 0.0, 0.0, 0.0, 0.0, 0.0, 0.0, 0.0, 0.0, 0.0, 0.0, 1.0], "bins": [-0.009186708368360996, -0.008869937621057034, -0.008553165942430496, -0.008236395195126534, -0.00791962444782257, -0.007602853700518608, -0.007286082487553358, -0.006969311274588108, -0.006652540527284145, -0.006335769779980183, -0.006018998567014933, -0.005702227354049683, -0.00538545660674572, -0.005068685859441757, -0.004751914646476507, -0.004435143433511257, -0.0041183726862072945, -0.003801601706072688, -0.0034848307259380817, -0.0031680597458034754, -0.002851288765668869, -0.0025345177855342627, -0.0022177468053996563, -0.00190097582526505, -0.0015842048451304436, -0.0012674338649958372, -0.0009506628848612309, -0.0006338919047266245, -0.00031712092459201813, -3.4994445741176605e-07, 0.0003164210356771946, 0.000633192015811801, 0.0009499629959464073, 0.0012667339760810137, 0.00158350495621562, 0.0019002759363502264, 0.0022170469164848328, 0.002533817896619439, 0.0028505888767540455, 0.003167359856888652, 0.003484130837023258, 0.0038009018171578646, 0.004117672797292471, 0.004434444010257721, 0.004751214757561684, 0.005067985504865646, 0.005384756717830896, 0.005701527930796146, 0.006018298678100109, 0.006335069425404072, 0.006651840638369322, 0.006968611851334572, 0.0072853825986385345, 0.007602153345942497, 0.00791892409324646, 0.008235695771872997, 0.00855246651917696, 0.008869237266480923, 0.00918600894510746, 0.009502779692411423, 0.009819550439715385, 0.010136321187019348, 0.01045309193432331, 0.010769863612949848, 0.011086634360253811]}, "gradients/out.weight": {"_type": "histogram", "values": [2.0, 2.0, 3.0, 1.0, 2.0, 0.0, 2.0, 2.0, 1.0, 4.0, 10.0, 15.0, 11.0, 12.0, 18.0, 22.0, 30.0, 47.0, 51.0, 67.0, 80.0, 91.0, 120.0, 128.0, 165.0, 210.0, 260.0, 301.0, 369.0, 449.0, 724.0, 7323.0, 1860.0, 990.0, 668.0, 447.0, 333.0, 221.0, 140.0, 108.0, 101.0, 75.0, 48.0, 39.0, 18.0, 29.0, 21.0, 16.0, 16.0, 4.0, 1.0, 5.0, 6.0, 2.0, 3.0, 3.0, 1.0, 0.0, 1.0, 0.0, 1.0, 0.0, 0.0, 1.0], "bins": [-0.10761240124702454, -0.10420861840248108, -0.10080483555793762, -0.09740105271339417, -0.09399726986885071, -0.09059348702430725, -0.0871897041797638, -0.08378592133522034, -0.08038213849067688, -0.07697835564613342, -0.07357457280158997, -0.07017078995704651, -0.06676700711250305, -0.0633632242679596, -0.05995944142341614, -0.05655565857887268, -0.053151872009038925, -0.04974808916449547, -0.04634430631995201, -0.042940523475408554, -0.0395367406308651, -0.03613295406103134, -0.032729171216487885, -0.029325390234589577, -0.02592160552740097, -0.022517822682857513, -0.019114039838314056, -0.0157102569937706, -0.012306473217904568, -0.008902689442038536, -0.005498906597495079, -0.002095123752951622, 0.0013086572289466858, 0.004712440073490143, 0.0081162229180336, 0.011520006693899632, 0.014923789538443089, 0.01832757331430912, 0.021731356158852577, 0.025135139003396034, 0.028538919985294342, 0.0319427028298378, 0.035346485674381256, 0.03875026851892471, 0.04215405136346817, 0.04555783420801163, 0.048961617052555084, 0.05236539989709854, 0.0557691864669323, 0.059172969311475754, 0.06257675588130951, 0.06598053872585297, 0.06938432157039642, 0.07278810441493988, 0.07619188725948334, 0.0795956701040268, 0.08299945294857025, 0.08640323579311371, 0.08980701863765717, 0.09321080148220062, 0.09661458432674408, 0.10001836717128754, 0.103422150015831, 0.10682593286037445, 0.11022971570491791]}, "gradients/conv2.0.weight": {"_type": "histogram", "values": [1.0, 0.0, 1.0, 1.0, 1.0, 2.0, 2.0, 1.0, 2.0, 9.0, 6.0, 10.0, 7.0, 13.0, 18.0, 20.0, 28.0, 38.0, 51.0, 59.0, 84.0, 112.0, 140.0, 210.0, 380.0, 684.0, 2200.0, 5826.0, 1088.0, 562.0, 353.0, 237.0, 164.0, 101.0, 96.0, 49.0, 43.0, 33.0, 25.0, 23.0, 16.0, 19.0, 10.0, 9.0, 13.0, 3.0, 5.0, 3.0, 5.0, 8.0, 3.0, 3.0, 5.0, 2.0, 4.0, 0.0, 3.0, 3.0, 1.0, 0.0, 0.0, 3.0, 1.0, 1.0], "bins": [-0.06582228094339371, -0.0634138286113739, -0.061005380004644394, -0.058596931397914886, -0.05618847906589508, -0.05378003045916557, -0.051371581852436066, -0.04896312952041626, -0.04655468091368675, -0.044146232306957245, -0.04173777997493744, -0.03932933136820793, -0.036920882761478424, -0.03451243042945862, -0.03210398182272911, -0.029695531353354454, -0.027287080883979797, -0.02487863041460514, -0.022470179945230484, -0.020061731338500977, -0.01765328086912632, -0.015244830399751663, -0.012836380861699581, -0.010427931323647499, -0.008019480854272842, -0.005611030850559473, -0.0032025808468461037, -0.0007941308431327343, 0.001614319160580635, 0.004022769629955292, 0.006431219168007374, 0.008839668706059456, 0.01124812662601471, 0.013656577095389366, 0.016065027564764023, 0.01847347617149353, 0.020881926640868187, 0.023290377110242844, 0.02569882571697235, 0.028107276186347008, 0.030515726655721664, 0.03292417526245117, 0.03533262759447098, 0.037741076201200485, 0.04014952480792999, 0.0425579771399498, 0.044966425746679306, 0.047374874353408813, 0.04978332668542862, 0.05219177529215813, 0.05460022762417793, 0.05700867623090744, 0.059417128562927246, 0.061825577169656754, 0.06423402577638626, 0.06664247810840607, 0.06905092298984528, 0.07145937532186508, 0.07386782020330429, 0.0762762725353241, 0.0786847248673439, 0.08109317719936371, 0.08350162208080292, 0.08591007441282272, 0.08831852674484253]}, "gradients/conv2.0.bias": {"_type": "histogram", "values": [2.0, 0.0, 0.0, 0.0, 0.0, 0.0, 0.0, 1.0, 1.0, 1.0, 1.0, 0.0, 0.0, 1.0, 0.0, 0.0, 0.0, 1.0, 2.0, 0.0, 0.0, 1.0, 0.0, 1.0, 1.0, 1.0, 1.0, 3.0, 2.0, 1.0, 0.0, 1.0, 1.0, 3.0, 1.0, 0.0, 1.0, 0.0, 0.0, 1.0, 0.0, 0.0, 0.0, 0.0, 0.0, 0.0, 0.0, 0.0, 1.0, 0.0, 0.0, 0.0, 0.0, 0.0, 0.0, 0.0, 0.0, 0.0, 0.0, 0.0, 1.0, 0.0, 0.0, 1.0], "bins": [-0.012999128550291061, -0.01253578532487154, -0.012072442099452019, -0.011609097942709923, -0.011145754717290401, -0.01068241149187088, -0.010219068266451359, -0.009755725041031837, -0.009292380884289742, -0.00882903765887022, -0.008365694433450699, -0.007902350276708603, -0.007439007051289082, -0.00697566382586956, -0.006512320600450039, -0.00604897690936923, -0.005585633683949709, -0.005122290458530188, -0.004658946767449379, -0.004195603542029858, -0.003732259850949049, -0.0032689166255295277, -0.0028055731672793627, -0.0023422297090291977, -0.0018788864836096764, -0.0014155430253595114, -0.0009521996253170073, -0.0004888562252745032, -2.5512767024338245e-05, 0.0004378305748105049, 0.0009011740330606699, 0.0013645174913108349, 0.0018278611823916435, 0.0022912046406418085, 0.0027545480988919735, 0.003217891324311495, 0.0036812350153923035, 0.004144578240811825, 0.004607921466231346, 0.005071265157312155, 0.005534608848392963, 0.005997952073812485, 0.006461295764893293, 0.006924638990312815, 0.007387982681393623, 0.007851325906813145, 0.008314669132232666, 0.008778013288974762, 0.009241355583071709, 0.00970469880849123, 0.010168042033910751, 0.010631386190652847, 0.011094729416072369, 0.01155807264149189, 0.012021415866911411, 0.012484759092330933, 0.012948103249073029, 0.01341144647449255, 0.013874789699912071, 0.014338133856654167, 0.014801477082073689, 0.01526482030749321, 0.015728164464235306, 0.016191506758332253, 0.01665485091507435]}, "gradients/conv1.0.weight": {"_type": "histogram", "values": [2.0, 0.0, 1.0, 1.0, 1.0, 2.0, 0.0, 1.0, 6.0, 3.0, 4.0, 5.0, 3.0, 3.0, 4.0, 2.0, 1.0, 4.0, 7.0, 2.0, 9.0, 5.0, 6.0, 12.0, 11.0, 17.0, 13.0, 24.0, 23.0, 89.0, 33.0, 14.0, 7.0, 14.0, 11.0, 7.0, 6.0, 5.0, 0.0, 3.0, 7.0, 2.0, 2.0, 4.0, 1.0, 2.0, 2.0, 5.0, 2.0, 3.0, 2.0, 1.0, 0.0, 1.0, 1.0, 0.0, 0.0, 2.0, 0.0, 0.0, 0.0, 0.0, 0.0, 2.0],