{"gradients/out.bias": {"_type": "histogram", "values": [1.0, 0.0, 0.0, 0.0, 0.0, 0.0, 0.0, 0.0, 0.0, 0.0, 0.0, 0.0, 0.0, 0.0, 0.0, 0.0, 0.0, 0.0, 0.0, 0.0, 0.0, 0.0, 0.0, 0.0, 0.0, 1.0, 0.0, 0.0, 0.0, 0.0, 2.0, 3.0, 0.0, 1.0, 0.0, 0.0, 0.0, 1.0, 0.0, 0.0, 0.0, 0.0, 0.0, 0.0, 0.0, 0.0, 0.0, 0.0, 0.0, 0.0, 0.0, 0.0, 0.0, 0.0, 0.0, 0.0, 0.0, 0.0, 0.0, 0.0, 0.0, 0.0, 0.0, 1.0], "bins": [-0.009599138982594013, -0.009294667281210423, -0.008990196511149406, -0.008685724809765816, -0.008381253108382225, -0.008076781406998634, -0.007772310636937618, -0.0074678389355540276, -0.007163367699831724, -0.006858896464109421, -0.00655442476272583, -0.006249953527003527, -0.005945482291281223, -0.005641010589897633, -0.005336539354175329, -0.005032068118453026, -0.004727596417069435, -0.004423125181347132, -0.004118653479963541, -0.0038141822442412376, -0.0035097107756882906, -0.0032052393071353436, -0.00290076807141304, -0.002596296602860093, -0.002291825134307146, -0.001987353665754199, -0.0016828823136165738, -0.0013784109614789486, -0.0010739394929260015, -0.0007694680243730545, -0.0004649966722354293, -0.00016052532009780407, 0.0001439470797777176, 0.0004484184901230037, 0.0007528899004682899, 0.001057361252605915, 0.0013618327211588621, 0.0016663041897118092, 0.0019707754254341125, 0.0022752468939870596, 0.0025797183625400066, 0.0028841898310929537, 0.0031886612996459007, 0.003493132535368204, 0.003797604003921151, 0.004102075472474098, 0.004406546708196402, 0.004711017943918705, 0.005015489645302296, 0.005319960881024599, 0.00562443258240819, 0.005928903818130493, 0.006233375519514084, 0.006537846755236387, 0.006842317990958691, 0.007146789692342281, 0.007451260928064585, 0.007755732163786888, 0.008060203865170479, 0.00836467556655407, 0.008669146336615086, 0.008973618037998676, 0.009278089739382267, 0.009582560509443283, 0.009887032210826874]}, "gradients/out.weight": {"_type": "histogram", "values": [1.0, 0.0, 0.0, 0.0, 0.0, 1.0, 1.0, 1.0, 1.0, 2.0, 3.0, 2.0, 1.0, 1.0, 3.0, 5.0, 5.0, 7.0, 10.0, 11.0, 9.0, 19.0, 13.0, 31.0, 32.0, 31.0, 51.0, 60.0, 87.0, 122.0, 249.0, 1247.0, 12787.0, 308.0, 150.0, 91.0, 69.0, 50.0, 41.0, 39.0, 32.0, 16.0, 15.0, 14.0, 13.0, 8.0, 10.0, 6.0, 4.0, 6.0, 1.0, 2.0, 0.0, 4.0, 2.0, 2.0, 0.0, 2.0, 1.0, 0.0, 0.0, 0.0, 0.0, 1.0], "bins": [-0.10174646973609924, -0.09858132898807526, -0.09541618824005127, -0.09225104004144669, -0.0890858992934227, -0.08592075854539871, -0.08275561034679413, -0.07959046959877014, -0.07642532885074615, -0.07326018810272217, -0.07009504735469818, -0.0669298991560936, -0.06376475840806961, -0.060599617660045624, -0.05743447318673134, -0.05426932871341705, -0.051104187965393066, -0.04793904721736908, -0.044773902744054794, -0.04160875827074051, -0.03844361752271652, -0.035278476774692535, -0.03211333230137825, -0.028948189690709114, -0.025783047080039978, -0.022617904469370842, -0.019452761858701706, -0.01628761924803257, -0.013122476637363434, -0.009957334026694298, -0.006792191416025162, -0.0036270488053560257, -0.00046191364526748657, 0.0027032289654016495, 0.0058683715760707855, 0.009033514186739922, 0.012198656797409058, 0.015363799408078194, 0.01852894201874733, 0.021694084629416466, 0.024859227240085602, 0.028024369850754738, 0.031189512461423874, 0.03435465693473816, 0.037519797682762146, 0.04068493843078613, 0.04385008290410042, 0.0470152273774147, 0.05018036812543869, 0.05334550887346268, 0.05651065334677696, 0.05967579782009125, 0.06284093856811523, 0.06600607931613922, 0.06917122006416321, 0.07233636826276779, 0.07550150901079178, 0.07866664975881577, 0.08183179795742035, 0.08499693870544434, 0.08816207945346832, 0.09132722020149231, 0.0944923609495163, 0.09765750914812088, 0.10082264989614487]}, "gradients/conv2.0.weight": {"_type": "histogram", "values": [2.0, 0.0, 2.0, 0.0, 1.0, 4.0, 5.0, 7.0, 11.0, 12.0, 4.0, 13.0, 13.0, 9.0, 11.0, 13.0, 16.0, 25.0, 34.0, 42.0, 64.0, 78.0, 99.0, 171.0, 215.0, 309.0, 390.0, 759.0, 1166.0, 1988.0, 3872.0, 1391.0, 649.0, 405.0, 258.0, 177.0, 137.0, 89.0, 67.0, 55.0, 34.0, 35.0, 17.0, 22.0, 25.0, 13.0, 11.0, 13.0, 16.0, 11.0, 7.0, 9.0, 6.0, 7.0, 5.0, 1.0, 1.0, 1.0, 0.0, 0.0, 2.0, 0.0, 0.0, 1.0], "bins": [-0.032118529081344604, -0.03106408193707466, -0.030009634792804718, -0.028955187648534775, -0.02790074050426483, -0.02684629335999489, -0.025791844353079796, -0.024737397208809853, -0.02368295006453991, -0.022628502920269966, -0.021574055776000023, -0.02051960863173008, -0.019465159624814987, -0.018410712480545044, -0.0173562653362751, -0.016301818192005157, -0.015247371047735214, -0.014192923903465271, -0.013138476759195328, -0.01208402868360281, -0.011029581539332867, -0.009975134395062923, -0.008920686319470406, -0.007866239175200462, -0.006811792030930519, -0.005757344886660576, -0.004702897276729345, -0.0036484498996287584, -0.0025940025225281715, -0.0015395553782582283, -0.00048510776832699776, 0.0005693398416042328, 0.0016237907111644745, 0.0026782380882650614, 0.0037326854653656483, 0.004787133075296879, 0.005841580219566822, 0.006896027363836765, 0.007950475439429283, 0.009004922583699226, 0.01005936972796917, 0.011113816872239113, 0.012168264016509056, 0.013222712092101574, 0.014277159236371517, 0.01533160638064146, 0.01638605445623398, 0.01744050160050392, 0.018494948744773865, 0.019549395889043808, 0.02060384303331375, 0.021658290177583694, 0.022712737321853638, 0.02376718446612358, 0.024821633473038673, 0.025876080617308617, 0.02693052776157856, 0.027984974905848503, 0.029039422050118446, 0.03009386919438839, 0.031148318201303482, 0.032202765345573425, 0.03325721248984337, 0.03431165963411331, 0.035366106778383255]}, "gradients/conv2.0.bias": {"_type": "histogram", "values": [1.0, 0.0, 0.0, 0.0, 1.0, 1.0, 0.0, 2.0, 0.0, 0.0, 0.0, 0.0, 0.0, 0.0, 0.0, 0.0, 0.0, 1.0, 0.0, 0.0, 0.0, 1.0, 0.0, 1.0, 1.0, 0.0, 0.0, 2.0, 0.0, 0.0, 2.0, 1.0, 1.0, 0.0, 1.0, 2.0, 4.0, 2.0, 1.0, 1.0, 1.0, 0.0, 1.0, 0.0, 0.0, 0.0, 1.0, 0.0, 0.0, 0.0, 0.0, 0.0, 0.0, 0.0, 1.0, 0.0, 0.0, 0.0, 0.0, 0.0, 0.0, 1.0, 0.0, 1.0], "bins": [-0.008906315080821514, -0.008660770952701569, -0.008415225893259048, -0.008169681765139103, -0.007924137637019157, -0.007678593043237925, -0.007433048449456692, -0.007187504321336746, -0.006941959727555513, -0.0066964151337742805, -0.006450871005654335, -0.006205326411873102, -0.005959781818091869, -0.005714237689971924, -0.005468693096190691, -0.005223148502409458, -0.004977604374289513, -0.00473205978050828, -0.004486515652388334, -0.0042409710586071014, -0.003995426930487156, -0.003749882336705923, -0.0035043377429246902, -0.003258793381974101, -0.003013249021023512, -0.0027677046600729227, -0.0025221602991223335, -0.0022766157053411007, -0.0020310713443905115, -0.0017855269834399223, -0.0015399825060740113, -0.0012944380287081003, -0.0010488927364349365, -0.0008033483172766864, -0.0005578038981184363, -0.00031225947896018624, -6.671505980193615e-05, 0.00017882930114865303, 0.00042437377851456404, 0.000669918255880475, 0.0009154626168310642, 0.0011610069777816534, 0.0014065514551475644, 0.0016520959325134754, 0.0018976402934640646, 0.0021431846544146538, 0.0023887292481958866, 0.002634273609146476, 0.002879817970097065, 0.003125362331047654, 0.0033709066919982433, 0.003616451285779476, 0.0038619956467300653, 0.0041075400076806545, 0.004353084601461887, 0.004598628729581833, 0.004844173323363066, 0.0050897179171442986, 0.005335262045264244, 0.005580806639045477, 0.00582635123282671, 0.006071895360946655, 0.006317439954727888, 0.006562984548509121, 0.0068085286766290665]}, "gradients/conv1.0.weight": {"_type": "histogram", "values": [2.0, 2.0, 2.0, 2.0, 3.0, 2.0, 3.0, 3.0, 7.0, 10.0, 4.0, 5.0, 10.0, 5.0, 9.0, 7.0, 9.0, 7.0, 13.0, 12.0, 6.0, 5.0, 11.0, 10.0, 12.0, 16.0, 10.0, 12.0, 44.0, 14.0, 17.0, 21.0, 13.0, 12.0, 7.0, 12.0, 12.0, 8.0, 9.0, 2.0, 3.0, 6.0, 2.0, 2.0, 2.0, 0.0, 1.0, 2.0, 1.0, 1.0, 1.0, 1.0, 0.0, 0.0, 0.0, 0.0, 0.0, 1.0, 2.0, 0.0, 2.0, 0.0, 0.0, 3.0],