{"gradients/out.bias": {"_type": "histogram", "values": [1.0, 0.0, 0.0, 0.0, 1.0, 0.0, 0.0, 0.0, 0.0, 0.0, 0.0, 0.0, 0.0, 0.0, 0.0, 0.0, 0.0, 0.0, 0.0, 0.0, 0.0, 0.0, 0.0, 0.0, 0.0, 0.0, 0.0, 0.0, 0.0, 0.0, 0.0, 0.0, 0.0, 0.0, 0.0, 4.0, 0.0, 0.0, 0.0, 0.0, 0.0, 0.0, 0.0, 1.0, 0.0, 1.0, 0.0, 0.0, 0.0, 0.0, 0.0, 0.0, 0.0, 0.0, 1.0, 0.0, 0.0, 0.0, 0.0, 0.0, 0.0, 0.0, 0.0, 1.0], "bins": [-3.644296157290228e-05, -3.541396290529519e-05, -3.4384967875666916e-05, -3.335596920805983e-05, -3.232697054045275e-05, -3.1297971872845665e-05, -3.0268975024227984e-05, -2.9239978175610304e-05, -2.821097950800322e-05, -2.7181980840396136e-05, -2.6152983991778456e-05, -2.5123987143160775e-05, -2.409498847555369e-05, -2.3065989807946607e-05, -2.2036992959328927e-05, -2.1007996110711247e-05, -1.9978997443104163e-05, -1.894999877549708e-05, -1.79210019268794e-05, -1.6892005078261718e-05, -1.5863006410654634e-05, -1.4834008652542252e-05, -1.380501089442987e-05, -1.2776013136317488e-05, -1.1747015378205106e-05, -1.0718017620092724e-05, -9.689019861980341e-06, -8.66002210386796e-06, -7.631024345755577e-06, -6.602026587643195e-06, -5.573028829530813e-06, -4.544031071418431e-06, -3.515031494316645e-06, -2.486033736204263e-06, -1.4570359780918807e-06, -4.2803821997949854e-07, 6.009595381328836e-07, 1.6299572962452658e-06, 2.658955054357648e-06, 3.68795281247003e-06, 4.716950570582412e-06, 5.745948328694794e-06, 6.7749460868071765e-06, 7.803943844919559e-06, 8.83294160303194e-06, 9.861939361144323e-06, 1.0890937119256705e-05, 1.1919934877369087e-05, 1.294893263548147e-05, 1.3977930393593851e-05, 1.5006928151706234e-05, 1.6035926819313318e-05, 1.7064923667930998e-05, 1.8093920516548678e-05, 1.9122919184155762e-05, 2.0151917851762846e-05, 2.1180914700380526e-05, 2.2209911548998207e-05, 2.323891021660529e-05, 2.4267908884212375e-05, 2.5296905732830055e-05, 2.6325902581447735e-05, 2.735490124905482e-05, 2.8383899916661903e-05, 2.9412896765279584e-05]}, "gradients/out.weight": {"_type": "histogram", "values": [1.0, 1.0, 0.0, 0.0, 0.0, 1.0, 1.0, 1.0, 1.0, 2.0, 2.0, 1.0, 0.0, 0.0, 4.0, 3.0, 4.0, 3.0, 3.0, 8.0, 7.0, 9.0, 11.0, 10.0, 17.0, 25.0, 23.0, 26.0, 34.0, 38.0, 39.0, 60.0, 66.0, 115.0, 146.0, 14066.0, 323.0, 180.0, 108.0, 65.0, 61.0, 50.0, 35.0, 21.0, 23.0, 22.0, 11.0, 7.0, 7.0, 7.0, 4.0, 4.0, 5.0, 5.0, 3.0, 5.0, 1.0, 0.0, 0.0, 0.0, 1.0, 2.0, 0.0, 2.0], "bins": [-0.00028328338521532714, -0.00027532255626283586, -0.0002673616982065141, -0.00025940086925402284, -0.00025144004030153155, -0.00024347921134904027, -0.00023551836784463376, -0.00022755752434022725, -0.00021959669538773596, -0.00021163586643524468, -0.00020367502293083817, -0.00019571417942643166, -0.00018775335047394037, -0.0001797925215214491, -0.00017183167801704258, -0.00016387083451263607, -0.00015591000556014478, -0.0001479491766076535, -0.000139988333103247, -0.00013202748959884048, -0.0001240666606463492, -0.0001161058244179003, -0.0001081449881894514, -0.0001001841519610025, -9.22233157325536e-05, -8.42624795041047e-05, -7.63016432756558e-05, -6.834080704720691e-05, -6.037997081875801e-05, -5.241913459030911e-05, -4.4458298361860216e-05, -3.649746213341132e-05, -2.8536611353047192e-05, -2.0575775124598294e-05, -1.2614938896149397e-05, -4.654102667700499e-06, 3.3067335607483983e-06, 1.1267569789197296e-05, 1.9228406017646194e-05, 2.718924224609509e-05, 3.515007847454399e-05, 4.3110914702992886e-05, 5.1071750931441784e-05, 5.903258715989068e-05, 6.699342338833958e-05, 7.495425961678848e-05, 8.291509584523737e-05, 9.087593207368627e-05, 9.883676830213517e-05, 0.00010679760453058407, 0.00011475844075903296, 0.00012271926971152425, 0.00013068011321593076, 0.00013864095672033727, 0.00014660178567282856, 0.00015456261462531984, 0.00016252345812972635, 0.00017048430163413286, 0.00017844513058662415, 0.00018640595953911543, 0.00019436680304352194, 0.00020232764654792845, 0.00021028847550041974, 0.00021824930445291102, 0.00022621014795731753]}, "gradients/conv2.0.weight": {"_type": "histogram", "values": [2.0, 2.0, 0.0, 0.0, 0.0, 0.0, 1.0, 2.0, 1.0, 3.0, 3.0, 3.0, 1.0, 2.0, 3.0, 5.0, 5.0, 14.0, 14.0, 21.0, 27.0, 30.0, 35.0, 48.0, 66.0, 75.0, 112.0, 174.0, 221.0, 293.0, 470.0, 716.0, 1313.0, 5437.0, 1402.0, 725.0, 448.0, 275.0, 207.0, 137.0, 118.0, 79.0, 56.0, 57.0, 34.0, 23.0, 22.0, 19.0, 20.0, 18.0, 15.0, 15.0, 2.0, 4.0, 6.0, 4.0, 5.0, 1.0, 2.0, 1.0, 2.0, 2.0, 1.0, 1.0], "bins": [-0.00011360509233782068, -0.0001102288078982383, -0.00010685251618269831, -0.00010347623174311593, -0.00010009994002757594, -9.672365558799356e-05, -9.334736387245357e-05, -8.997107943287119e-05, -8.659479499328882e-05, -8.321851055370644e-05, -7.984221883816645e-05, -7.646593439858407e-05, -7.308964268304408e-05, -6.97133582434617e-05, -6.633707380387932e-05, -6.296078208833933e-05, -5.9584494010778144e-05, -5.620820593321696e-05, -5.2831917855655774e-05, -4.945562977809459e-05, -4.607934533851221e-05, -4.270305726095103e-05, -3.932676918338984e-05, -3.5950484743807465e-05, -3.257419302826747e-05, -2.9197904950706288e-05, -2.5821618692134507e-05, -2.2445330614573322e-05, -1.906904435600154e-05, -1.5692756278440356e-05, -1.2316468200879171e-05, -8.94018194230739e-06, -5.563895683735609e-06, -2.1876082882954506e-06, 1.1886791071447078e-06, 4.564966729958542e-06, 7.941253898025025e-06, 1.1317541066091508e-05, 1.4693829143652692e-05, 1.8070115402224474e-05, 2.1446401660796255e-05, 2.482268973835744e-05, 2.819897599692922e-05, 3.1575262255501e-05, 3.495155033306219e-05, 3.832783841062337e-05, 4.1704126488184556e-05, 4.508041456574574e-05, 4.8456702643306926e-05, 5.183299072086811e-05, 5.5209278798429295e-05, 5.858556687599048e-05, 6.196185131557286e-05, 6.533814303111285e-05, 6.871442747069523e-05, 7.20907119102776e-05, 7.54670036258176e-05, 7.884328806539997e-05, 8.221957978093997e-05, 8.559586422052234e-05, 8.897215593606234e-05, 9.234844037564471e-05, 9.572472481522709e-05, 9.910101653076708e-05, 0.00010247730097034946]}, "gradients/conv2.0.bias": {"_type": "histogram", "values": [1.0, 0.0, 0.0, 0.0, 1.0, 1.0, 0.0, 0.0, 0.0, 0.0, 2.0, 0.0, 0.0, 1.0, 0.0, 0.0, 0.0, 0.0, 1.0, 1.0, 1.0, 0.0, 1.0, 2.0, 0.0, 1.0, 0.0, 2.0, 1.0, 3.0, 2.0, 1.0, 1.0, 1.0, 0.0, 1.0, 0.0, 0.0, 1.0, 0.0, 1.0, 0.0, 0.0, 1.0, 0.0, 0.0, 0.0, 1.0, 0.0, 0.0, 0.0, 0.0, 0.0, 0.0, 0.0, 1.0, 0.0, 0.0, 1.0, 0.0, 0.0, 0.0, 0.0, 1.0], "bins": [-7.249490590766072e-05, -6.966350338188931e-05, -6.683209358016029e-05, -6.400069105438888e-05, -6.116928852861747e-05, -5.8337882364867255e-05, -5.550647620111704e-05, -5.267507367534563e-05, -4.984366751159541e-05, -4.70122613478452e-05, -4.418085882207379e-05, -4.134945265832357e-05, -3.8518046494573355e-05, -3.5686643968801945e-05, -3.285523780505173e-05, -3.0023833460290916e-05, -2.7192429115530103e-05, -2.436102477076929e-05, -2.1529620426008478e-05, -1.869821426225826e-05, -1.586680991749745e-05, -1.3035405572736636e-05, -1.020399940898642e-05, -7.372595064225607e-06, -4.541187081485987e-06, -1.709782281977823e-06, 1.1216225175303407e-06, 3.953027771785855e-06, 6.784432116546668e-06, 9.615836461307481e-06, 1.2447242625057697e-05, 1.527864696981851e-05, 1.81100404006429e-05, 2.0941444745403714e-05, 2.3772849090164527e-05, 2.6604255253914744e-05, 2.9435659598675556e-05, 3.226706394343637e-05, 3.5098470107186586e-05, 3.7929872632957995e-05, 4.0761275158729404e-05, 4.359268132247962e-05, 4.642408384825103e-05, 4.9255490012001246e-05, 5.2086892537772655e-05, 5.491829870152287e-05, 5.774970486527309e-05, 6.05811073910445e-05, 6.341251719277352e-05, 6.624391971854493e-05, 6.907532952027395e-05, 7.190673204604536e-05, 7.473813457181677e-05, 7.756953709758818e-05, 8.04009468993172e-05, 8.323234942508861e-05, 8.606375195086002e-05, 8.889515447663143e-05, 9.172656427836046e-05, 9.455796680413187e-05, 9.738936932990327e-05, 0.00010022077185567468, 0.00010305218165740371, 0.00010588358418317512, 0.00010871499398490414]}, "gradients/conv1.0.weight": {"_type": "histogram",