{"gradients/out.bias": {"_type": "histogram", "values": [2.0, 0.0, 0.0, 0.0, 0.0, 0.0, 0.0, 0.0, 0.0, 0.0, 0.0, 0.0, 0.0, 0.0, 0.0, 0.0, 0.0, 2.0, 0.0, 0.0, 0.0, 0.0, 0.0, 0.0, 1.0, 0.0, 0.0, 1.0, 1.0, 0.0, 0.0, 0.0, 0.0, 1.0, 0.0, 0.0, 0.0, 0.0, 0.0, 0.0, 0.0, 0.0, 0.0, 0.0, 0.0, 0.0, 0.0, 0.0, 0.0, 0.0, 0.0, 0.0, 0.0, 0.0, 0.0, 0.0, 0.0, 0.0, 0.0, 0.0, 1.0, 0.0, 0.0, 1.0], "bins": [-0.001805066247470677, -0.001739045837894082, -0.001673025544732809, -0.0016070051351562142, -0.0015409847255796194, -0.0014749644324183464, -0.0014089440228417516, -0.0013429236132651567, -0.0012769033201038837, -0.001210882910527289, -0.001144862617366016, -0.001078842207789421, -0.0010128217982128263, -0.0009468014468438923, -0.0008807810954749584, -0.0008147606858983636, -0.0007487402763217688, -0.0006827199249528348, -0.00061669951537624, -0.0005506791640073061, -0.0004846587835345417, -0.00041863840306177735, -0.00035261805169284344, -0.00028659767122007906, -0.0002205773489549756, -0.00015455696848221123, -8.853660256136209e-05, -2.2516236640512943e-05, 4.350414383225143e-05, 0.0001095245243050158, 0.00017554487567394972, 0.0002415652561467141, 0.0003075858112424612, 0.0003736061917152256, 0.00043962657218798995, 0.0005056469235569239, 0.0005716673331335187, 0.0006376876845024526, 0.0007037080358713865, 0.0007697284454479814, 0.0008357488550245762, 0.0009017692063935101, 0.0009677896159701049, 0.0010338099673390388, 0.0010998303769156337, 0.0011658507864922285, 0.0012318710796535015, 0.0012978914892300963, 0.0013639117823913693, 0.0014299321919679642, 0.0014959524851292372, 0.001561972894705832, 0.0016279933042824268, 0.0016940135974436998, 0.0017600340070202947, 0.0018260544165968895, 0.0018920747097581625, 0.0019580950029194355, 0.002024115528911352, 0.002090135822072625, 0.002156156115233898, 0.002222176641225815, 0.002288196934387088, 0.002354217227548361, 0.0024202377535402775]}, "gradients/out.weight": {"_type": "histogram", "values": [1.0, 0.0, 0.0, 0.0, 0.0, 0.0, 1.0, 0.0, 1.0, 0.0, 1.0, 4.0, 2.0, 5.0, 9.0, 7.0, 9.0, 16.0, 23.0, 19.0, 35.0, 31.0, 38.0, 45.0, 64.0, 86.0, 114.0, 173.0, 203.0, 332.0, 541.0, 1019.0, 10326.0, 977.0, 448.0, 276.0, 192.0, 151.0, 115.0, 70.0, 74.0, 45.0, 54.0, 28.0, 30.0, 22.0, 27.0, 17.0, 10.0, 9.0, 11.0, 5.0, 7.0, 2.0, 1.0, 2.0, 0.0, 0.0, 0.0, 1.0, 0.0, 0.0, 0.0, 1.0], "bins": [-0.01707179844379425, -0.016546262428164482, -0.016020726412534714, -0.015495192259550095, -0.014969656243920326, -0.014444120228290558, -0.013918585143983364, -0.01339305005967617, -0.012867514044046402, -0.012341978028416634, -0.01181644294410944, -0.011290907859802246, -0.010765371844172478, -0.01023983582854271, -0.009714300744235516, -0.009188765659928322, -0.008663229644298553, -0.008137693628668785, -0.007612158544361591, -0.00708662299439311, -0.006561087444424629, -0.006035551894456148, -0.005510016344487667, -0.004984480794519186, -0.004458945244550705, -0.003933409694582224, -0.003407874144613743, -0.0028823385946452618, -0.0023568030446767807, -0.0018312674947082996, -0.0013057319447398186, -0.0007801963947713375, -0.00025466084480285645, 0.0002708747051656246, 0.0007964102551341057, 0.0013219458051025867, 0.0018474813550710678, 0.002373016905039549, 0.00289855245500803, 0.003424088004976511, 0.003949623554944992, 0.004475159104913473, 0.005000694654881954, 0.005526230204850435, 0.006051765754818916, 0.006577301304787397, 0.0071028368547558784, 0.0076283724047243595, 0.00815390795469284, 0.008679443970322609, 0.009204979054629803, 0.009730514138936996, 0.010256050154566765, 0.010781586170196533, 0.011307121254503727, 0.01183265633881092, 0.012358192354440689, 0.012883728370070457, 0.013409263454377651, 0.013934798538684845, 0.014460334554314613, 0.014985870569944382, 0.015511405654251575, 0.01603694073855877, 0.016562476754188538]}, "gradients/conv2.0.weight": {"_type": "histogram", "values": [1.0, 0.0, 2.0, 0.0, 0.0, 1.0, 1.0, 1.0, 0.0, 0.0, 0.0, 0.0, 0.0, 1.0, 1.0, 3.0, 2.0, 3.0, 4.0, 7.0, 5.0, 8.0, 16.0, 13.0, 16.0, 25.0, 36.0, 36.0, 56.0, 79.0, 76.0, 126.0, 167.0, 189.0, 268.0, 344.0, 458.0, 653.0, 1151.0, 2862.0, 2166.0, 1184.0, 820.0, 643.0, 423.0, 272.0, 194.0, 152.0, 86.0, 82.0, 46.0, 33.0, 24.0, 20.0, 10.0, 14.0, 4.0, 3.0, 3.0, 4.0, 1.0, 2.0, 0.0, 3.0], "bins": [-0.010567616671323776, -0.010301969014108181, -0.010036320425570011, -0.009770672768354416, -0.009505024179816246, -0.00923937652260065, -0.008973728865385056, -0.008708080276846886, -0.00844243261963129, -0.008176784962415695, -0.007911136373877525, -0.00764548871666193, -0.0073798405937850475, -0.007114192470908165, -0.00684854481369257, -0.006582896690815687, -0.006317248567938805, -0.006051600445061922, -0.0057859523221850395, -0.005520304664969444, -0.005254656542092562, -0.004989008419215679, -0.004723360762000084, -0.004457712639123201, -0.004192064516246319, -0.003926416393369436, -0.0036607685033231974, -0.0033951206132769585, -0.003129472490400076, -0.0028638243675231934, -0.0025981764774769545, -0.0023325285874307156, -0.0020668799988925457, -0.001801231992430985, -0.0015355839859694242, -0.0012699359795078635, -0.0010042879730463028, -0.0007386399665847421, -0.00047299196012318134, -0.00020734395366162062, 5.830405279994011e-05, 0.00032395205926150084, 0.0005896000657230616, 0.0008552480721846223, 0.001120896078646183, 0.0013865440851077437, 0.0016521920915693045, 0.0019178400980308652, 0.002183488104492426, 0.0024491362273693085, 0.0027147841174155474, 0.0029804320074617863, 0.003246080130338669, 0.0035117282532155514, 0.0037773761432617903, 0.004043024033308029, 0.004308672156184912, 0.004574320279061794, 0.0048399679362773895, 0.005105616059154272, 0.005371264182031155, 0.005636912304908037, 0.00590256042778492, 0.006168208085000515, 0.0064338562078773975]}, "gradients/conv2.0.bias": {"_type": "histogram", "values": [1.0, 0.0, 0.0, 0.0, 0.0, 0.0, 0.0, 0.0, 0.0, 0.0, 0.0, 0.0, 0.0, 0.0, 0.0, 0.0, 0.0, 1.0, 0.0, 0.0, 0.0, 0.0, 0.0, 1.0, 0.0, 0.0, 1.0, 0.0, 1.0, 1.0, 0.0, 0.0, 1.0, 0.0, 1.0, 1.0, 1.0, 1.0, 0.0, 2.0, 0.0, 2.0, 1.0, 2.0, 3.0, 1.0, 2.0, 1.0, 1.0, 0.0, 2.0, 0.0, 1.0, 0.0, 0.0, 0.0, 0.0, 1.0, 0.0, 0.0, 0.0, 0.0, 1.0, 1.0], "bins": [-0.003544816980138421, -0.0034608100540935993, -0.0033768031280487776, -0.003292796202003956, -0.0032087895087897778, -0.003124782582744956, -0.0030407756567001343, -0.0029567687306553125, -0.002872761804610491, -0.002788754878565669, -0.0027047479525208473, -0.0026207412593066692, -0.0025367343332618475, -0.0024527274072170258, -0.002368720481172204, -0.0022847135551273823, -0.002200706861913204, -0.0021166999358683825, -0.0020326930098235607, -0.0019486862001940608, -0.0018646793905645609, -0.0017806724645197392, -0.0016966655384749174, -0.0016126586124300957, -0.001528651686385274, -0.0014446447603404522, -0.0013606379507109523, -0.0012766310246661305, -0.0011926242150366306, -0.0011086172889918089, -0.0010246103629469872, -0.0009406034951098263, -0.000856596976518631, -0.0007725901086814702, -0.0006885832408443093, -0.0006045763147994876, -0.0005205694469623268, -0.00043656257912516594, -0.0003525556530803442, -0.0002685487852431834, -0.00018454203382134438, -0.00010053515143226832, -1.6528269043192267e-05, 6.747862789779902e-05, 0.00015148549573495984, 0.00023549236357212067, 0.0003194992896169424, 0.00040350615745410323, 0.0004875131417065859, 0.0005715200095437467, 0.0006555268773809075, 0.0007395338034257293, 0.0008235406712628901, 0.0009075475391000509, 0.0009915544651448727, 0.0010755613911896944, 0.0011595682008191943, 0.001243575126864016, 0.001327581936493516, 0.0014115888625383377, 0.0014955957885831594, 0.0015796025982126594, 0.001663609524257481, 0.001747616333886981, 0.0018316232599318027]}, "gradients/conv1.0.weight": {"_type": "histogram",