{"gradients/out.bias": {"_type": "histogram", "values": [1.0, 0.0, 0.0, 0.0, 0.0, 0.0, 0.0, 0.0, 0.0, 0.0, 0.0, 0.0, 0.0, 0.0, 0.0, 0.0, 0.0, 0.0, 0.0, 0.0, 0.0, 0.0, 0.0, 0.0, 0.0, 0.0, 0.0, 0.0, 0.0, 0.0, 1.0, 7.0, 0.0, 0.0, 0.0, 0.0, 0.0, 0.0, 0.0, 0.0, 0.0, 0.0, 0.0, 0.0, 0.0, 0.0, 0.0, 0.0, 0.0, 0.0, 0.0, 0.0, 0.0, 0.0, 0.0, 0.0, 0.0, 0.0, 0.0, 0.0, 0.0, 0.0, 0.0, 1.0], "bins": [-0.0005806796252727509, -0.0005623154575005174, -0.000543951231520623, -0.0005255870637483895, -0.0005072228377684951, -0.0004888586699962616, -0.00047049447312019765, -0.0004521302762441337, -0.00043376607936806977, -0.0004154018824920058, -0.0003970376856159419, -0.00037867348873987794, -0.00036030932096764445, -0.00034194509498775005, -0.00032358092721551657, -0.0003052167303394526, -0.0002868525334633887, -0.00026848833658732474, -0.0002501241397112608, -0.00023175995738711208, -0.00021339576051104814, -0.0001950315636349842, -0.00017666738131083548, -0.00015830318443477154, -0.0001399389875587076, -0.00012157479068264365, -0.00010321060108253732, -8.4846411482431e-05, -6.648221460636705e-05, -4.811801773030311e-05, -2.975382813019678e-05, -1.1389638530090451e-05, 6.974616553634405e-06, 2.533880979171954e-05, 4.370300302980468e-05, 6.2067192629911e-05, 8.043138950597495e-05, 9.879558638203889e-05, 0.00011715977598214522, 0.00013552396558225155, 0.0001538881624583155, 0.00017225235933437943, 0.00019061655621044338, 0.0002089807385345921, 0.00022734493541065603, 0.0002457091468386352, 0.0002640733146108687, 0.00028243751148693264, 0.0003008017083629966, 0.0003191659052390605, 0.00033753010211512446, 0.0003558942989911884, 0.00037425849586725235, 0.00039262266363948584, 0.0004109868605155498, 0.0004293510573916137, 0.00044771525426767766, 0.0004660794511437416, 0.00048444364801980555, 0.0005028078448958695, 0.000521172012668103, 0.0005395362386479974, 0.0005579004064202309, 0.0005762645741924644, 0.0005946288001723588]}, "gradients/out.weight": {"_type": "histogram", "values": [2.0, 0.0, 0.0, 1.0, 0.0, 0.0, 1.0, 0.0, 3.0, 2.0, 3.0, 4.0, 6.0, 4.0, 3.0, 6.0, 5.0, 6.0, 8.0, 5.0, 9.0, 7.0, 12.0, 11.0, 15.0, 5.0, 15.0, 19.0, 24.0, 23.0, 36.0, 166.0, 15030.0, 44.0, 24.0, 23.0, 19.0, 17.0, 6.0, 17.0, 11.0, 10.0, 8.0, 10.0, 6.0, 7.0, 6.0, 6.0, 5.0, 4.0, 4.0, 5.0, 4.0, 3.0, 3.0, 3.0, 0.0, 1.0, 0.0, 0.0, 1.0, 0.0, 0.0, 2.0], "bins": [-0.004736991133540869, -0.004589390009641647, -0.004441788885742426, -0.0042941877618432045, -0.004146586637943983, -0.003998985514044762, -0.003851384622976184, -0.003703783731907606, -0.0035561826080083847, -0.0034085814841091633, -0.003260980360209942, -0.0031133792363107204, -0.0029657783452421427, -0.0028181772213429213, -0.0026705760974437, -0.002522975206375122, -0.002375373849645257, -0.0022277727257460356, -0.002080171601846814, -0.0019325705943629146, -0.001784969586879015, -0.0016373684629797935, -0.0014897673390805721, -0.0013421663315966725, -0.0011945650912821293, -0.0010469639673829079, -0.0008993629598990083, -0.0007517618359997869, -0.0006041607703082263, -0.00045655970461666584, -0.0003089585807174444, -0.00016135757323354483, -1.3756565749645233e-05, 0.0001338445144938305, 0.00028144559473730624, 0.0004290466895326972, 0.0005766477552242577, 0.0007242488209158182, 0.0008718499448150396, 0.0010194509522989392, 0.0011670519597828388, 0.0013146530836820602, 0.0014622540911659598, 0.0016098552150651813, 0.0017574562225490808, 0.0019050573464483023, 0.0020526584703475237, 0.0022002593614161015, 0.0023478607181459665, 0.002495461842045188, 0.0026430629659444094, 0.002790663857012987, 0.0029382649809122086, 0.00308586610481143, 0.0032334672287106514, 0.003381068352609873, 0.0035286694765090942, 0.0036762706004083157, 0.003823871724307537, 0.0039714728482067585, 0.00411907397210598, 0.004266674630343914, 0.004414276219904423, 0.004561876878142357, 0.004709478002041578]}, "gradients/conv2.0.weight": {"_type": "histogram", "values": [1.0, 0.0, 1.0, 0.0, 1.0, 1.0, 1.0, 3.0, 0.0, 2.0, 2.0, 1.0, 1.0, 4.0, 2.0, 6.0, 2.0, 8.0, 4.0, 5.0, 3.0, 17.0, 14.0, 15.0, 18.0, 24.0, 27.0, 48.0, 52.0, 66.0, 128.0, 165.0, 264.0, 391.0, 716.0, 1389.0, 6659.0, 971.0, 508.0, 327.0, 258.0, 168.0, 124.0, 85.0, 56.0, 62.0, 47.0, 39.0, 24.0, 20.0, 16.0, 13.0, 12.0, 8.0, 6.0, 1.0, 2.0, 0.0, 5.0, 2.0, 2.0, 2.0, 0.0, 1.0], "bins": [-0.0020760525949299335, -0.002018990460783243, -0.001961928093805909, -0.0019048659596592188, -0.0018478037090972066, -0.0017907414585351944, -0.001733679324388504, -0.0016766170738264918, -0.0016195548232644796, -0.0015624925727024674, -0.001505430438555777, -0.0014483681879937649, -0.0013913059374317527, -0.0013342436868697405, -0.0012771815527230501, -0.001220119302161038, -0.0011630571680143476, -0.0011059949174523354, -0.001048932783305645, -0.0009918705327436328, -0.0009348082821816206, -0.0008777460898272693, -0.000820683897472918, -0.0007636216469109058, -0.0007065595127642155, -0.0006494973204098642, -0.000592435069847852, -0.0005353728774935007, -0.00047831065603531897, -0.00042124843457713723, -0.00036418624222278595, -0.0003071240207646042, -0.00025006174109876156, -0.00019299951964057982, -0.0001359373127343133, -7.88751058280468e-05, -2.181288436986506e-05, 3.524933708831668e-05, 9.231152944266796e-05, 0.0001493737509008497, 0.00020643603056669235, 0.0002634982520248741, 0.00032056047348305583, 0.0003776226658374071, 0.00043468488729558885, 0.0004917471087537706, 0.0005488093011081219, 0.0006058715516701341, 0.0006629336858168244, 0.0007199958781711757, 0.0007770581287331879, 0.0008341203210875392, 0.0008911825716495514, 0.0009482447640039027, 0.001005306956358254, 0.0010623692069202662, 0.0011194313410669565, 0.0011764935916289687, 0.001233555725775659, 0.0012906179763376713, 0.0013476802268996835, 0.0014047424774616957, 0.001461804611608386, 0.0015188668621703982, 0.0015759291127324104]}, "gradients/conv2.0.bias": {"_type": "histogram", "values": [1.0, 0.0, 0.0, 0.0, 0.0, 0.0, 0.0, 0.0, 0.0, 1.0, 0.0, 0.0, 0.0, 0.0, 0.0, 0.0, 1.0, 0.0, 0.0, 0.0, 0.0, 1.0, 0.0, 1.0, 2.0, 1.0, 3.0, 2.0, 1.0, 5.0, 2.0, 0.0, 2.0, 0.0, 2.0, 2.0, 1.0, 0.0, 0.0, 0.0, 0.0, 0.0, 0.0, 0.0, 0.0, 0.0, 0.0, 0.0, 0.0, 0.0, 0.0, 1.0, 0.0, 0.0, 0.0, 0.0, 0.0, 1.0, 0.0, 0.0, 0.0, 1.0, 0.0, 1.0], "bins": [-0.0013476689346134663, -0.0013016101438552141, -0.001255551353096962, -0.0012094925623387098, -0.0011634337715804577, -0.0011173749808222055, -0.0010713161900639534, -0.0010252573993057013, -0.0009791986085474491, -0.000933139817789197, -0.0008870810270309448, -0.0008410222362726927, -0.0007949634455144405, -0.0007489046547561884, -0.0007028458639979362, -0.0006567870732396841, -0.000610728282481432, -0.0005646694917231798, -0.0005186107009649277, -0.00047255191020667553, -0.0004264931194484234, -0.00038043432869017124, -0.0003343755379319191, -0.00028831674717366695, -0.0002422579564154148, -0.00019619916565716267, -0.00015014037489891052, -0.00010408158414065838, -5.8022793382406235e-05, -1.1964002624154091e-05, 3.409478813409805e-05, 8.01535788923502e-05, 0.00012621248606592417, 0.0001722712768241763, 0.00021833006758242846, 0.0002643888583406806, 0.00031044764909893274, 0.0003565064398571849, 0.00040256523061543703, 0.0004486240213736892, 0.0004946828121319413, 0.0005407416028901935, 0.0005868003936484456, 0.0006328591844066978, 0.0006789179751649499, 0.000724976765923202, 0.0007710355566814542, 0.0008170943474397063, 0.0008631531381979585, 0.0009092119289562106, 0.0009552707197144628, 0.001001329510472715, 0.001047388301230967, 0.0010934470919892192, 0.0011395058827474713, 0.0011855646735057235, 0.0012316234642639756, 0.0012776822550222278, 0.00132374104578048, 0.001369799836538732, 0.0014158586272969842, 0.0014619174180552363, 0.0015079762088134885, 0.0015540349995717406, 0.0016000937903299928]}, "gradients/conv1.0.weight": {"_type": "histogram",