{"gradients/out.bias": {"_type": "histogram", "values": [1.0, 0.0, 0.0, 0.0, 0.0, 0.0, 0.0, 0.0, 0.0, 0.0, 0.0, 0.0, 1.0, 0.0, 0.0, 0.0, 0.0, 0.0, 0.0, 0.0, 0.0, 0.0, 0.0, 0.0, 0.0, 0.0, 0.0, 0.0, 0.0, 0.0, 0.0, 0.0, 1.0, 0.0, 0.0, 0.0, 0.0, 0.0, 0.0, 0.0, 0.0, 0.0, 0.0, 0.0, 0.0, 1.0, 1.0, 0.0, 0.0, 0.0, 1.0, 0.0, 1.0, 0.0, 0.0, 1.0, 0.0, 0.0, 0.0, 0.0, 0.0, 0.0, 1.0, 1.0], "bins": [-0.0005189860821701586, -0.0005067007732577622, -0.0004944154643453658, -0.0004821301845367998, -0.00046984487562440336, -0.0004575595958158374, -0.00044527428690344095, -0.0004329889779910445, -0.0004207036690786481, -0.00040841836016625166, -0.0003961330803576857, -0.00038384777144528925, -0.0003715624625328928, -0.00035927718272432685, -0.0003469918738119304, -0.000334706564899534, -0.000322421285090968, -0.0003101359761785716, -0.0002978506963700056, -0.0002855653874576092, -0.00027328007854521275, -0.0002609947696328163, -0.00024870948982425034, -0.0002364241809118539, -0.00022413890110328794, -0.00021185360674280673, -0.0001995682978304103, -0.0001872830034699291, -0.00017499769455753267, -0.00016271240019705147, -0.00015042710583657026, -0.00013814179692417383, -0.0001258564880117774, -0.00011357118637533858, -0.00010128588473889977, -8.900059037841856e-05, -7.671528874197975e-05, -6.442998710554093e-05, -5.214469274505973e-05, -3.985939110862091e-05, -2.7574074920266867e-05, -1.5288775102817453e-05, -3.00347528536804e-06, 9.28182271309197e-06, 2.1567124349530786e-05, 3.38524259859696e-05, 4.6137720346450806e-05, 5.842302198288962e-05, 7.070830906741321e-05, 8.299361070385203e-05, 9.527891234029084e-05, 0.00010756420670077205, 0.00011984950833721086, 0.00013213480997364968, 0.00014442010433413088, 0.00015670541324652731, 0.00016899070760700852, 0.00018127600196748972, 0.00019356131087988615, 0.00020584660524036735, 0.00021813189960084856, 0.000230417208513245, 0.0002427025028737262, 0.0002549877972342074, 0.0002672731061466038]}, "gradients/out.weight": {"_type": "histogram", "values": [1.0, 0.0, 2.0, 0.0, 2.0, 0.0, 2.0, 1.0, 2.0, 1.0, 1.0, 2.0, 5.0, 4.0, 3.0, 2.0, 7.0, 9.0, 6.0, 7.0, 11.0, 12.0, 9.0, 9.0, 12.0, 18.0, 25.0, 27.0, 25.0, 40.0, 35.0, 53.0, 78.0, 89.0, 111.0, 132.0, 211.0, 266.0, 411.0, 838.0, 9094.0, 1877.0, 796.0, 468.0, 271.0, 183.0, 143.0, 82.0, 67.0, 52.0, 50.0, 30.0, 30.0, 10.0, 14.0, 15.0, 8.0, 8.0, 6.0, 1.0, 2.0, 1.0, 0.0, 3.0], "bins": [-0.0054779029451310635, -0.005342960357666016, -0.005208017770200968, -0.005073075648397207, -0.004938133060932159, -0.004803190473467112, -0.004668247886002064, -0.004533305764198303, -0.004398363176733255, -0.0042634205892682076, -0.00412847800180316, -0.003993535879999399, -0.0038585932925343513, -0.0037236507050693035, -0.0035887081176042557, -0.0034537657629698515, -0.0033188231755048037, -0.003183880588039756, -0.0030489382334053516, -0.002913995645940304, -0.0027790532913058996, -0.002644110703840852, -0.0025091683492064476, -0.0023742257617413998, -0.002239283174276352, -0.002104340586811304, -0.0019693982321769, -0.001834455644711852, -0.0016995132900774479, -0.0015645707026124, -0.001429628231562674, -0.001294685760512948, -0.0011597431730479002, -0.0010248007019981742, -0.0008898582309484482, -0.0007549157016910613, -0.0006199732306413352, -0.00048503075959160924, -0.0003500882303342223, -0.0002151457592844963, -8.020340465009212e-05, 5.473908095154911e-05, 0.00018968156655319035, 0.0003246240667067468, 0.0004595665377564728, 0.0005945090088061988, 0.0007294515380635858, 0.0008643940091133118, 0.0009993365965783596, 0.0011342790676280856, 0.0012692215386778116, 0.0014041641261428595, 0.0015391064807772636, 0.0016740490682423115, 0.0018089915392920375, 0.0019439340103417635, 0.0020788763649761677, 0.0022138189524412155, 0.0023487613070756197, 0.0024837038945406675, 0.0026186462491750717, 0.0027535888366401196, 0.0028885314241051674, 0.0030234737787395716, 0.0031584163662046194]}, "gradients/conv2.0.weight": {"_type": "histogram", "values": [1.0, 0.0, 0.0, 2.0, 3.0, 0.0, 1.0, 2.0, 1.0, 2.0, 3.0, 3.0, 0.0, 2.0, 1.0, 6.0, 7.0, 4.0, 10.0, 14.0, 21.0, 28.0, 27.0, 29.0, 50.0, 73.0, 78.0, 94.0, 145.0, 169.0, 234.0, 290.0, 370.0, 571.0, 771.0, 1060.0, 1466.0, 2910.0, 1617.0, 856.0, 472.0, 367.0, 256.0, 180.0, 124.0, 124.0, 91.0, 74.0, 48.0, 45.0, 26.0, 25.0, 10.0, 12.0, 7.0, 6.0, 7.0, 1.0, 0.0, 1.0, 1.0, 0.0, 0.0, 2.0], "bins": [-0.001809821929782629, -0.0017620183061808348, -0.0017142145661637187, -0.0016664109425619245, -0.0016186072025448084, -0.0015708035789430141, -0.00152299995534122, -0.0014751963317394257, -0.0014273925917223096, -0.0013795889681205153, -0.0013317852281033993, -0.001283981604501605, -0.0012361779808998108, -0.0011883742408826947, -0.0011405706172809005, -0.0010927668772637844, -0.0010449632536619902, -0.000997159630060196, -0.0009493558900430799, -0.0009015522664412856, -0.0008537485846318305, -0.0008059449028223753, -0.0007581412792205811, -0.0007103375974111259, -0.0006625339156016707, -0.0006147302337922156, -0.0005669265519827604, -0.0005191229283809662, -0.00047131924657151103, -0.0004235155647620559, -0.0003757119120564312, -0.0003279082593508065, -0.0002801044611260295, -0.00023230079386848956, -0.00018449712661094964, -0.0001366934593534097, -8.888979209586978e-05, -4.108612483832985e-05, 6.717542419210076e-06, 5.4521195124834776e-05, 0.00010232487693428993, 0.00015012854419182986, 0.0001979322114493698, 0.0002457358641549945, 0.00029353954596444964, 0.0003413432277739048, 0.0003891468804795295, 0.0004369505331851542, 0.00048475421499460936, 0.0005325578968040645, 0.0005803615786135197, 0.0006281652022153139, 0.0006759688840247691, 0.0007237725658342242, 0.0007715761894360185, 0.0008193798712454736, 0.0008671835530549288, 0.0009149872348643839, 0.0009627909166738391, 0.0010105945402756333, 0.0010583982802927494, 0.0011062019038945436, 0.0011540055274963379, 0.0012018091510981321, 0.0012496128911152482]}, "gradients/conv2.0.bias": {"_type": "histogram", "values": [1.0, 0.0, 0.0, 0.0, 0.0, 1.0, 0.0, 0.0, 0.0, 0.0, 1.0, 0.0, 0.0, 2.0, 0.0, 1.0, 2.0, 0.0, 0.0, 0.0, 0.0, 0.0, 1.0, 1.0, 2.0, 0.0, 0.0, 1.0, 0.0, 0.0, 0.0, 1.0, 1.0, 1.0, 0.0, 1.0, 0.0, 0.0, 1.0, 1.0, 2.0, 1.0, 0.0, 1.0, 2.0, 0.0, 1.0, 1.0, 0.0, 0.0, 0.0, 0.0, 0.0, 1.0, 0.0, 0.0, 1.0, 0.0, 0.0, 1.0, 0.0, 0.0, 1.0, 1.0], "bins": [-0.00042991130612790585, -0.0004190012696199119, -0.0004080912040080875, -0.0003971811675000936, -0.0003862711018882692, -0.00037536106538027525, -0.00036445099976845086, -0.0003535409632604569, -0.0003426308976486325, -0.0003317208611406386, -0.0003208107955288142, -0.00030990075902082026, -0.00029899069340899587, -0.00028808065690100193, -0.00027717059128917754, -0.0002662605547811836, -0.0002553504891693592, -0.00024444045266136527, -0.00023353038704954088, -0.0002226203359896317, -0.00021171028492972255, -0.00020080023386981338, -0.00018989018280990422, -0.00017898014630191028, -0.00016807010979391634, -0.00015716005873400718, -0.00014625000767409801, -0.00013533995661418885, -0.00012442990555427969, -0.00011351985449437052, -0.00010260981071041897, -9.16997596505098e-05, -8.078970131464303e-05, -6.987965025473386e-05, -5.8969599194824696e-05, -4.805955177289434e-05, -3.714950071298517e-05, -2.6239449653076008e-05, -1.532940223114565e-05, -4.419351171236485e-06, 6.490707164630294e-06, 1.740075822453946e-05, 2.831080746545922e-05, 3.922085670637898e-05, 5.0130907766288146e-05, 6.104096246417612e-05, 7.195100624812767e-05, 8.286105730803683e-05, 9.377110109198838e-05, 0.00010468115215189755, 0.00011559120321180671, 0.00012650125427171588, 0.00013741130533162504, 0.0001483213563915342, 0.00015923139289952815, 0.00017014145851135254, 0.00018105149501934648, 0.00019196154607925564, 0.0002028715971391648, 0.00021378164819907397, 0.00022469169925898314, 0.0002356017503188923, 0.00024651180137880147, 0.0002574218378867954, 0.0002683319034986198]}, "gradients/conv1.0.weight": {"_type": "histogram",