{"gradients/out.bias": {"_type": "histogram", "values": [1.0, 0.0, 0.0, 0.0, 0.0, 0.0, 0.0, 0.0, 0.0, 0.0, 0.0, 0.0, 0.0, 0.0, 0.0, 0.0, 0.0, 0.0, 0.0, 0.0, 0.0, 0.0, 0.0, 0.0, 0.0, 0.0, 0.0, 1.0, 0.0, 0.0, 0.0, 0.0, 0.0, 0.0, 0.0, 0.0, 0.0, 0.0, 5.0, 0.0, 1.0, 0.0, 0.0, 0.0, 0.0, 0.0, 0.0, 0.0, 0.0, 0.0, 0.0, 0.0, 0.0, 0.0, 0.0, 0.0, 0.0, 0.0, 0.0, 1.0, 0.0, 0.0, 0.0, 1.0], "bins": [-0.022510727867484093, -0.021925169974565506, -0.02133961394429207, -0.020754056051373482, -0.020168498158454895, -0.019582942128181458, -0.01899738423526287, -0.018411826342344284, -0.017826270312070847, -0.01724071241915226, -0.016655156388878822, -0.016069598495960236, -0.015484041534364223, -0.014898484572768211, -0.014312926679849625, -0.013727369718253613, -0.0131418127566576, -0.012556255795061588, -0.011970698833465576, -0.01138514094054699, -0.010799583978950977, -0.010214027017354965, -0.009628469124436378, -0.009042912162840366, -0.008457355201244354, -0.007871798239648342, -0.007286240812391043, -0.006700683385133743, -0.006115126423537731, -0.005529569461941719, -0.00494401203468442, -0.00435845460742712, -0.003772895783185959, -0.003187338588759303, -0.0026017813943326473, -0.0020162241999059916, -0.0014306670054793358, -0.00084510981105268, -0.00025955261662602425, 0.0003260048106312752, 0.0009115617722272873, 0.001497118966653943, 0.002082676161080599, 0.0026682333555072546, 0.0032537905499339104, 0.003839347744360566, 0.004424904938787222, 0.005010462366044521, 0.0055960193276405334, 0.0061815762892365456, 0.006767133716493845, 0.007352691143751144, 0.007938248105347157, 0.008523805066943169, 0.009109362959861755, 0.009694919921457767, 0.01028047688305378, 0.010866033844649792, 0.011451590806245804, 0.01203714869916439, 0.012622705660760403, 0.013208262622356415, 0.013793820515275002, 0.014379377476871014, 0.014964934438467026]}, "gradients/out.weight": {"_type": "histogram", "values": [1.0, 0.0, 0.0, 0.0, 2.0, 0.0, 2.0, 1.0, 0.0, 4.0, 1.0, 6.0, 4.0, 9.0, 4.0, 5.0, 8.0, 7.0, 7.0, 11.0, 17.0, 18.0, 17.0, 27.0, 17.0, 37.0, 45.0, 50.0, 63.0, 86.0, 109.0, 131.0, 210.0, 291.0, 11049.0, 2287.0, 301.0, 161.0, 143.0, 103.0, 76.0, 66.0, 53.0, 54.0, 41.0, 29.0, 28.0, 22.0, 20.0, 13.0, 12.0, 6.0, 7.0, 2.0, 2.0, 4.0, 2.0, 3.0, 0.0, 1.0, 2.0, 0.0, 1.0, 2.0], "bins": [-0.14598670601844788, -0.1418086737394333, -0.1376306265592575, -0.13345259428024292, -0.12927456200122833, -0.12509651482105255, -0.12091848254203796, -0.11674044281244278, -0.1125624030828476, -0.10838436335325241, -0.10420633107423782, -0.10002829134464264, -0.09585025161504745, -0.09167221188545227, -0.08749417960643768, -0.0833161398768425, -0.07913810759782791, -0.07496006786823273, -0.07078203558921814, -0.06660399585962296, -0.06242595613002777, -0.058247920125722885, -0.054069884121418, -0.049891844391822815, -0.04571381211280823, -0.04153577610850334, -0.03735773637890816, -0.03317970037460327, -0.029001662507653236, -0.0248236246407032, -0.020645588636398315, -0.01646755076944828, -0.012289516627788544, -0.008111478760838509, -0.003933441825211048, 0.00024459511041641235, 0.0044226329773664474, 0.008600670844316483, 0.012778706848621368, 0.016956744715571404, 0.021134786307811737, 0.025312824174761772, 0.029490862041711807, 0.03366889804601669, 0.03784693777561188, 0.04202497377991676, 0.04620300978422165, 0.050381049513816833, 0.05455908179283142, 0.05873711779713631, 0.06291515380144119, 0.06709319353103638, 0.07127123326063156, 0.07544927299022675, 0.07962730526924133, 0.08380534499883652, 0.0879833847284317, 0.09216142445802689, 0.09633945673704147, 0.10051749646663666, 0.10469553619623184, 0.10887357592582703, 0.11305160820484161, 0.1172296479344368, 0.12140768021345139]}, "gradients/conv2.0.weight": {"_type": "histogram", "values": [1.0, 1.0, 0.0, 1.0, 1.0, 1.0, 2.0, 3.0, 3.0, 3.0, 6.0, 3.0, 4.0, 7.0, 9.0, 3.0, 7.0, 11.0, 16.0, 13.0, 23.0, 25.0, 27.0, 28.0, 44.0, 42.0, 64.0, 82.0, 110.0, 121.0, 178.0, 195.0, 226.0, 281.0, 414.0, 488.0, 662.0, 1095.0, 2407.0, 2892.0, 1207.0, 684.0, 421.0, 275.0, 181.0, 160.0, 101.0, 72.0, 60.0, 52.0, 27.0, 20.0, 12.0, 7.0, 10.0, 4.0, 4.0, 2.0, 0.0, 0.0, 0.0, 1.0, 0.0, 1.0], "bins": [-0.07591639459133148, -0.07396981120109558, -0.07202322781085968, -0.07007664442062378, -0.06813006103038788, -0.06618348509073257, -0.06423690170049667, -0.06229031831026077, -0.06034373492002487, -0.05839715152978897, -0.05645056813955307, -0.05450398847460747, -0.05255740508437157, -0.050610821694135666, -0.048664242029190063, -0.04671765863895416, -0.04477107524871826, -0.04282449185848236, -0.04087790846824646, -0.03893132880330086, -0.03698474541306496, -0.035038162022829056, -0.03309158235788345, -0.031144998967647552, -0.02919841557741165, -0.02725183218717575, -0.025305250659585, -0.023358669131994247, -0.021412085741758347, -0.019465502351522446, -0.017518920823931694, -0.015572338365018368, -0.01362575963139534, -0.011679177172482014, -0.009732594713568687, -0.007786012254655361, -0.005839429795742035, -0.0038928473368287086, -0.0019462648779153824, 3.175809979438782e-07, 0.0019469000399112701, 0.0038934824988245964, 0.005840064957737923, 0.007786647416651249, 0.009733229875564575, 0.011679812334477901, 0.013626394793391228, 0.015572977252304554, 0.01751955971121788, 0.01946614310145378, 0.021412724629044533, 0.023359306156635284, 0.025305889546871185, 0.027252472937107086, 0.029199054464697838, 0.03114563599228859, 0.03309221938252449, 0.03503880277276039, 0.036985382437705994, 0.038931965827941895, 0.040878549218177795, 0.042825132608413696, 0.0447717159986496, 0.0467182956635952, 0.0486648790538311]}, "gradients/conv2.0.bias": {"_type": "histogram", "values": [1.0, 0.0, 0.0, 0.0, 0.0, 0.0, 0.0, 0.0, 0.0, 1.0, 1.0, 0.0, 0.0, 0.0, 0.0, 0.0, 0.0, 1.0, 0.0, 0.0, 0.0, 1.0, 1.0, 0.0, 0.0, 0.0, 1.0, 2.0, 2.0, 0.0, 1.0, 0.0, 3.0, 1.0, 1.0, 1.0, 0.0, 0.0, 1.0, 1.0, 0.0, 1.0, 0.0, 2.0, 1.0, 0.0, 0.0, 1.0, 1.0, 0.0, 1.0, 0.0, 1.0, 0.0, 0.0, 1.0, 0.0, 0.0, 0.0, 1.0, 1.0, 0.0, 0.0, 1.0], "bins": [-0.0192352756857872, -0.018749941140413284, -0.018264606595039368, -0.017779270187020302, -0.017293935641646385, -0.01680860109627247, -0.016323264688253403, -0.015837930142879486, -0.01535259559750557, -0.014867261052131653, -0.014381925575435162, -0.01389659009873867, -0.013411255553364754, -0.012925921007990837, -0.012440585531294346, -0.011955250054597855, -0.011469915509223938, -0.010984580963850021, -0.01049924548715353, -0.010013910010457039, -0.009528575465083122, -0.009043240919709206, -0.008557905443012714, -0.008072569966316223, -0.0075872354209423065, -0.007101900409907103, -0.006616565398871899, -0.006131230387836695, -0.005645895376801491, -0.005160560365766287, -0.004675225354731083, -0.004189890343695879, -0.003704555332660675, -0.003219220321625471, -0.002733885310590267, -0.0022485502995550632, -0.0017632152885198593, -0.0012778802774846554, -0.0007925452664494514, -0.0003072102554142475, 0.00017812475562095642, 0.0006634597666561604, 0.0011487947776913643, 0.0016341297887265682, 0.002119464799761772, 0.002604799810796976, 0.00309013482183218, 0.003575469832867384, 0.004060804843902588, 0.004546139854937792, 0.005031474865972996, 0.0055168098770082, 0.006002144888043404, 0.0064874798990786076, 0.0069728149101138115, 0.007458149921149015, 0.00794348493218422, 0.008428819477558136, 0.008914154954254627, 0.009399490430951118, 0.009884824976325035, 0.010370159521698952, 0.010855494998395443, 0.011340830475091934, 0.01182616502046585]}, "gradients/conv1.0.weight": {"_type": "histogram", "values": [1.0, 1.0, 0.0, 0.0, 0.0, 1.0, 2.0, 0.0, 0.0, 2.0, 0.0, 0.0, 0.0, 2.0, 1.0, 2.0, 2.0, 0.0, 4.0, 3.0, 6.0, 6.0, 8.0, 6.0, 9.0, 8.0, 9.0, 7.0, 5.0, 8.0, 9.0, 6.0, 4.0, 10.0, 5.0, 10.0, 22.0, 26.0, 19.0, 18.0, 23.0, 30.0, 23.0, 12.0, 11.0, 7.0, 13.0, 7.0, 4.0, 13.0, 5.0, 5.0, 2.0, 4.0, 1.0, 2.0, 3.0, 2.0, 3.0, 0.0, 1.0, 2.0, 4.0, 1.0],