{"gradients/out.bias": {"_type": "histogram", "values": [1.0, 0.0, 0.0, 0.0, 0.0, 0.0, 0.0, 0.0, 0.0, 0.0, 0.0, 0.0, 0.0, 0.0, 0.0, 0.0, 0.0, 0.0, 0.0, 0.0, 0.0, 0.0, 0.0, 2.0, 0.0, 0.0, 0.0, 0.0, 0.0, 0.0, 0.0, 0.0, 1.0, 2.0, 1.0, 0.0, 0.0, 0.0, 0.0, 0.0, 0.0, 0.0, 0.0, 1.0, 1.0, 0.0, 0.0, 0.0, 0.0, 0.0, 0.0, 0.0, 0.0, 0.0, 0.0, 0.0, 0.0, 0.0, 0.0, 0.0, 0.0, 0.0, 0.0, 1.0], "bins": [-0.006151903886348009, -0.005967708304524422, -0.005783512722700834, -0.005599317140877247, -0.0054151215590536594, -0.005230925977230072, -0.005046730395406485, -0.004862534813582897, -0.00467833923175931, -0.004494143649935722, -0.004309948068112135, -0.0041257524862885475, -0.00394155690446496, -0.0037573613226413727, -0.0035731657408177853, -0.003388970158994198, -0.0032047745771706104, -0.003020578995347023, -0.0028363834135234356, -0.002652187831699848, -0.0024679922498762608, -0.0022837966680526733, -0.002099601086229086, -0.0019154055044054985, -0.001731209922581911, -0.0015470143407583237, -0.0013628187589347363, -0.0011786231771111488, -0.0009944275952875614, -0.000810232013463974, -0.0006260364316403866, -0.00044184084981679916, -0.00025764573365449905, -7.345015183091164e-05, 0.00011074542999267578, 0.0002949410118162632, 0.0004791365936398506, 0.000663332175463438, 0.0008475277572870255, 0.0010317233391106129, 0.0012159189209342003, 0.0014001145027577877, 0.0015843100845813751, 0.0017685056664049625, 0.00195270124822855, 0.0021368968300521374, 0.002321092411875725, 0.002505287993699312, 0.0026894835755228996, 0.002873679157346487, 0.0030578747391700745, 0.003242070320993662, 0.0034262659028172493, 0.0036104614846408367, 0.003794657066464424, 0.0039788526482880116, 0.004163048230111599, 0.004347243811935186, 0.004531439393758774, 0.004715634975582361, 0.004899830557405949, 0.005084026139229536, 0.0052682217210531235, 0.005452417302876711, 0.005636612884700298]}, "gradients/out.weight": {"_type": "histogram", "values": [1.0, 1.0, 0.0, 2.0, 1.0, 0.0, 1.0, 0.0, 3.0, 4.0, 2.0, 4.0, 4.0, 9.0, 7.0, 13.0, 8.0, 12.0, 18.0, 19.0, 23.0, 17.0, 42.0, 32.0, 53.0, 55.0, 89.0, 109.0, 194.0, 305.0, 500.0, 1626.0, 10817.0, 602.0, 320.0, 212.0, 141.0, 99.0, 64.0, 49.0, 35.0, 40.0, 22.0, 16.0, 22.0, 15.0, 13.0, 9.0, 10.0, 9.0, 9.0, 3.0, 4.0, 3.0, 4.0, 2.0, 0.0, 1.0, 0.0, 1.0, 2.0, 1.0, 0.0, 1.0], "bins": [-0.07087551057338715, -0.0686681717634201, -0.06646082550287247, -0.06425348669290543, -0.06204614043235779, -0.05983880162239075, -0.05763145908713341, -0.05542411655187607, -0.05321677401661873, -0.05100943148136139, -0.04880208894610405, -0.04659474641084671, -0.04438740760087967, -0.04218006134033203, -0.03997272253036499, -0.03776537999510765, -0.03555803745985031, -0.03335069492459297, -0.031143352389335632, -0.028936011716723442, -0.026728669181466103, -0.024521326646208763, -0.022313985973596573, -0.020106643438339233, -0.017899300903081894, -0.015691958367824554, -0.01348461676388979, -0.011277275159955025, -0.009069932624697685, -0.006862590089440346, -0.004655248485505581, -0.002447906881570816, -0.00024057179689407349, 0.0019667702727019787, 0.004174112342298031, 0.006381454411894083, 0.008588796481490135, 0.010796139016747475, 0.01300348062068224, 0.015210822224617004, 0.017418164759874344, 0.019625507295131683, 0.021832849830389023, 0.024040190503001213, 0.026247533038258553, 0.028454875573515892, 0.030662216246128082, 0.03286955878138542, 0.03507690131664276, 0.0372842438519001, 0.03949158638715744, 0.04169892892241478, 0.04390627145767212, 0.04611361026763916, 0.0483209528028965, 0.05052829533815384, 0.05273563787341118, 0.05494298040866852, 0.05715032294392586, 0.0593576654791832, 0.06156500428915024, 0.06377235054969788, 0.06597968935966492, 0.06818702816963196, 0.0703943744301796]}, "gradients/conv2.0.weight": {"_type": "histogram", "values": [3.0, 0.0, 2.0, 1.0, 3.0, 1.0, 8.0, 11.0, 6.0, 7.0, 11.0, 15.0, 12.0, 13.0, 28.0, 21.0, 36.0, 31.0, 54.0, 59.0, 90.0, 98.0, 145.0, 161.0, 205.0, 314.0, 402.0, 570.0, 733.0, 998.0, 1283.0, 1509.0, 1388.0, 1129.0, 902.0, 681.0, 468.0, 353.0, 273.0, 219.0, 134.0, 113.0, 73.0, 62.0, 48.0, 28.0, 23.0, 23.0, 13.0, 10.0, 7.0, 4.0, 4.0, 1.0, 5.0, 0.0, 0.0, 2.0, 0.0, 1.0, 3.0, 0.0, 2.0, 1.0], "bins": [-0.012472222559154034, -0.012071829289197922, -0.011671435087919235, -0.011271041817963123, -0.010870648548007011, -0.010470254346728325, -0.010069861076772213, -0.009669467806816101, -0.009269073605537415, -0.008868680335581303, -0.008468286134302616, -0.008067892864346504, -0.007667499594390392, -0.007267105858772993, -0.006866712123155594, -0.006466318853199482, -0.00606592558324337, -0.005665531847625971, -0.005265138577669859, -0.00486474484205246, -0.004464351572096348, -0.004063957836478949, -0.0036635641008615494, -0.003263170598074794, -0.002862776629626751, -0.0024623831268399954, -0.00206198962405324, -0.0016615958884358406, -0.001261202385649085, -0.0008608088828623295, -0.00046041514724493027, -6.0021644458174706e-05, 0.00034037139266729355, 0.00074076495366171, 0.0011411585146561265, 0.0015415521338582039, 0.0019419456366449594, 0.002342339139431715, 0.0027427328750491142, 0.00314312637783587, 0.003543519414961338, 0.003943913150578737, 0.004344306420534849, 0.004744700156152248, 0.00514509342610836, 0.0055454871617257595, 0.005945880897343159, 0.006346274167299271, 0.006746668368577957, 0.007147062104195356, 0.007547455374151468, 0.007947849109768867, 0.00834824237972498, 0.008748635649681091, 0.009149029850959778, 0.00954942312091589, 0.009949816390872002, 0.010350209660828114, 0.0107506038621068, 0.011150997132062912, 0.011551390402019024, 0.011951783671975136, 0.012352177873253822, 0.012752571143209934, 0.01315296534448862]}, "gradients/conv2.0.bias": {"_type": "histogram", "values": [1.0, 0.0, 0.0, 0.0, 0.0, 0.0, 0.0, 0.0, 0.0, 0.0, 0.0, 0.0, 0.0, 0.0, 0.0, 0.0, 0.0, 0.0, 2.0, 1.0, 0.0, 1.0, 2.0, 0.0, 0.0, 0.0, 0.0, 0.0, 1.0, 2.0, 1.0, 2.0, 1.0, 3.0, 2.0, 2.0, 2.0, 0.0, 0.0, 2.0, 1.0, 2.0, 0.0, 1.0, 1.0, 1.0, 0.0, 0.0, 0.0, 0.0, 0.0, 0.0, 0.0, 0.0, 0.0, 0.0, 0.0, 0.0, 0.0, 0.0, 0.0, 0.0, 0.0, 1.0], "bins": [-0.0053604706190526485, -0.0051606278866529465, -0.004960785154253244, -0.004760942421853542, -0.00456109968945384, -0.004361256957054138, -0.004161413758993149, -0.003961571492254734, -0.0037617285270243883, -0.0035618857946246862, -0.003362043062224984, -0.0031622000969946384, -0.0029623573645949364, -0.0027625146321952343, -0.0025626718997955322, -0.00236282916739583, -0.002162986434996128, -0.001963143702596426, -0.001763300970196724, -0.0015634581213817, -0.001363615388981998, -0.001163772656582296, -0.000963929807767272, -0.0007640870753675699, -0.0005642441101372242, -0.00036440134863369167, -0.00016455858713015914, 3.5284203477203846e-05, 0.00023512693587690592, 0.000434969668276608, 0.0006348125170916319, 0.000834655249491334, 0.001034497283399105, 0.0012343400157988071, 0.0014341827481985092, 0.0016340255970135331, 0.0018338683294132352, 0.0020337109453976154, 0.002233553910627961, 0.0024333966430276632, 0.0026332391425967216, 0.0028330818749964237, 0.003032924607396126, 0.003232767339795828, 0.00343261007219553, 0.003632452804595232, 0.0038322957698255777, 0.0040321387350559235, 0.0042319814674556255, 0.004431824199855328, 0.00463166693225503, 0.004831509664654732, 0.005031352397054434, 0.005231195129454136, 0.005431038327515125, 0.00563088059425354, 0.005830723792314529, 0.0060305665247142315, 0.0062304092571139336, 0.006430251989513636, 0.006630094721913338, 0.00682993745431304, 0.007029780186712742, 0.007229623384773731, 0.007429465651512146]}, "gradients/conv1.0.weight": {"_type": "histogram", "values": [1.0, 0.0, 0.0, 0.0, 0.0, 0.0, 0.0, 1.0, 1.0, 1.0, 1.0, 2.0, 3.0, 2.0, 1.0, 2.0, 3.0, 2.0, 3.0, 4.0, 4.0, 3.0, 1.0, 1.0, 2.0, 8.0, 7.0, 11.0, 5.0, 3.0, 5.0, 8.0, 9.0, 14.0, 13.0, 13.0, 7.0, 12.0, 15.0, 10.0, 19.0, 19.0, 21.0, 11.0, 22.0, 13.0, 15.0, 10.0, 17.0, 17.0, 9.0, 14.0, 5.0, 4.0, 7.0, 5.0, 2.0, 2.0, 2.0, 1.0, 0.0, 3.0, 1.0, 3.0],