{"gradients/out.bias": {"_type": "histogram", "values": [1.0, 0.0, 0.0, 0.0, 0.0, 0.0, 0.0, 0.0, 0.0, 0.0, 0.0, 0.0, 0.0, 1.0, 0.0, 0.0, 0.0, 0.0, 1.0, 0.0, 0.0, 1.0, 0.0, 1.0, 1.0, 1.0, 1.0, 0.0, 0.0, 0.0, 0.0, 0.0, 0.0, 0.0, 1.0, 0.0, 0.0, 0.0, 0.0, 0.0, 0.0, 0.0, 0.0, 0.0, 0.0, 0.0, 0.0, 0.0, 0.0, 0.0, 0.0, 0.0, 0.0, 0.0, 0.0, 0.0, 0.0, 0.0, 0.0, 0.0, 0.0, 0.0, 0.0, 1.0], "bins": [-0.0010696295648813248, -0.001026992336846888, -0.0009843549923971295, -0.0009417177061550319, -0.0008990804199129343, -0.0008564431336708367, -0.0008138058474287391, -0.0007711686193943024, -0.0007285312749445438, -0.0006858939887024462, -0.0006432567024603486, -0.000600619416218251, -0.0005579821299761534, -0.0005153448437340558, -0.0004727075865957886, -0.000430070300353691, -0.0003874330432154238, -0.0003447957569733262, -0.0003021584707312286, -0.000259521184489131, -0.00021688391279894859, -0.00017424662655685097, -0.00013160935486666858, -8.897206862457097e-05, -4.6334811486303806e-05, -3.697528882184997e-06, 3.893975372193381e-05, 8.157703268807381e-05, 0.00012421431893017143, 0.00016685160517226905, 0.00020948887686245143, 0.00025212616310454905, 0.0002947634784504771, 0.00033740076469257474, 0.00038003805093467236, 0.00042267533717676997, 0.0004653126234188676, 0.0005079499096609652, 0.0005505871959030628, 0.0005932244239374995, 0.000635861768387258, 0.0006784990546293557, 0.0007211363408714533, 0.0007637736271135509, 0.0008064109133556485, 0.0008490481995977461, 0.0008916854858398438, 0.0009343227138742805, 0.0009769599419087172, 0.0010195971699431539, 0.0010622345143929124, 0.001104871742427349, 0.0011475090868771076, 0.0011901463149115443, 0.0012327836593613029, 0.0012754208873957396, 0.001318058231845498, 0.0013606954598799348, 0.0014033328043296933, 0.00144597003236413, 0.0014886073768138885, 0.0015312446048483253, 0.0015738819492980838, 0.0016165191773325205, 0.001659156521782279]}, "gradients/out.weight": {"_type": "histogram", "values": [1.0, 0.0, 2.0, 2.0, 2.0, 2.0, 1.0, 0.0, 2.0, 1.0, 0.0, 4.0, 4.0, 4.0, 1.0, 7.0, 12.0, 5.0, 4.0, 7.0, 8.0, 15.0, 23.0, 23.0, 18.0, 35.0, 50.0, 57.0, 83.0, 158.0, 183.0, 348.0, 686.0, 2407.0, 9881.0, 570.0, 276.0, 198.0, 135.0, 90.0, 72.0, 69.0, 64.0, 22.0, 31.0, 23.0, 20.0, 17.0, 8.0, 11.0, 11.0, 6.0, 6.0, 6.0, 2.0, 3.0, 1.0, 0.0, 1.0, 1.0, 0.0, 0.0, 0.0, 1.0], "bins": [-0.012210171669721603, -0.011851485818624496, -0.011492800898849964, -0.011134115047752857, -0.01077542919665575, -0.010416744276881218, -0.010058058425784111, -0.009699372574687004, -0.009340687654912472, -0.008982001803815365, -0.008623316884040833, -0.008264631032943726, -0.007905945181846619, -0.007547260262072086, -0.007188574410974979, -0.00682988902553916, -0.006471203174442053, -0.006112517789006233, -0.005753831937909126, -0.005395146552473307, -0.005036461167037487, -0.00467777531594038, -0.0043190899305045605, -0.003960404545068741, -0.003601718693971634, -0.0032430330757051706, -0.002884347690269351, -0.0025256620720028877, -0.002166976686567068, -0.0018082910683006048, -0.0014496054500341415, -0.001090920064598322, -0.0007322346791625023, -0.0003735491482075304, -1.486361725255847e-05, 0.0003438219428062439, 0.0007025074446573853, 0.0010611929465085268, 0.00141987856477499, 0.0017785639502108097, 0.0021372493356466293, 0.0024959349539130926, 0.0028546203393489122, 0.0032133059576153755, 0.003571991343051195, 0.003930676728487015, 0.004289362579584122, 0.004648047965019941, 0.005006733816117048, 0.005365419201552868, 0.005724105052649975, 0.0060827904380857944, 0.006441475823521614, 0.006800161674618721, 0.007158847060054541, 0.00751753244549036, 0.007876218296587467, 0.008234904147684574, 0.008593589067459106, 0.008952274918556213, 0.00931096076965332, 0.009669645689427853, 0.01002833154052496, 0.010387016460299492, 0.010745702311396599]}, "gradients/conv2.0.weight": {"_type": "histogram", "values": [2.0, 2.0, 2.0, 1.0, 4.0, 5.0, 5.0, 4.0, 8.0, 13.0, 10.0, 13.0, 14.0, 23.0, 25.0, 23.0, 40.0, 43.0, 54.0, 56.0, 65.0, 61.0, 102.0, 107.0, 125.0, 187.0, 223.0, 273.0, 343.0, 413.0, 555.0, 637.0, 865.0, 1376.0, 3330.0, 1017.0, 617.0, 429.0, 339.0, 263.0, 226.0, 180.0, 143.0, 119.0, 82.0, 59.0, 57.0, 49.0, 54.0, 38.0, 19.0, 22.0, 17.0, 17.0, 7.0, 12.0, 5.0, 6.0, 3.0, 1.0, 3.0, 4.0, 1.0, 2.0], "bins": [-0.003927257843315601, -0.0038134183268994093, -0.003699579043313861, -0.003585739526897669, -0.003471900010481477, -0.0033580607268959284, -0.0032442212104797363, -0.003130381926894188, -0.003016542410477996, -0.002902702894061804, -0.0027888636104762554, -0.0026750240940600634, -0.0025611845776438713, -0.002447345294058323, -0.002333505777642131, -0.002219666261225939, -0.0021058269776403904, -0.0019919874612241983, -0.0018781480612233281, -0.0017643086612224579, -0.0016504692612215877, -0.0015366298612207174, -0.0014227903448045254, -0.0013089509448036551, -0.0011951113119721413, -0.001081271911971271, -0.0009674324537627399, -0.0008535929955542088, -0.0007397535955533385, -0.0006259141373448074, -0.0005120746791362762, -0.000398235279135406, -0.0002843958791345358, -0.0001705564500298351, -5.671700637321919e-05, 5.712243728339672e-05, 0.0001709618663880974, 0.0002848012954927981, 0.00039864075370132923, 0.0005124801537021995, 0.0006263195537030697, 0.0007401590119116008, 0.0008539984119124711, 0.0009678378701210022, 0.0010816772701218724, 0.0011955166701227427, 0.0013093561865389347, 0.001423195586539805, 0.001537035102955997, 0.0016508745029568672, 0.0017647140193730593, 0.0018785534193739295, 0.0019923928193747997, 0.0021062323357909918, 0.002220071852207184, 0.0023339111357927322, 0.0024477506522089243, 0.0025615901686251163, 0.0026754294522106647, 0.002789268968626857, 0.002903108485043049, 0.0030169477686285973, 0.0031307872850447893, 0.0032446268014609814, 0.0033584660850465298]}, "gradients/conv2.0.bias": {"_type": "histogram", "values": [2.0, 0.0, 0.0, 0.0, 0.0, 0.0, 0.0, 0.0, 0.0, 0.0, 0.0, 0.0, 0.0, 0.0, 0.0, 0.0, 0.0, 1.0, 0.0, 0.0, 0.0, 1.0, 1.0, 0.0, 0.0, 1.0, 1.0, 0.0, 0.0, 0.0, 1.0, 3.0, 2.0, 1.0, 1.0, 2.0, 0.0, 0.0, 1.0, 0.0, 3.0, 0.0, 2.0, 1.0, 1.0, 0.0, 2.0, 2.0, 1.0, 0.0, 0.0, 0.0, 0.0, 0.0, 0.0, 0.0, 0.0, 0.0, 1.0, 0.0, 0.0, 0.0, 0.0, 1.0], "bins": [-0.0014875584747642279, -0.0014487903099507093, -0.001410022028721869, -0.0013712538639083505, -0.0013324855826795101, -0.0012937174178659916, -0.001254949253052473, -0.0012161810882389545, -0.0011774128070101142, -0.0011386446421965957, -0.0010998763609677553, -0.0010611081961542368, -0.0010223400313407183, -0.000983571750111878, -0.0009448035852983594, -0.00090603536227718, -0.0008672671392560005, -0.0008284989162348211, -0.0007897306932136416, -0.0007509625284001231, -0.0007121943053789437, -0.0006734260823577642, -0.0006346579175442457, -0.0005958896945230663, -0.0005571214715018868, -0.0005183532484807074, -0.0004795850545633584, -0.00044081686064600945, -0.00040204863762483, -0.00036328041460365057, -0.0003245122206863016, -0.0002857440267689526, -0.00024697580374777317, -0.00020820759527850896, -0.00016943938680924475, -0.00013067117833998054, -9.190296987071633e-05, -5.3134761401452124e-05, -1.4366552932187915e-05, 2.4401640985161066e-05, 6.31698640063405e-05, 0.00010193807247560471, 0.00014070628094486892, 0.00017947448941413313, 0.00021824269788339734, 0.0002570109209045768, 0.00029577911482192576, 0.00033454730873927474, 0.0003733155317604542, 0.0004120837547816336, 0.0004508519486989826, 0.0004896201426163316, 0.000528388365637511, 0.0005671565886586905, 0.000605924753472209, 0.0006446929764933884, 0.0006834611995145679, 0.0007222294225357473, 0.0007609976455569267, 0.0007997658103704453, 0.0008385340333916247, 0.0008773022564128041, 0.0009160704212263227, 0.0009548386442475021, 0.0009936068672686815]}, "gradients/conv1.0.weight": {"_type": "histogram",