{"gradients/out.bias": {"_type": "histogram", "values": [1.0, 0.0, 0.0, 0.0, 0.0, 0.0, 0.0, 0.0, 0.0, 0.0, 0.0, 0.0, 1.0, 0.0, 0.0, 0.0, 0.0, 0.0, 0.0, 0.0, 0.0, 0.0, 0.0, 0.0, 0.0, 0.0, 1.0, 0.0, 0.0, 2.0, 0.0, 0.0, 0.0, 0.0, 0.0, 0.0, 1.0, 0.0, 0.0, 0.0, 0.0, 0.0, 0.0, 0.0, 0.0, 0.0, 0.0, 0.0, 0.0, 0.0, 0.0, 0.0, 0.0, 0.0, 0.0, 1.0, 1.0, 0.0, 0.0, 0.0, 1.0, 0.0, 0.0, 1.0], "bins": [-0.02383747510612011, -0.02319442853331566, -0.022551381960511208, -0.021908335387706757, -0.021265288814902306, -0.020622242242097855, -0.019979195669293404, -0.019336149096488953, -0.0186931025236845, -0.01805005595088005, -0.0174070093780756, -0.01676396280527115, -0.016120916232466698, -0.015477869659662247, -0.014834823086857796, -0.014191776514053345, -0.013548729009926319, -0.012905682437121868, -0.012262635864317417, -0.011619589291512966, -0.010976542718708515, -0.010333496145904064, -0.009690448641777039, -0.009047402068972588, -0.008404355496168137, -0.007761308923363686, -0.007118262350559235, -0.006475215777754784, -0.005832169204950333, -0.005189122632145882, -0.004546075593680143, -0.0039030290208756924, -0.0032599829137325287, -0.0026169363409280777, -0.0019738897681236267, -0.001330842962488532, -0.0006877963896840811, -4.474981687963009e-05, 0.0005982969887554646, 0.0012413435615599155, 0.0018843896687030792, 0.00252743624150753, 0.003170482814311981, 0.003813529619947076, 0.004456575959920883, 0.005099622532725334, 0.0057426695711910725, 0.0063857161439955235, 0.007028763182461262, 0.007671809755265713, 0.008314856328070164, 0.008957902900874615, 0.009600949473679066, 0.010243996046483517, 0.010887043550610542, 0.011530090123414993, 0.012173136696219444, 0.012816183269023895, 0.013459229841828346, 0.014102276414632797, 0.014745322987437248, 0.0153883695602417, 0.01603141613304615, 0.0166744627058506, 0.017317509278655052]}, "gradients/out.weight": {"_type": "histogram", "values": [2.0, 2.0, 0.0, 3.0, 0.0, 0.0, 0.0, 5.0, 4.0, 13.0, 6.0, 10.0, 16.0, 15.0, 13.0, 19.0, 19.0, 14.0, 25.0, 30.0, 28.0, 34.0, 35.0, 31.0, 60.0, 68.0, 76.0, 105.0, 107.0, 156.0, 203.0, 250.0, 350.0, 486.0, 733.0, 1358.0, 7151.0, 1356.0, 661.0, 461.0, 351.0, 298.0, 214.0, 179.0, 138.0, 120.0, 90.0, 95.0, 66.0, 43.0, 33.0, 37.0, 28.0, 21.0, 17.0, 11.0, 7.0, 8.0, 4.0, 5.0, 3.0, 3.0, 2.0, 2.0], "bins": [-0.17895035445690155, -0.17403294146060944, -0.16911552846431732, -0.1641981154680252, -0.1592807024717331, -0.15436328947544098, -0.14944587647914886, -0.14452847838401794, -0.13961106538772583, -0.13469365239143372, -0.1297762393951416, -0.12485882639884949, -0.11994141340255737, -0.11502400040626526, -0.11010659486055374, -0.10518918186426163, -0.10027176141738892, -0.0953543484210968, -0.09043693542480469, -0.08551952242851257, -0.08060210943222046, -0.07568469643592834, -0.07076729089021683, -0.06584987789392471, -0.0609324648976326, -0.056015051901340485, -0.05109763890504837, -0.046180229634046555, -0.04126281663775444, -0.036345403641462326, -0.03142799437046051, -0.026510581374168396, -0.021593168377876282, -0.016675755381584167, -0.011758344247937202, -0.006840932182967663, -0.0019235201179981232, 0.002993892878293991, 0.007911304011940956, 0.012828715145587921, 0.017746128141880035, 0.02266354113817215, 0.027580952271819115, 0.03249836340546608, 0.037415776401758194, 0.04233318939805031, 0.047250598669052124, 0.05216801166534424, 0.05708542466163635, 0.06200283765792847, 0.06692025065422058, 0.0718376636505127, 0.07675507664680481, 0.08167248964309692, 0.08658989518880844, 0.09150730818510056, 0.09642472118139267, 0.10134213417768478, 0.1062595471739769, 0.11117696017026901, 0.11609436571598053, 0.12101177871227264, 0.12592919170856476, 0.13084660470485687, 0.135764017701149]}, "gradients/conv2.0.weight": {"_type": "histogram", "values": [2.0, 1.0, 4.0, 2.0, 3.0, 5.0, 2.0, 5.0, 10.0, 12.0, 13.0, 11.0, 22.0, 26.0, 41.0, 61.0, 103.0, 145.0, 195.0, 328.0, 489.0, 823.0, 1484.0, 3822.0, 2062.0, 1166.0, 723.0, 414.0, 248.0, 157.0, 112.0, 82.0, 56.0, 46.0, 29.0, 12.0, 10.0, 21.0, 10.0, 2.0, 10.0, 5.0, 6.0, 5.0, 1.0, 2.0, 1.0, 1.0, 2.0, 1.0, 1.0, 0.0, 0.0, 0.0, 1.0, 1.0, 2.0, 0.0, 0.0, 1.0, 0.0, 0.0, 0.0, 1.0], "bins": [-0.03347611054778099, -0.03204856067895889, -0.030621010810136795, -0.029193460941314697, -0.0277659110724926, -0.0263383612036705, -0.024910809472203255, -0.023483259603381157, -0.02205570973455906, -0.02062815986573696, -0.019200609996914864, -0.017773058265447617, -0.01634550839662552, -0.014917959459125996, -0.013490408658981323, -0.012062858790159225, -0.010635308921337128, -0.00920775905251503, -0.007780208718031645, -0.00635265838354826, -0.004925108514726162, -0.003497558645904064, -0.002070007845759392, -0.000642457976937294, 0.000785093754529953, 0.0022126438561826944, 0.003640193957835436, 0.005067744292318821, 0.006495294161140919, 0.007922844029963017, 0.009350394830107689, 0.010777944698929787, 0.012205488979816437, 0.013633038848638535, 0.015060588717460632, 0.01648813858628273, 0.017915688455104828, 0.019343238323926926, 0.020770790055394173, 0.02219833992421627, 0.02362588793039322, 0.025053437799215317, 0.026480987668037415, 0.027908537536859512, 0.02933608740568161, 0.030763637274503708, 0.032191187143325806, 0.0336187407374382, 0.0350462906062603, 0.0364738404750824, 0.037901390343904495, 0.03932894021272659, 0.04075649008154869, 0.04218403995037079, 0.043611593544483185, 0.045039139688014984, 0.04646669328212738, 0.04789424315094948, 0.049321793019771576, 0.050749342888593674, 0.05217689275741577, 0.05360444262623787, 0.05503199249505997, 0.05645954608917236, 0.05788709223270416]}, "gradients/conv2.0.bias": {"_type": "histogram", "values": [1.0, 0.0, 0.0, 0.0, 1.0, 0.0, 0.0, 0.0, 0.0, 1.0, 1.0, 0.0, 0.0, 0.0, 0.0, 1.0, 0.0, 0.0, 0.0, 0.0, 0.0, 2.0, 0.0, 1.0, 3.0, 0.0, 0.0, 0.0, 1.0, 1.0, 0.0, 0.0, 0.0, 1.0, 0.0, 0.0, 0.0, 0.0, 2.0, 1.0, 3.0, 0.0, 0.0, 0.0, 0.0, 2.0, 1.0, 3.0, 0.0, 0.0, 0.0, 1.0, 1.0, 0.0, 1.0, 0.0, 0.0, 1.0, 1.0, 0.0, 0.0, 0.0, 0.0, 1.0], "bins": [-0.00998801738023758, -0.009717414155602455, -0.009446810930967331, -0.009176207706332207, -0.008905604481697083, -0.008635000325739384, -0.00836439710110426, -0.008093793876469135, -0.007823190651834011, -0.007552587427198887, -0.007281984202563763, -0.007011380512267351, -0.006740777287632227, -0.006470174062997103, -0.006199570372700691, -0.005928967148065567, -0.005658363923430443, -0.005387760698795319, -0.005117157474160194, -0.004846553783863783, -0.004575950559228659, -0.0043053473345935345, -0.004034743644297123, -0.0037641404196619987, -0.0034935371950268745, -0.0032229339703917503, -0.0029523305129259825, -0.0026817270554602146, -0.0024111238308250904, -0.002140520606189966, -0.0018699171487241983, -0.0015993138076737523, -0.0013287113979458809, -0.0010581080568954349, -0.0007875047158449888, -0.0005169013747945428, -0.00024629803374409676, 2.4305307306349277e-05, 0.0002949086483567953, 0.0005655119894072413, 0.0008361153304576874, 0.0011067186715081334, 0.0013773220125585794, 0.0016479253536090255, 0.0019185286946594715, 0.0021891319192945957, 0.0024597353767603636, 0.0027303388342261314, 0.0030009420588612556, 0.00327154528349638, 0.0035421487409621477, 0.0038127521984279156, 0.00408335542306304, 0.004353958647698164, 0.0046245623379945755, 0.0048951655626297, 0.005165768787264824, 0.005436372011899948, 0.005706975236535072, 0.005977578926831484, 0.006248182151466608, 0.006518785376101732, 0.006789389066398144, 0.007059992291033268, 0.007330595515668392]}, "gradients/conv1.0.weight": {"_type": "histogram", "values": [2.0, 1.0, 3.0, 2.0, 2.0, 1.0, 3.0, 2.0, 6.0, 7.0, 7.0, 5.0, 10.0, 7.0, 14.0, 13.0, 15.0, 19.0, 23.0, 17.0, 13.0, 26.0, 17.0, 22.0, 19.0, 19.0, 15.0, 7.0, 9.0, 7.0, 9.0, 3.0, 9.0, 4.0, 8.0, 3.0, 3.0, 5.0, 4.0, 5.0, 2.0, 6.0, 1.0, 1.0, 2.0, 1.0, 2.0, 4.0, 5.0, 1.0, 2.0, 2.0, 0.0, 0.0, 0.0, 1.0, 0.0, 0.0, 0.0, 0.0, 0.0, 0.0, 3.0, 1.0],