{"gradients/out.bias": {"_type": "histogram", "values": [1.0, 0.0, 0.0, 0.0, 0.0, 0.0, 0.0, 0.0, 0.0, 0.0, 0.0, 0.0, 0.0, 0.0, 0.0, 1.0, 0.0, 0.0, 0.0, 0.0, 0.0, 0.0, 0.0, 0.0, 0.0, 0.0, 0.0, 1.0, 0.0, 0.0, 0.0, 1.0, 0.0, 2.0, 0.0, 0.0, 0.0, 0.0, 0.0, 0.0, 0.0, 0.0, 0.0, 1.0, 0.0, 0.0, 0.0, 1.0, 0.0, 0.0, 0.0, 0.0, 1.0, 0.0, 0.0, 0.0, 0.0, 0.0, 0.0, 0.0, 0.0, 0.0, 0.0, 1.0], "bins": [-0.03720497712492943, -0.03613629564642906, -0.035067614167928696, -0.03399893268942833, -0.03293025121092796, -0.031861573457717896, -0.03079289011657238, -0.029724208638072014, -0.028655529022216797, -0.02758684754371643, -0.026518166065216064, -0.025449484586715698, -0.02438080497086048, -0.023312123492360115, -0.02224344201385975, -0.021174760535359383, -0.020106079056859016, -0.01903739757835865, -0.017968716099858284, -0.016900036484003067, -0.0158313550055027, -0.014762673527002335, -0.013693992048501968, -0.012625310570001602, -0.011556629091501236, -0.01048794761300087, -0.009419267065823078, -0.008350585587322712, -0.007281904574483633, -0.006213223561644554, -0.005144542083144188, -0.004075861070305109, -0.0030071809887886047, -0.001938499859534204, -0.0008698187302798033, 0.00019886251538991928, 0.0012675435282289982, 0.002336224541068077, 0.0034049060195684433, 0.004473587032407522, 0.0055422671139240265, 0.006610948126763105, 0.007679629139602184, 0.00874831061810255, 0.009816991165280342, 0.010885672643780708, 0.011954354122281075, 0.01302303560078144, 0.014091717079281807, 0.015160398557782173, 0.01622908003628254, 0.017297759652137756, 0.018366441130638123, 0.01943512260913849, 0.020503804087638855, 0.02157248556613922, 0.022641167044639587, 0.023709848523139954, 0.02477853000164032, 0.025847211480140686, 0.026915891095995903, 0.02798457257449627, 0.029053254052996635, 0.030121935531497, 0.03119061514735222]}, "gradients/out.weight": {"_type": "histogram", "values": [1.0, 0.0, 0.0, 0.0, 1.0, 0.0, 2.0, 1.0, 2.0, 3.0, 4.0, 3.0, 4.0, 9.0, 12.0, 15.0, 15.0, 16.0, 29.0, 28.0, 41.0, 52.0, 67.0, 62.0, 79.0, 82.0, 101.0, 119.0, 154.0, 192.0, 272.0, 395.0, 534.0, 769.0, 1382.0, 5255.0, 2409.0, 994.0, 610.0, 446.0, 336.0, 225.0, 184.0, 149.0, 104.0, 113.0, 78.0, 62.0, 55.0, 54.0, 37.0, 33.0, 19.0, 13.0, 20.0, 13.0, 4.0, 5.0, 2.0, 4.0, 4.0, 2.0, 1.0, 3.0], "bins": [-0.24407967925071716, -0.2372400313615799, -0.23040038347244263, -0.22356073558330536, -0.2167210876941681, -0.20988143980503082, -0.20304179191589355, -0.1962021440267563, -0.18936249613761902, -0.18252284824848175, -0.17568320035934448, -0.16884355247020721, -0.16200390458106995, -0.15516425669193268, -0.1483246088027954, -0.14148496091365814, -0.13464531302452087, -0.1278056651353836, -0.12096601724624634, -0.11412636935710907, -0.1072867214679718, -0.10044707357883453, -0.09360742568969727, -0.08676777780056, -0.07992814481258392, -0.07308849692344666, -0.06624884903430939, -0.05940920114517212, -0.05256955325603485, -0.04572990909218788, -0.03889026120305061, -0.032050613313913345, -0.02521096169948578, -0.01837131381034851, -0.011531666852533817, -0.004692019894719124, 0.0021476279944181442, 0.008987274020910263, 0.01582692191004753, 0.0226665697991848, 0.029506221413612366, 0.036345869302749634, 0.0431855171918869, 0.05002516508102417, 0.05686481297016144, 0.0637044608592987, 0.07054410874843597, 0.07738375663757324, 0.08422339707612991, 0.09106304496526718, 0.09790269285440445, 0.10474234074354172, 0.11158198863267899, 0.11842162907123566, 0.12526127696037292, 0.1321009248495102, 0.13894057273864746, 0.14578022062778473, 0.152619868516922, 0.15945951640605927, 0.16629916429519653, 0.1731388121843338, 0.17997846007347107, 0.18681810796260834, 0.1936577558517456]}, "gradients/conv2.0.weight": {"_type": "histogram", "values": [1.0, 0.0, 1.0, 2.0, 4.0, 0.0, 5.0, 2.0, 4.0, 4.0, 4.0, 6.0, 8.0, 6.0, 6.0, 7.0, 6.0, 12.0, 24.0, 20.0, 25.0, 48.0, 31.0, 48.0, 52.0, 49.0, 83.0, 110.0, 130.0, 138.0, 174.0, 274.0, 341.0, 465.0, 732.0, 1077.0, 4981.0, 1381.0, 713.0, 459.0, 300.0, 223.0, 181.0, 148.0, 99.0, 87.0, 57.0, 43.0, 36.0, 19.0, 26.0, 32.0, 17.0, 18.0, 17.0, 15.0, 13.0, 10.0, 7.0, 6.0, 6.0, 1.0, 2.0, 4.0], "bins": [-0.047051701694726944, -0.045772161334753036, -0.04449262470006943, -0.04321308434009552, -0.04193354770541191, -0.040654007345438004, -0.039374470710754395, -0.03809493035078049, -0.03681538999080658, -0.03553584963083267, -0.03425631299614906, -0.032976772636175156, -0.03169723600149155, -0.03041769564151764, -0.02913815714418888, -0.027858618646860123, -0.026579082012176514, -0.025299543514847755, -0.024020005017518997, -0.02274046652019024, -0.02146092802286148, -0.020181387662887573, -0.018901849165558815, -0.017622310668230057, -0.0163427721709013, -0.01506323367357254, -0.013783695176243782, -0.01250415574759245, -0.011224617250263691, -0.009945078752934933, -0.0086655393242836, -0.007386000826954842, -0.006106466054916382, -0.004826927557587624, -0.003547388594597578, -0.002267849864438176, -0.0009883111342787743, 0.000291227363049984, 0.0015707663260400295, 0.002850305289030075, 0.004129843786358833, 0.0054093822836875916, 0.006688921246677637, 0.007968460209667683, 0.009247998706996441, 0.010527537204325199, 0.011807076632976532, 0.01308661513030529, 0.014366153627634048, 0.015645692124962807, 0.016925230622291565, 0.018204769119620323, 0.01948430761694908, 0.02076384797692299, 0.022043386474251747, 0.023322924971580505, 0.024602463468909264, 0.025882001966238022, 0.02716154046356678, 0.02844107896089554, 0.029720619320869446, 0.031000155955553055, 0.03227969631552696, 0.03355923295021057, 0.03483877331018448]}, "gradients/conv2.0.bias": {"_type": "histogram", "values": [1.0, 0.0, 0.0, 0.0, 0.0, 0.0, 0.0, 1.0, 0.0, 0.0, 0.0, 0.0, 1.0, 1.0, 0.0, 1.0, 0.0, 0.0, 1.0, 1.0, 0.0, 0.0, 0.0, 0.0, 1.0, 1.0, 2.0, 1.0, 0.0, 1.0, 1.0, 1.0, 0.0, 0.0, 1.0, 2.0, 0.0, 0.0, 0.0, 1.0, 1.0, 0.0, 2.0, 1.0, 0.0, 1.0, 0.0, 0.0, 0.0, 0.0, 1.0, 0.0, 1.0, 0.0, 0.0, 1.0, 0.0, 1.0, 0.0, 1.0, 1.0, 0.0, 1.0, 1.0], "bins": [-0.02326703444123268, -0.022718461230397224, -0.022169889882206917, -0.02162131667137146, -0.021072745323181152, -0.020524172112345695, -0.019975600764155388, -0.01942702755331993, -0.018878456205129623, -0.018329882994294167, -0.01778131164610386, -0.017232738435268402, -0.016684167087078094, -0.016135593876242638, -0.01558702252805233, -0.015038449317216873, -0.014489877037703991, -0.013941304758191109, -0.013392732478678226, -0.012844160199165344, -0.012295587919652462, -0.01174701564013958, -0.011198442429304123, -0.010649871081113815, -0.010101297870278358, -0.009552725590765476, -0.009004153311252594, -0.008455581031739712, -0.00790700875222683, -0.007358436472713947, -0.006809863727539778, -0.0062612914480268955, -0.005712718702852726, -0.005164146423339844, -0.0046155741438269615, -0.004067001864314079, -0.0035184293519705534, -0.002969857072457671, -0.0024212845601141453, -0.001872712280601263, -0.0013241404667496681, -0.000775568129029125, -0.00022699579130858183, 0.00032157660461962223, 0.0008701488841325045, 0.0014187211636453867, 0.0019672936759889126, 0.002515865955501795, 0.0030644387006759644, 0.0036130109801888466, 0.004161583259701729, 0.004710155539214611, 0.005258727818727493, 0.0058073000982403755, 0.006355872843414545, 0.006904445122927427, 0.0074530174024403095, 0.008001590147614479, 0.008550162427127361, 0.009098734706640244, 0.009647306986153126, 0.010195879265666008, 0.01074445154517889, 0.011293023824691772, 0.011841596104204655]}, "gradients/conv1.0.weight": {"_type": "histogram", "values": [2.0, 1.0, 1.0, 0.0, 0.0, 0.0, 0.0, 1.0, 1.0, 3.0, 3.0, 0.0, 1.0, 2.0, 3.0, 3.0, 3.0, 1.0, 7.0, 7.0, 9.0, 7.0, 10.0, 7.0, 11.0, 5.0, 7.0, 5.0, 12.0, 15.0, 17.0, 21.0, 89.0, 35.0, 16.0, 13.0, 7.0, 3.0, 4.0, 6.0, 7.0, 3.0, 4.0, 7.0, 6.0, 2.0, 4.0, 2.0, 0.0, 4.0, 3.0, 2.0, 0.0, 3.0, 2.0, 2.0, 1.0, 1.0, 1.0, 0.0, 1.0, 2.0, 3.0, 2.0],