{"gradients/out.bias": {"_type": "histogram", "values": [1.0, 0.0, 0.0, 0.0, 0.0, 0.0, 0.0, 0.0, 0.0, 0.0, 0.0, 0.0, 0.0, 0.0, 0.0, 0.0, 0.0, 1.0, 0.0, 0.0, 0.0, 0.0, 0.0, 0.0, 0.0, 0.0, 0.0, 0.0, 0.0, 0.0, 0.0, 0.0, 0.0, 2.0, 1.0, 1.0, 0.0, 0.0, 1.0, 1.0, 0.0, 0.0, 0.0, 0.0, 0.0, 0.0, 0.0, 0.0, 0.0, 0.0, 1.0, 0.0, 0.0, 0.0, 0.0, 0.0, 0.0, 0.0, 0.0, 0.0, 0.0, 0.0, 0.0, 1.0], "bins": [-0.009680083021521568, -0.009401606395840645, -0.009123129770159721, -0.008844653144478798, -0.008566176518797874, -0.008287699893116951, -0.008009223267436028, -0.007730746176093817, -0.007452269084751606, -0.0071737924590706825, -0.006895315833389759, -0.006616839207708836, -0.006338362116366625, -0.006059885490685701, -0.005781408865004778, -0.0055029322393238544, -0.005224455613642931, -0.0049459789879620075, -0.004667502362281084, -0.004389025270938873, -0.00411054864525795, -0.0038320720195770264, -0.003553595393896103, -0.0032751187682151794, -0.002996642142534256, -0.0027181655168533325, -0.0024396886583417654, -0.002161212032660842, -0.0018827352905645967, -0.0016042585484683514, -0.001325781922787428, -0.0010473051806911826, -0.0007688282057642937, -0.0004903514636680484, -0.000211874779779464, 6.660190410912037e-05, 0.00034507864620536566, 0.000623555388301611, 0.0009020320139825344, 0.0011805087560787797, 0.0014589857310056686, 0.001737462473101914, 0.0020159392151981592, 0.0022944158408790827, 0.00257289269939065, 0.0028513693250715733, 0.0031298459507524967, 0.00340832257643342, 0.0036867992021143436, 0.003965275827795267, 0.004243752453476191, 0.004522229544818401, 0.004800706170499325, 0.005079182796180248, 0.005357659421861172, 0.005636136047542095, 0.005914612673223019, 0.006193089298903942, 0.006471565924584866, 0.006750042550265789, 0.007028519641608, 0.007306996267288923, 0.007585472892969847, 0.007863949984312057, 0.008142426609992981]}, "gradients/out.weight": {"_type": "histogram", "values": [1.0, 1.0, 0.0, 0.0, 0.0, 0.0, 2.0, 1.0, 2.0, 4.0, 1.0, 4.0, 5.0, 0.0, 4.0, 4.0, 6.0, 6.0, 9.0, 16.0, 10.0, 22.0, 24.0, 18.0, 44.0, 47.0, 53.0, 72.0, 92.0, 101.0, 153.0, 211.0, 282.0, 1893.0, 11158.0, 530.0, 252.0, 157.0, 116.0, 83.0, 70.0, 50.0, 32.0, 20.0, 27.0, 18.0, 19.0, 11.0, 11.0, 10.0, 3.0, 4.0, 4.0, 4.0, 4.0, 3.0, 1.0, 2.0, 1.0, 0.0, 0.0, 1.0, 0.0, 1.0], "bins": [-0.07996058464050293, -0.07760990411043167, -0.07525923103094101, -0.07290855050086975, -0.07055786997079849, -0.06820718944072723, -0.06585651636123657, -0.06350583583116531, -0.061155159026384354, -0.058804482221603394, -0.056453801691532135, -0.054103124886751175, -0.051752448081970215, -0.049401767551898956, -0.047051090747117996, -0.044700413942337036, -0.04234973341226578, -0.03999905660748482, -0.03764837607741356, -0.0352976992726326, -0.03294701874256134, -0.03059634193778038, -0.02824566513299942, -0.02589498646557331, -0.0235443077981472, -0.021193629130721092, -0.018842950463294983, -0.016492273658514023, -0.014141594991087914, -0.011790916323661804, -0.00944023858755827, -0.007089560851454735, -0.0047388821840286255, -0.0023882039822638035, -3.7525780498981476e-05, 0.0023131524212658405, 0.0046638306230306625, 0.007014509290456772, 0.009365187026560307, 0.011715864762663841, 0.01406654343008995, 0.01641722209751606, 0.01876790076494217, 0.02111857756972313, 0.02346925623714924, 0.025819934904575348, 0.028170611709356308, 0.030521290376782417, 0.03287196904420853, 0.03522264584898949, 0.037573326379060745, 0.039924003183841705, 0.042274683713912964, 0.044625360518693924, 0.046976037323474884, 0.04932671785354614, 0.0516773946583271, 0.05402807146310806, 0.05637875199317932, 0.05872942879796028, 0.06108010560274124, 0.0634307861328125, 0.06578146666288376, 0.06813213974237442, 0.07048282027244568]}, "gradients/conv2.0.weight": {"_type": "histogram", "values": [2.0, 5.0, 3.0, 2.0, 7.0, 9.0, 6.0, 11.0, 18.0, 26.0, 33.0, 31.0, 50.0, 53.0, 58.0, 51.0, 88.0, 82.0, 105.0, 136.0, 164.0, 206.0, 331.0, 467.0, 634.0, 1008.0, 2982.0, 1934.0, 1077.0, 776.0, 521.0, 395.0, 288.0, 252.0, 194.0, 149.0, 122.0, 90.0, 78.0, 67.0, 45.0, 42.0, 31.0, 31.0, 19.0, 20.0, 20.0, 11.0, 8.0, 5.0, 9.0, 5.0, 7.0, 6.0, 11.0, 1.0, 5.0, 4.0, 4.0, 0.0, 0.0, 2.0, 2.0, 1.0], "bins": [-0.02135055884718895, -0.0205547958612442, -0.019759032875299454, -0.018963269889354706, -0.018167508766055107, -0.01737174578011036, -0.01657598279416561, -0.015780219808220863, -0.01498445775359869, -0.014188694767653942, -0.013392932713031769, -0.012597169727087021, -0.011801406741142273, -0.0110056446865201, -0.010209881700575352, -0.009414119645953178, -0.00861835666000843, -0.007822593674063683, -0.007026831619441509, -0.006231068633496761, -0.005435306113213301, -0.00463954359292984, -0.003843780606985092, -0.0030480180867016315, -0.0022522546350955963, -0.0014564919983968139, -0.0006607293616980314, 0.00013503339141607285, 0.0009307959116995335, 0.001726558431982994, 0.002522321417927742, 0.0033180839382112026, 0.004113845527172089, 0.004909608047455549, 0.00570537056773901, 0.006501133553683758, 0.007296896073967218, 0.008092658594250679, 0.008888421580195427, 0.009684184566140175, 0.010479945689439774, 0.011275708675384521, 0.012071470730006695, 0.012867233715951443, 0.013662995770573616, 0.014458758756518364, 0.015254521742463112, 0.01605028472840786, 0.016846047714352608, 0.017641810700297356, 0.018437573686242104, 0.019233334809541702, 0.02002909779548645, 0.020824860781431198, 0.021620623767375946, 0.022416386753320694, 0.023212149739265442, 0.02400791272521019, 0.024803675711154938, 0.025599438697099686, 0.026395199820399284, 0.027190962806344032, 0.02798672579228878, 0.028782488778233528, 0.029578249901533127]}, "gradients/conv2.0.bias": {"_type": "histogram", "values": [1.0, 0.0, 1.0, 0.0, 0.0, 0.0, 0.0, 0.0, 1.0, 0.0, 0.0, 0.0, 0.0, 0.0, 0.0, 0.0, 1.0, 0.0, 0.0, 1.0, 0.0, 3.0, 1.0, 0.0, 1.0, 0.0, 1.0, 6.0, 4.0, 3.0, 1.0, 0.0, 0.0, 0.0, 0.0, 0.0, 1.0, 0.0, 0.0, 0.0, 1.0, 2.0, 1.0, 0.0, 0.0, 0.0, 0.0, 1.0, 0.0, 0.0, 0.0, 0.0, 0.0, 0.0, 0.0, 0.0, 0.0, 0.0, 0.0, 0.0, 0.0, 0.0, 0.0, 1.0], "bins": [-0.007502393331378698, -0.007223478052765131, -0.006944562774151564, -0.006665647029876709, -0.006386731751263142, -0.006107816472649574, -0.005828901194036007, -0.00554998591542244, -0.005271070636808872, -0.004992155358195305, -0.0047132400795817375, -0.00443432480096817, -0.0041554090566933155, -0.003876493778079748, -0.003597578499466181, -0.0033186632208526134, -0.003039747476577759, -0.0027608321979641914, -0.0024819166865199804, -0.002203001407906413, -0.001924086012877524, -0.0016451706178486347, -0.0013662553392350674, -0.0010873399442061782, -0.0008084247820079327, -0.0005295093869790435, -0.0002505940501578152, 2.8321286663413048e-05, 0.0003072366816923022, 0.0005861520767211914, 0.0008650673553347588, 0.001143982750363648, 0.001422898843884468, 0.0017018142389133573, 0.0019807296339422464, 0.002259644912555814, 0.002538560424000025, 0.002817475702613592, 0.0030963909812271595, 0.003375306259840727, 0.0036542220041155815, 0.003933137282729149, 0.004212052561342716, 0.004490967839956284, 0.004769883584231138, 0.005048798862844706, 0.005327714141458273, 0.00560662942007184, 0.005885544698685408, 0.006164459977298975, 0.006443375255912542, 0.006722291000187397, 0.007001206278800964, 0.007280121557414532, 0.007559036836028099, 0.007837952114641666, 0.008116867393255234, 0.008395782671868801, 0.008674697950482368, 0.008953613229095936, 0.009232528507709503, 0.009511444717645645, 0.009790359064936638, 0.01006927527487278, 0.010348190553486347]}, "gradients/conv1.0.weight": {"_type": "histogram", "values": [1.0, 0.0, 0.0, 0.0, 2.0, 4.0, 2.0, 5.0, 5.0, 6.0, 1.0, 7.0, 5.0, 2.0, 2.0, 4.0, 2.0, 5.0, 10.0, 6.0, 6.0, 18.0, 7.0, 13.0, 10.0, 8.0, 11.0, 13.0, 8.0, 8.0, 9.0, 20.0, 25.0, 28.0, 26.0, 18.0, 11.0, 12.0, 9.0, 8.0, 9.0, 7.0, 6.0, 9.0, 8.0, 3.0, 3.0, 4.0, 4.0, 1.0, 1.0, 0.0, 2.0, 1.0, 0.0, 2.0, 0.0, 1.0, 0.0, 0.0, 1.0, 0.0, 0.0, 1.0],