{"gradients/out.bias": {"_type": "histogram", "values": [1.0, 0.0, 0.0, 0.0, 0.0, 0.0, 0.0, 0.0, 0.0, 0.0, 0.0, 0.0, 0.0, 0.0, 0.0, 0.0, 0.0, 0.0, 0.0, 0.0, 0.0, 0.0, 0.0, 0.0, 0.0, 0.0, 0.0, 0.0, 1.0, 0.0, 0.0, 1.0, 1.0, 0.0, 1.0, 1.0, 1.0, 0.0, 1.0, 0.0, 0.0, 0.0, 0.0, 1.0, 0.0, 0.0, 0.0, 0.0, 0.0, 0.0, 0.0, 0.0, 0.0, 0.0, 0.0, 0.0, 0.0, 0.0, 0.0, 0.0, 0.0, 0.0, 0.0, 1.0], "bins": [-0.0011479939566925168, -0.0011147259501740336, -0.0010814578272402287, -0.0010481898207217455, -0.0010149218142032623, -0.0009816536912694573, -0.0009483856847509742, -0.0009151176200248301, -0.000881849555298686, -0.000848581490572542, -0.0008153134258463979, -0.0007820454193279147, -0.0007487773546017706, -0.0007155092898756266, -0.0006822412833571434, -0.0006489732186309993, -0.0006157051539048553, -0.0005824370891787112, -0.0005491690244525671, -0.0005159010179340839, -0.00048263295320793986, -0.0004493648884817958, -0.00041609685285948217, -0.00038282881723716855, -0.0003495607525110245, -0.0003162926877848804, -0.0002830246521625668, -0.00024975661654025316, -0.0002164885518141091, -0.00018322050163988024, -0.0001499524514656514, -0.00011668440129142255, -8.34163511171937e-05, -5.014830094296485e-05, -1.6880250768736005e-05, 1.6387799405492842e-05, 4.965584957972169e-05, 8.292389975395054e-05, 0.00011619194992817938, 0.00014946000010240823, 0.00018272805027663708, 0.00021599610045086592, 0.00024926415062509477, 0.0002825321862474084, 0.00031580025097355247, 0.00034906831569969654, 0.00038233635132201016, 0.0004156043869443238, 0.00044887245167046785, 0.00048214051639661193, 0.000515408581122756, 0.0005486765876412392, 0.0005819446523673832, 0.0006152127170935273, 0.0006484807236120105, 0.0006817487883381546, 0.0007150168530642986, 0.0007482849177904427, 0.0007815529825165868, 0.0008148209890350699, 0.000848089053761214, 0.0008813571184873581, 0.0009146251250058413, 0.0009478931897319853, 0.0009811612544581294]}, "gradients/out.weight": {"_type": "histogram", "values": [1.0, 1.0, 2.0, 1.0, 1.0, 1.0, 1.0, 3.0, 1.0, 4.0, 1.0, 9.0, 3.0, 4.0, 8.0, 2.0, 4.0, 13.0, 10.0, 10.0, 13.0, 19.0, 26.0, 28.0, 40.0, 34.0, 48.0, 57.0, 75.0, 96.0, 161.0, 317.0, 977.0, 12185.0, 633.0, 261.0, 157.0, 103.0, 68.0, 41.0, 45.0, 39.0, 38.0, 28.0, 14.0, 16.0, 13.0, 11.0, 10.0, 5.0, 3.0, 7.0, 5.0, 7.0, 3.0, 4.0, 2.0, 1.0, 2.0, 2.0, 1.0, 0.0, 3.0, 2.0], "bins": [-0.009282811544835567, -0.009004482999444008, -0.008726153522729874, -0.008447824977338314, -0.008169496431946754, -0.00789116695523262, -0.007612838409841061, -0.007334509864449501, -0.007056180853396654, -0.006777851842343807, -0.006499523296952248, -0.006221194285899401, -0.005942865274846554, -0.005664536729454994, -0.005386207718402147, -0.0051078787073493, -0.004829550161957741, -0.004551221150904894, -0.004272892605513334, -0.003994563594460487, -0.003716234816238284, -0.003437906038016081, -0.003159577026963234, -0.0028812482487410307, -0.0026029194705188274, -0.002324590692296624, -0.002046261914074421, -0.001767932903021574, -0.0014896041247993708, -0.0012112753465771675, -0.0009329464519396424, -0.0006546175573021173, -0.0003762897104024887, -9.796087397262454e-05, 0.00018036796245723963, 0.0004586967988871038, 0.000737025635316968, 0.0010153544135391712, 0.0012936833081766963, 0.0015720122028142214, 0.0018503409810364246, 0.002128669759258628, 0.002406998537480831, 0.002685327548533678, 0.0029636563267558813, 0.0032419851049780846, 0.0035203141160309315, 0.0037986428942531347, 0.004076971672475338, 0.004355300683528185, 0.0046336292289197445, 0.004911958239972591, 0.005190286785364151, 0.005468615796416998, 0.005746944807469845, 0.006025273352861404, 0.006303602363914251, 0.006581931374967098, 0.006860259920358658, 0.007138588931411505, 0.007416917942464352, 0.007695246487855911, 0.00797357503324747, 0.008251904509961605, 0.008530233055353165]}, "gradients/conv2.0.weight": {"_type": "histogram", "values": [1.0, 1.0, 1.0, 4.0, 3.0, 0.0, 4.0, 2.0, 3.0, 2.0, 5.0, 6.0, 11.0, 27.0, 27.0, 45.0, 53.0, 63.0, 84.0, 124.0, 160.0, 222.0, 277.0, 383.0, 548.0, 878.0, 1498.0, 2992.0, 2371.0, 1056.0, 567.0, 322.0, 253.0, 162.0, 136.0, 113.0, 81.0, 66.0, 45.0, 36.0, 24.0, 38.0, 17.0, 18.0, 13.0, 9.0, 11.0, 8.0, 5.0, 5.0, 4.0, 2.0, 2.0, 3.0, 2.0, 3.0, 0.0, 0.0, 1.0, 1.0, 0.0, 0.0, 1.0, 1.0], "bins": [-0.0033196539152413607, -0.0032008150592446327, -0.003081975970417261, -0.002963137114420533, -0.0028442982584238052, -0.0027254594024270773, -0.0026066205464303493, -0.0024877814576029778, -0.00236894260160625, -0.002250103745609522, -0.0021312646567821503, -0.0020124258007854223, -0.0018935869447886944, -0.0017747480887919664, -0.0016559091163799167, -0.001537070143967867, -0.001418231287971139, -0.001299392431974411, -0.0011805534595623612, -0.0010617144871503115, -0.0009428756311535835, -0.0008240367169491947, -0.0007051978027448058, -0.000586358888540417, -0.0004675199743360281, -0.00034868106013163924, -0.00022984214592725039, -0.00011100323172286153, 7.835682481527328e-06, 0.00012667459668591619, 0.00024551351089030504, 0.0003643524250946939, 0.0004831911064684391, 0.000602030020672828, 0.0007208689348772168, 0.0008397078490816057, 0.0009585467632859945, 0.0010773856192827225, 0.0011962245916947722, 0.001315063564106822, 0.00143390242010355, 0.001552741276100278, 0.0016715802485123277, 0.0017904192209243774, 0.0019092580769211054, 0.0020280969329178333, 0.002146936021745205, 0.002265774877741933, 0.002384613733738661, 0.0025034525897353888, 0.0026222914457321167, 0.0027411305345594883, 0.0028599693905562162, 0.002978808246552944, 0.0030976473353803158, 0.0032164861913770437, 0.0033353250473737717, 0.0034541639033704996, 0.0035730027593672276, 0.003691841848194599, 0.003810680704191327, 0.003929519560188055, 0.004048358649015427, 0.004167197272181511, 0.0042860363610088825]}, "gradients/conv2.0.bias": {"_type": "histogram", "values": [1.0, 0.0, 1.0, 1.0, 0.0, 0.0, 0.0, 0.0, 1.0, 0.0, 0.0, 2.0, 0.0, 1.0, 0.0, 1.0, 0.0, 0.0, 0.0, 1.0, 1.0, 0.0, 0.0, 1.0, 1.0, 0.0, 2.0, 1.0, 1.0, 1.0, 2.0, 0.0, 2.0, 0.0, 2.0, 1.0, 1.0, 1.0, 1.0, 0.0, 0.0, 1.0, 1.0, 0.0, 0.0, 1.0, 0.0, 0.0, 0.0, 0.0, 1.0, 0.0, 0.0, 0.0, 0.0, 0.0, 0.0, 0.0, 0.0, 0.0, 0.0, 0.0, 0.0, 1.0], "bins": [-0.0006219955976121128, -0.0006005461327731609, -0.0005790966679342091, -0.0005576472030952573, -0.0005361977382563055, -0.0005147482734173536, -0.0004932988085784018, -0.00047184934373945, -0.00045039987890049815, -0.0004289504140615463, -0.0004075009492225945, -0.0003860514843836427, -0.00036460201954469085, -0.000343152554705739, -0.0003217030898667872, -0.00030025362502783537, -0.00027880416018888354, -0.0002573546953499317, -0.0002359052305109799, -0.00021445576567202806, -0.00019300630083307624, -0.0001715568359941244, -0.00015010737115517259, -0.00012865790631622076, -0.00010720844147726893, -8.575897663831711e-05, -6.430951179936528e-05, -4.2860046960413456e-05, -2.141058212146163e-05, 3.888271749019623e-08, 2.1488347556442022e-05, 4.293781239539385e-05, 6.438733544200659e-05, 8.583680028095841e-05, 0.00010728626511991024, 0.00012873572995886207, 0.0001501851947978139, 0.00017163465963676572, 0.00019308412447571754, 0.00021453358931466937, 0.0002359830541536212, 0.000257432518992573, 0.00027888198383152485, 0.0003003314486704767, 0.0003217809135094285, 0.00034323037834838033, 0.00036467984318733215, 0.000386129308026284, 0.0004075787728652358, 0.00042902823770418763, 0.00045047770254313946, 0.0004719271673820913, 0.0004933766322210431, 0.0005148260970599949, 0.0005362755618989468, 0.0005577250267378986, 0.0005791744915768504, 0.0006006239564158022, 0.0006220734212547541, 0.0006435228860937059, 0.0006649723509326577, 0.0006864218157716095, 0.0007078712806105614, 0.0007293207454495132, 0.000750770210288465]}, "gradients/conv1.0.weight": {"_type": "histogram",