{"gradients/out.bias": {"_type": "histogram", "values": [1.0, 0.0, 1.0, 0.0, 0.0, 0.0, 0.0, 0.0, 0.0, 0.0, 0.0, 0.0, 0.0, 0.0, 0.0, 0.0, 0.0, 0.0, 0.0, 0.0, 0.0, 1.0, 1.0, 0.0, 0.0, 0.0, 0.0, 0.0, 0.0, 0.0, 0.0, 0.0, 1.0, 0.0, 0.0, 0.0, 1.0, 0.0, 0.0, 1.0, 0.0, 0.0, 0.0, 0.0, 0.0, 0.0, 0.0, 1.0, 0.0, 0.0, 0.0, 0.0, 0.0, 0.0, 0.0, 0.0, 0.0, 0.0, 0.0, 0.0, 0.0, 0.0, 1.0, 1.0], "bins": [-0.009891320019960403, -0.0095914201810956, -0.009291520342230797, -0.008991621434688568, -0.008691721595823765, -0.008391821756958961, -0.008091921918094158, -0.007792022079229355, -0.007492122706025839, -0.0071922228671610355, -0.0068923234939575195, -0.006592423655092716, -0.006292523816227913, -0.005992624443024397, -0.005692724604159594, -0.005392825230956078, -0.005092925392091274, -0.004793025553226471, -0.004493126180022955, -0.004193226341158152, -0.003893326735123992, -0.0035934271290898323, -0.003293527290225029, -0.0029936276841908693, -0.0026937280781567097, -0.00239382847212255, -0.0020939288660883904, -0.001794029027223587, -0.0014941294211894274, -0.0011942298151552677, -0.0008943300927057862, -0.0005944303702563047, -0.0002945307642221451, 5.368900019675493e-06, 0.00030526856426149607, 0.0006051682285033166, 0.0009050678927451372, 0.0012049674987792969, 0.0015048672212287784, 0.0018047669436782598, 0.0021046665497124195, 0.002404566155746579, 0.002704465761780739, 0.003004365600645542, 0.003304265206679702, 0.0036041648127138615, 0.0039040646515786648, 0.004203964024782181, 0.004503863863646984, 0.004803763702511787, 0.005103663075715303, 0.005403562914580107, 0.005703462287783623, 0.006003362126648426, 0.006303261965513229, 0.006603161804378033, 0.006903061177581549, 0.007202961016446352, 0.007502860389649868, 0.007802760228514671, 0.008102660067379475, 0.008402559906244278, 0.008702458813786507, 0.00900235865265131, 0.009302258491516113]}, "gradients/out.weight": {"_type": "histogram", "values": [4.0, 0.0, 0.0, 1.0, 1.0, 3.0, 3.0, 6.0, 5.0, 5.0, 13.0, 12.0, 6.0, 12.0, 12.0, 24.0, 25.0, 30.0, 24.0, 41.0, 45.0, 40.0, 55.0, 63.0, 77.0, 85.0, 127.0, 141.0, 180.0, 242.0, 288.0, 416.0, 489.0, 710.0, 1786.0, 7054.0, 865.0, 535.0, 390.0, 321.0, 258.0, 208.0, 202.0, 169.0, 138.0, 140.0, 83.0, 59.0, 87.0, 46.0, 51.0, 21.0, 25.0, 23.0, 6.0, 9.0, 5.0, 4.0, 3.0, 3.0, 0.0, 2.0, 1.0, 1.0], "bins": [-0.07453934848308563, -0.07242152094841003, -0.07030368596315384, -0.06818585842847824, -0.06606802344322205, -0.06395019590854645, -0.06183236464858055, -0.059714533388614655, -0.05759670212864876, -0.05547887086868286, -0.053361039608716965, -0.05124320834875107, -0.04912538081407547, -0.047007545828819275, -0.04488971829414368, -0.04277188703417778, -0.040654055774211884, -0.03853622451424599, -0.03641839325428009, -0.034300561994314194, -0.0321827307343483, -0.03006490133702755, -0.027947071939706802, -0.025829240679740906, -0.02371140941977501, -0.021593578159809113, -0.019475746899843216, -0.01735791750252247, -0.015240086242556572, -0.013122254982590675, -0.011004424653947353, -0.008886594325304031, -0.006768759340047836, -0.004650928545743227, -0.0025330977514386177, -0.0004152669571340084, 0.0017025638371706009, 0.0038203950971364975, 0.0059382254257798195, 0.008056055754423141, 0.010173887014389038, 0.012291718274354935, 0.014409548602998257, 0.01652737893164158, 0.018645210191607475, 0.020763041451573372, 0.02288087084889412, 0.024998702108860016, 0.027116533368825912, 0.02923436462879181, 0.031352195888757706, 0.0334700271487236, 0.0355878546833992, 0.037705689668655396, 0.039823517203330994, 0.04194134846329689, 0.04405917972326279, 0.046177010983228683, 0.04829484224319458, 0.05041267350316048, 0.05253050476312637, 0.05464833229780197, 0.05676616355776787, 0.058883994817733765, 0.06100182607769966]}, "gradients/conv2.0.weight": {"_type": "histogram", "values": [2.0, 0.0, 2.0, 1.0, 1.0, 1.0, 5.0, 2.0, 7.0, 6.0, 9.0, 6.0, 8.0, 8.0, 16.0, 17.0, 20.0, 12.0, 24.0, 35.0, 49.0, 49.0, 77.0, 72.0, 109.0, 143.0, 184.0, 247.0, 333.0, 506.0, 677.0, 1104.0, 1681.0, 3588.0, 1341.0, 794.0, 437.0, 290.0, 212.0, 149.0, 121.0, 90.0, 78.0, 61.0, 50.0, 44.0, 24.0, 26.0, 14.0, 10.0, 13.0, 6.0, 13.0, 2.0, 5.0, 7.0, 3.0, 2.0, 2.0, 2.0, 1.0, 1.0, 0.0, 1.0], "bins": [-0.023856792598962784, -0.023143593221902847, -0.02243039384484291, -0.021717192605137825, -0.02100399322807789, -0.020290793851017952, -0.019577592611312866, -0.01886439323425293, -0.018151193857192993, -0.017437994480133057, -0.01672479510307312, -0.016011593863368034, -0.015298394486308098, -0.014585195109248161, -0.01387199480086565, -0.013158794492483139, -0.012445595115423203, -0.011732395738363266, -0.011019195429980755, -0.010305995121598244, -0.009592795744538307, -0.00887959636747837, -0.00816639605909586, -0.007453196216374636, -0.006739996373653412, -0.006026796530932188, -0.005313596688210964, -0.00460039684548974, -0.0038871970027685165, -0.0031739971600472927, -0.002460797317326069, -0.001747597474604845, -0.0010343976318836212, -0.0003211977891623974, 0.00039200205355882645, 0.0011052018962800503, 0.0018184017390012741, 0.002531601581722498, 0.0032448014244437218, 0.003958001267164946, 0.004671201109886169, 0.005384400952607393, 0.006097600795328617, 0.006810800638049841, 0.007524000480771065, 0.008237199857831001, 0.008950400166213512, 0.009663600474596024, 0.01037679985165596, 0.011089999228715897, 0.011803199537098408, 0.012516399845480919, 0.013229599222540855, 0.013942798599600792, 0.014655998907983303, 0.015369199216365814, 0.01608239859342575, 0.016795597970485687, 0.017508797347545624, 0.01822199858725071, 0.018935197964310646, 0.019648397341370583, 0.02036159858107567, 0.021074797958135605, 0.02178799733519554]}, "gradients/conv2.0.bias": {"_type": "histogram", "values": [1.0, 0.0, 1.0, 0.0, 0.0, 0.0, 0.0, 0.0, 0.0, 0.0, 0.0, 0.0, 1.0, 0.0, 0.0, 0.0, 1.0, 0.0, 3.0, 0.0, 0.0, 3.0, 1.0, 0.0, 0.0, 0.0, 1.0, 1.0, 0.0, 0.0, 0.0, 1.0, 1.0, 0.0, 2.0, 0.0, 0.0, 1.0, 3.0, 0.0, 1.0, 1.0, 0.0, 0.0, 0.0, 0.0, 1.0, 0.0, 2.0, 0.0, 0.0, 1.0, 0.0, 2.0, 1.0, 0.0, 0.0, 0.0, 0.0, 0.0, 0.0, 1.0, 0.0, 1.0], "bins": [-0.009468283504247665, -0.009224948473274708, -0.00898161344230175, -0.008738279342651367, -0.00849494431167841, -0.008251609280705452, -0.008008274249732494, -0.007764939218759537, -0.007521604187786579, -0.0072782691568136215, -0.007034934591501951, -0.006791599560528994, -0.006548264529556036, -0.006304929964244366, -0.006061594933271408, -0.0058182599022984505, -0.00557492533698678, -0.0053315903060138226, -0.005088255740702152, -0.004844920709729195, -0.004601585678756237, -0.004358250647783279, -0.004114916082471609, -0.0038715810514986515, -0.003628246486186981, -0.0033849116880446672, -0.0031415766570717096, -0.0028982418589293957, -0.002654906827956438, -0.002411572029814124, -0.00216823723167181, -0.0019249023171141744, -0.0016815667040646076, -0.0014382317895069718, -0.001194896874949336, -0.0009515620768070221, -0.0007082271622493863, -0.0004648922476917505, -0.00022155744954943657, 2.1777465008199215e-05, 0.00026511261239647865, 0.0005084475269541144, 0.0007517823833040893, 0.0009951172396540642, 0.0012384521542117, 0.0014817870687693357, 0.0017251218669116497, 0.0019684568978846073, 0.0022117914631962776, 0.0024551262613385916, 0.002698461292311549, 0.002941796090453863, 0.0031851311214268208, 0.0034284659195691347, 0.0036718007177114487, 0.003915135748684406, 0.004158470779657364, 0.0044018058106303215, 0.004645140375941992, 0.004888475406914949, 0.005131810437887907, 0.005375145003199577, 0.005618480034172535, 0.0058618150651454926, 0.006105149630457163]}, "gradients/conv1.0.weight": {"_type": "histogram", "values": [1.0, 0.0, 0.0, 0.0, 0.0, 1.0, 0.0, 0.0, 1.0, 1.0, 0.0, 1.0, 0.0, 1.0, 1.0, 0.0, 1.0, 1.0, 1.0, 2.0, 2.0, 1.0, 0.0, 2.0, 2.0, 4.0, 3.0, 3.0, 3.0, 4.0, 3.0, 4.0, 2.0, 2.0, 11.0, 7.0, 10.0, 8.0, 16.0, 14.0, 20.0, 18.0, 21.0, 28.0, 25.0, 41.0, 26.0, 25.0, 16.0, 11.0, 11.0, 9.0, 5.0, 6.0, 5.0, 4.0, 1.0, 3.0, 3.0, 0.0, 2.0, 3.0, 0.0, 4.0],