{"gradients/out.bias": {"_type": "histogram", "values": [1.0, 0.0, 0.0, 0.0, 0.0, 0.0, 1.0, 0.0, 1.0, 0.0, 0.0, 0.0, 0.0, 0.0, 0.0, 0.0, 0.0, 1.0, 0.0, 0.0, 0.0, 0.0, 0.0, 0.0, 0.0, 0.0, 1.0, 0.0, 0.0, 1.0, 0.0, 0.0, 0.0, 0.0, 0.0, 0.0, 0.0, 1.0, 0.0, 0.0, 0.0, 0.0, 0.0, 0.0, 0.0, 0.0, 0.0, 0.0, 0.0, 0.0, 1.0, 0.0, 0.0, 0.0, 0.0, 0.0, 0.0, 1.0, 0.0, 0.0, 0.0, 0.0, 0.0, 1.0], "bins": [-0.017625708132982254, -0.01703268475830555, -0.016439663246273994, -0.01584663987159729, -0.015253616496920586, -0.014660594053566456, -0.014067571610212326, -0.013474548235535622, -0.012881524860858917, -0.012288502417504787, -0.011695479042828083, -0.011102456599473953, -0.010509433224797249, -0.009916410781443119, -0.00932338833808899, -0.008730364963412285, -0.008137342520058155, -0.007544319611042738, -0.006951296702027321, -0.006358274258673191, -0.005765250883996487, -0.005172228440642357, -0.00457920553162694, -0.003986182622611523, -0.003393160179257393, -0.002800137270241976, -0.0022071143612265587, -0.0016140916850417852, -0.0010210687760263681, -0.00042804586701095104, 0.0001649768091738224, 0.0007579997181892395, 0.001351023092865944, 0.001944046001881361, 0.002537068910896778, 0.0031300915870815516, 0.0037231144960969687, 0.004316137172281742, 0.004909160081297159, 0.005502182990312576, 0.006095206364989281, 0.006688229274004698, 0.007281252183020115, 0.007874274626374245, 0.008467298001050949, 0.009060320444405079, 0.009653342887759209, 0.010246366262435913, 0.010839388705790043, 0.011432411149144173, 0.012025434523820877, 0.012618456967175007, 0.013211480341851711, 0.013804502785205841, 0.014397526159882545, 0.014990548603236675, 0.015583571046590805, 0.01617659442126751, 0.016769615933299065, 0.01736263930797577, 0.017955662682652473, 0.018548686057329178, 0.019141707569360733, 0.019734730944037437, 0.020327754318714142]}, "gradients/out.weight": {"_type": "histogram", "values": [3.0, 1.0, 1.0, 2.0, 4.0, 4.0, 2.0, 7.0, 14.0, 15.0, 13.0, 17.0, 27.0, 33.0, 33.0, 49.0, 71.0, 77.0, 105.0, 120.0, 156.0, 197.0, 226.0, 238.0, 284.0, 337.0, 402.0, 489.0, 729.0, 1146.0, 5312.0, 1806.0, 864.0, 591.0, 398.0, 253.0, 227.0, 183.0, 188.0, 152.0, 132.0, 129.0, 111.0, 87.0, 88.0, 74.0, 49.0, 42.0, 31.0, 32.0, 31.0, 21.0, 16.0, 13.0, 8.0, 9.0, 8.0, 6.0, 10.0, 3.0, 2.0, 0.0, 0.0, 2.0], "bins": [-0.0720527395606041, -0.06970439106225967, -0.06735605001449585, -0.06500770151615143, -0.062659353017807, -0.06031101197004318, -0.05796266347169876, -0.05561431869864464, -0.053265973925590515, -0.05091762915253639, -0.04856928437948227, -0.04622093588113785, -0.043872591108083725, -0.0415242463350296, -0.03917589783668518, -0.03682755306363106, -0.034479208290576935, -0.03213086351752281, -0.02978251688182354, -0.027434170246124268, -0.025085825473070145, -0.02273748070001602, -0.02038913406431675, -0.018040787428617477, -0.015692442655563354, -0.013344096951186657, -0.01099575124680996, -0.008647405542433262, -0.006299059838056564, -0.003950714133679867, -0.0016023684293031693, 0.0007459782063961029, 0.003094315528869629, 0.0054426612332463264, 0.007791006937623024, 0.010139352641999722, 0.012487698346376419, 0.014836044050753117, 0.017184389755129814, 0.019532736390829086, 0.02188108116388321, 0.024229425936937332, 0.026577772572636604, 0.028926119208335876, 0.03127446398139, 0.03362280875444412, 0.035971157252788544, 0.03831950202584267, 0.04066784679889679, 0.04301619157195091, 0.045364536345005035, 0.04771288484334946, 0.05006122961640358, 0.0524095743894577, 0.054757922887802124, 0.05710626766085625, 0.05945461243391037, 0.06180295720696449, 0.06415130198001862, 0.06649965047836304, 0.06884799897670746, 0.07119634002447128, 0.0735446885228157, 0.07589302957057953, 0.07824137806892395]}, "gradients/conv2.0.weight": {"_type": "histogram", "values": [1.0, 0.0, 0.0, 0.0, 1.0, 0.0, 1.0, 2.0, 2.0, 3.0, 3.0, 4.0, 3.0, 7.0, 10.0, 13.0, 16.0, 11.0, 27.0, 33.0, 25.0, 36.0, 48.0, 57.0, 65.0, 90.0, 122.0, 130.0, 184.0, 212.0, 292.0, 404.0, 532.0, 643.0, 758.0, 862.0, 962.0, 1399.0, 935.0, 841.0, 743.0, 635.0, 523.0, 391.0, 385.0, 289.0, 251.0, 181.0, 144.0, 123.0, 107.0, 74.0, 60.0, 44.0, 36.0, 31.0, 17.0, 13.0, 7.0, 3.0, 4.0, 0.0, 3.0, 2.0], "bins": [-0.015499446541070938, -0.015088510699570179, -0.014677573926746845, -0.014266638085246086, -0.013855701312422752, -0.013444765470921993, -0.013033829629421234, -0.0126228928565979, -0.012211957015097141, -0.011801021173596382, -0.011390084400773048, -0.01097914855927229, -0.01056821271777153, -0.010157275944948196, -0.009746340103447437, -0.009335404261946678, -0.008924467489123344, -0.008513531647622585, -0.008102594874799252, -0.007691659033298492, -0.007280722726136446, -0.0068697864189744, -0.0064588505774736404, -0.006047914270311594, -0.005636977963149548, -0.005226041655987501, -0.004815105348825455, -0.004404169507324696, -0.003993233200162649, -0.0035822968930006027, -0.0031713608186692, -0.002760424744337797, -0.0023494884371757507, -0.0019385522464290261, -0.0015276160556823015, -0.001116679864935577, -0.0007057436741888523, -0.0002948073670268059, 0.0001161287073045969, 0.0005270647816359997, 0.0009380010887980461, 0.0013489372795447707, 0.0017598734702914953, 0.002170809544622898, 0.0025817458517849445, 0.002992682158946991, 0.0034036182332783937, 0.0038145543076097965, 0.004225490614771843, 0.004636426921933889, 0.005047363229095936, 0.005458299070596695, 0.005869235377758741, 0.006280171684920788, 0.006691107526421547, 0.007102043833583593, 0.00751298014074564, 0.007923915982246399, 0.008334852755069733, 0.008745788596570492, 0.009156724438071251, 0.009567661210894585, 0.009978597052395344, 0.010389532893896103, 0.010800469666719437]}, "gradients/conv2.0.bias": {"_type": "histogram", "values": [1.0, 0.0, 0.0, 0.0, 0.0, 0.0, 0.0, 0.0, 1.0, 1.0, 0.0, 0.0, 2.0, 0.0, 0.0, 1.0, 0.0, 0.0, 1.0, 0.0, 1.0, 4.0, 0.0, 0.0, 0.0, 1.0, 0.0, 0.0, 0.0, 0.0, 0.0, 1.0, 0.0, 0.0, 2.0, 1.0, 1.0, 1.0, 1.0, 0.0, 0.0, 2.0, 0.0, 0.0, 1.0, 1.0, 3.0, 1.0, 0.0, 0.0, 0.0, 1.0, 0.0, 1.0, 0.0, 0.0, 1.0, 0.0, 0.0, 0.0, 0.0, 0.0, 0.0, 1.0], "bins": [-0.016475530341267586, -0.01602383516728878, -0.01557214092463255, -0.015120445750653744, -0.014668751507997513, -0.014217056334018707, -0.013765361160039902, -0.01331366691738367, -0.012861971743404865, -0.01241027656942606, -0.011958582326769829, -0.011506887152791023, -0.011055192910134792, -0.010603497736155987, -0.010151803493499756, -0.00970010831952095, -0.009248413145542145, -0.00879671797156334, -0.008345023728907108, -0.007893328554928303, -0.0074416338466107845, -0.006989939138293266, -0.006538244429975748, -0.00608654972165823, -0.005634855479001999, -0.005183160770684481, -0.004731466062366962, -0.004279770888388157, -0.0038280761800706387, -0.0033763814717531204, -0.002924686763435602, -0.0024729918222874403, -0.0020212968811392784, -0.0015696020564064384, -0.0011179072316735983, -0.0006662125233560801, -0.00021451769862324, 0.00023717712610960007, 0.0006888718344271183, 0.0011405667755752802, 0.001592261716723442, 0.0020439564250409603, 0.002495651366189122, 0.0029473460745066404, 0.0033990410156548023, 0.0038507357239723206, 0.004302430432289839, 0.004754125140607357, 0.005205819848924875, 0.0056575145572423935, 0.006109209265559912, 0.00656090397387743, 0.0070125991478562355, 0.007464293856173754, 0.007915988564491272, 0.008367683738470078, 0.008819377981126308, 0.009271073155105114, 0.009722767397761345, 0.01017446257174015, 0.010626156814396381, 0.011077851988375187, 0.011529546231031418, 0.011981241405010223, 0.012432936578989029]}, "gradients/conv1.0.weight": {"_type": "histogram", "values": [1.0, 3.0, 0.0, 1.0, 2.0, 2.0, 3.0, 5.0, 1.0, 1.0, 3.0, 4.0, 7.0, 1.0, 7.0, 6.0, 4.0, 10.0, 14.0, 13.0, 10.0, 14.0, 19.0, 18.0, 12.0, 14.0, 17.0, 17.0, 13.0, 17.0, 9.0, 8.0, 15.0, 7.0, 10.0, 8.0, 8.0, 10.0, 6.0, 13.0, 7.0, 3.0, 4.0, 4.0, 9.0, 12.0, 3.0, 4.0, 7.0, 3.0, 0.0, 4.0, 2.0, 1.0, 0.0, 1.0, 0.0, 1.0, 1.0, 0.0, 0.0, 0.0, 0.0, 1.0],