{"gradients/out.bias": {"_type": "histogram", "values": [1.0, 0.0, 0.0, 0.0, 0.0, 0.0, 0.0, 0.0, 0.0, 0.0, 0.0, 0.0, 0.0, 0.0, 0.0, 0.0, 0.0, 0.0, 0.0, 0.0, 0.0, 0.0, 0.0, 0.0, 0.0, 0.0, 0.0, 0.0, 0.0, 0.0, 0.0, 2.0, 6.0, 0.0, 0.0, 0.0, 0.0, 0.0, 0.0, 0.0, 0.0, 0.0, 0.0, 0.0, 0.0, 0.0, 0.0, 0.0, 0.0, 0.0, 0.0, 0.0, 0.0, 0.0, 0.0, 0.0, 0.0, 0.0, 0.0, 0.0, 0.0, 0.0, 0.0, 1.0], "bins": [-0.0002932455681730062, -0.0002840824890881777, -0.00027491938089951873, -0.00026575630181469023, -0.00025659322272986174, -0.00024743014364503324, -0.00023826705000828952, -0.0002291039563715458, -0.0002199408772867173, -0.0002107777982018888, -0.00020161470456514508, -0.00019245161092840135, -0.00018328853184357285, -0.00017412545275874436, -0.00016496235912200063, -0.0001557992654852569, -0.00014663618640042841, -0.00013747310731559992, -0.0001283100136788562, -0.00011914692731807008, -0.00010998384095728397, -0.00010082075459649786, -9.165766823571175e-05, -8.249458187492564e-05, -7.333149551413953e-05, -6.416840915335342e-05, -5.500532279256731e-05, -4.58422364317812e-05, -3.667915007099509e-05, -2.7516063710208982e-05, -1.8352977349422872e-05, -9.189890988636762e-06, -2.6775524020195007e-08, 9.136310836765915e-06, 1.8299397197552025e-05, 2.7462483558338135e-05, 3.6625569919124246e-05, 4.5788656279910356e-05, 5.4951742640696466e-05, 6.411482900148258e-05, 7.327791536226869e-05, 8.24410017230548e-05, 9.16040880838409e-05, 0.00010076717444462702, 0.00010993026080541313, 0.00011909334716619924, 0.00012825643352698535, 0.00013741952716372907, 0.00014658260624855757, 0.00015574568533338606, 0.0001649087789701298, 0.0001740718726068735, 0.000183234951691702, 0.0001923980307765305, 0.00020156112441327423, 0.00021072421805001795, 0.00021988729713484645, 0.00022905037621967494, 0.00023821346985641867, 0.0002473765634931624, 0.0002565396425779909, 0.0002657027216628194, 0.00027486582985147834, 0.00028402890893630683, 0.00029319198802113533]}, "gradients/out.weight": {"_type": "histogram", "values": [1.0, 0.0, 1.0, 0.0, 1.0, 0.0, 0.0, 3.0, 3.0, 2.0, 3.0, 5.0, 3.0, 5.0, 6.0, 4.0, 6.0, 6.0, 9.0, 12.0, 6.0, 10.0, 9.0, 14.0, 11.0, 20.0, 19.0, 21.0, 21.0, 33.0, 39.0, 466.0, 14667.0, 40.0, 33.0, 21.0, 21.0, 19.0, 20.0, 11.0, 14.0, 9.0, 10.0, 6.0, 12.0, 9.0, 6.0, 6.0, 4.0, 6.0, 5.0, 3.0, 5.0, 3.0, 2.0, 3.0, 3.0, 0.0, 0.0, 1.0, 0.0, 1.0, 0.0, 1.0], "bins": [-0.002092810347676277, -0.0020274166017770767, -0.00196202308870852, -0.0018966294592246413, -0.0018312358297407627, -0.0017658420838415623, -0.0017004484543576837, -0.001635054824873805, -0.0015696611953899264, -0.0015042675659060478, -0.0014388739364221692, -0.0013734803069382906, -0.0013080865610390902, -0.0012426930479705334, -0.001177299302071333, -0.0011119056725874543, -0.0010465120431035757, -0.000981118413619697, -0.0009157247841358185, -0.000850331096444279, -0.0007849374669604003, -0.0007195438374765217, -0.0006541501497849822, -0.0005887565203011036, -0.000523362890817225, -0.00045796926133334637, -0.0003925756027456373, -0.00032718194415792823, -0.0002617883146740496, -0.000196394685190171, -0.00013100102660246193, -6.560736801475286e-05, -2.139713615179062e-07, 6.517967267427593e-05, 0.00013057331671006978, 0.00019596696074586362, 0.00026136060478165746, 0.00032675423426553607, 0.00039214789285324514, 0.0004575415514409542, 0.0005229351809248328, 0.0005883288104087114, 0.00065372243989259, 0.0007191161275841296, 0.0007845097570680082, 0.0008499033865518868, 0.0009152970742434263, 0.000980690703727305, 0.0010460843332111835, 0.0011114779626950622, 0.0011768715921789408, 0.0012422652216628194, 0.001307658851146698, 0.0013730525970458984, 0.001438446226529777, 0.0015038398560136557, 0.0015692334854975343, 0.0016346271149814129, 0.0017000207444652915, 0.0017654143739491701, 0.0018308081198483706, 0.0018962016329169273, 0.0019615953788161278, 0.002026989124715328, 0.002092382637783885]}, "gradients/conv2.0.weight": {"_type": "histogram", "values": [2.0, 0.0, 1.0, 0.0, 0.0, 0.0, 0.0, 0.0, 0.0, 0.0, 0.0, 0.0, 1.0, 1.0, 1.0, 1.0, 1.0, 2.0, 2.0, 4.0, 2.0, 3.0, 1.0, 10.0, 4.0, 6.0, 14.0, 12.0, 13.0, 11.0, 23.0, 28.0, 41.0, 58.0, 89.0, 125.0, 175.0, 314.0, 438.0, 725.0, 1122.0, 2113.0, 4946.0, 918.0, 577.0, 339.0, 226.0, 137.0, 83.0, 55.0, 49.0, 36.0, 24.0, 17.0, 13.0, 9.0, 9.0, 8.0, 2.0, 2.0, 1.0, 4.0, 1.0, 1.0], "bins": [-0.0008927345625124872, -0.0008715244475752115, -0.0008503143326379359, -0.0008291042177006602, -0.0008078941609710455, -0.0007866840460337698, -0.0007654739310964942, -0.0007442638161592185, -0.0007230537012219429, -0.0007018435862846673, -0.0006806334713473916, -0.000659423356410116, -0.0006382132414728403, -0.0006170031847432256, -0.0005957930698059499, -0.0005745829548686743, -0.0005533728399313986, -0.000532162724994123, -0.0005109526100568473, -0.0004897424951195717, -0.0004685324092861265, -0.00044732229434885085, -0.00042611220851540565, -0.00040490209357813, -0.00038369197864085436, -0.0003624818637035787, -0.00034127174876630306, -0.00032006166293285787, -0.0002988515479955822, -0.0002776414330583066, -0.0002564313472248614, -0.00023522123228758574, -0.00021401108824647963, -0.00019280097330920398, -0.00017159087292384356, -0.00015038077253848314, -0.0001291706576012075, -0.00010796054993988946, -8.675044227857143e-05, -6.554034189321101e-05, -4.433022695593536e-05, -2.3120119294617325e-05, -1.910011633299291e-06, 1.9300096028018743e-05, 4.051020368933678e-05, 6.172031135065481e-05, 8.293041901197284e-05, 0.00010414051939733326, 0.0001253506343346089, 0.00014656074927188456, 0.00016777084965724498, 0.0001889809500426054, 0.00021019106497988105, 0.0002314011799171567, 0.00025261129485443234, 0.00027382138068787754, 0.0002950314956251532, 0.00031624161056242883, 0.000337451696395874, 0.00035866181133314967, 0.0003798719262704253, 0.00040108204120770097, 0.0004222921561449766, 0.0004435022419784218, 0.00046471235691569746]}, "gradients/conv2.0.bias": {"_type": "histogram", "values": [1.0, 0.0, 1.0, 0.0, 0.0, 2.0, 0.0, 1.0, 1.0, 0.0, 0.0, 0.0, 1.0, 3.0, 2.0, 0.0, 2.0, 1.0, 3.0, 0.0, 1.0, 1.0, 2.0, 1.0, 1.0, 1.0, 0.0, 1.0, 0.0, 1.0, 0.0, 0.0, 0.0, 0.0, 2.0, 0.0, 0.0, 0.0, 1.0, 0.0, 0.0, 0.0, 0.0, 0.0, 0.0, 1.0, 0.0, 0.0, 0.0, 0.0, 0.0, 0.0, 0.0, 0.0, 0.0, 0.0, 0.0, 0.0, 0.0, 0.0, 0.0, 0.0, 0.0, 1.0], "bins": [-0.00034655671333894134, -0.00033080417779274285, -0.00031505164224654436, -0.0002992991067003459, -0.0002835465711541474, -0.00026779400650411844, -0.00025204147095791996, -0.00023628893541172147, -0.00022053639986552298, -0.0002047838643193245, -0.000189031328773126, -0.0001732787786750123, -0.0001575262431288138, -0.00014177370758261532, -0.0001260211574845016, -0.00011026862193830311, -9.451608639210463e-05, -7.876355084590614e-05, -6.301100802375004e-05, -4.725846883957274e-05, -3.150592965539545e-05, -1.575339410919696e-05, -8.512870408594608e-10, 1.5751691535115242e-05, 3.150422708131373e-05, 4.7256766265491024e-05, 6.300930544966832e-05, 7.876184827182442e-05, 9.451438381802291e-05, 0.0001102669193642214, 0.0001260194694623351, 0.0001417720050085336, 0.000157524598762393, 0.00017327713430859149, 0.00018902966985478997, 0.0002047822199529037, 0.00022053475549910218, 0.00023628729104530066, 0.0002520398411434144, 0.00026779237668961287, 0.00028354491223581135, 0.00029929744778200984, 0.00031504998332820833, 0.0003308025188744068, 0.00034655508352443576, 0.0003623075899668038, 0.00037806015461683273, 0.0003938126901630312, 0.0004095652257092297, 0.0004253177612554282, 0.0004410702968016267, 0.00045682283234782517, 0.00047257536789402366, 0.0004883279325440526, 0.0005040804389864206, 0.0005198330036364496, 0.0005355855682864785, 0.0005513381329365075, 0.0005670906393788755, 0.0005828432040289044, 0.0005985957104712725, 0.0006143482751213014, 0.0006301007815636694, 0.0006458533462136984, 0.0006616058526560664]}, "gradients/conv1.0.weight": {"_type": "histogram",