{"gradients/out.bias": {"_type": "histogram", "values": [1.0, 0.0, 0.0, 0.0, 1.0, 0.0, 0.0, 0.0, 0.0, 0.0, 0.0, 0.0, 0.0, 0.0, 0.0, 0.0, 0.0, 0.0, 1.0, 0.0, 0.0, 0.0, 0.0, 0.0, 0.0, 0.0, 0.0, 4.0, 0.0, 1.0, 0.0, 0.0, 0.0, 0.0, 0.0, 0.0, 0.0, 0.0, 0.0, 0.0, 0.0, 0.0, 0.0, 0.0, 0.0, 0.0, 0.0, 0.0, 0.0, 1.0, 0.0, 0.0, 0.0, 0.0, 0.0, 0.0, 0.0, 0.0, 0.0, 0.0, 0.0, 0.0, 0.0, 1.0], "bins": [-0.008520273491740227, -0.00821161549538374, -0.007902957499027252, -0.00759429857134819, -0.007285640574991703, -0.006976982578635216, -0.006668324116617441, -0.006359665654599667, -0.006051007658243179, -0.005742349661886692, -0.0054336911998689175, -0.005125032737851143, -0.004816374741494656, -0.004507716745138168, -0.004199058283120394, -0.003890400053933263, -0.003581741824746132, -0.003273083595559001, -0.00296442536637187, -0.002655767137184739, -0.002347108907997608, -0.0020384506788104773, -0.0017297924496233463, -0.0014211342204362154, -0.0011124759912490845, -0.0008038177620619535, -0.0004951595328748226, -0.0001865013036876917, 0.00012215692549943924, 0.00043081515468657017, 0.0007394733838737011, 0.001048131613060832, 0.0013567889109253883, 0.0016654471401125193, 0.00197410536929965, 0.002282763598486781, 0.002591421827673912, 0.002900080056861043, 0.003208738286048174, 0.003517396515235305, 0.0038260547444224358, 0.004134712740778923, 0.004443371202796698, 0.004752029664814472, 0.0050606876611709595, 0.005369345657527447, 0.005678004119545221, 0.005986662581562996, 0.006295320577919483, 0.0066039785742759705, 0.006912637036293745, 0.00722129549831152, 0.007529953494668007, 0.007838611491024494, 0.008147269487380981, 0.008455928415060043, 0.00876458641141653, 0.009073244407773018, 0.00938190333545208, 0.009690561331808567, 0.009999219328165054, 0.010307877324521542, 0.010616535320878029, 0.01092519424855709, 0.011233852244913578]}, "gradients/out.weight": {"_type": "histogram", "values": [1.0, 0.0, 0.0, 0.0, 0.0, 2.0, 3.0, 4.0, 6.0, 5.0, 5.0, 11.0, 11.0, 5.0, 6.0, 15.0, 16.0, 34.0, 23.0, 30.0, 48.0, 52.0, 51.0, 74.0, 82.0, 120.0, 129.0, 160.0, 213.0, 270.0, 462.0, 10715.0, 1466.0, 345.0, 261.0, 202.0, 153.0, 150.0, 112.0, 83.0, 57.0, 52.0, 58.0, 32.0, 41.0, 15.0, 26.0, 16.0, 8.0, 8.0, 10.0, 3.0, 5.0, 10.0, 6.0, 2.0, 2.0, 0.0, 1.0, 1.0, 1.0, 0.0, 0.0, 1.0], "bins": [-0.10445583611726761, -0.101178377866745, -0.09790092706680298, -0.09462346881628036, -0.09134601801633835, -0.08806855976581573, -0.08479110896587372, -0.0815136507153511, -0.07823619246482849, -0.07495873421430588, -0.07168128341436386, -0.06840382516384125, -0.06512637436389923, -0.06184891611337662, -0.0585714615881443, -0.05529400706291199, -0.05201655626296997, -0.048739101737737656, -0.04546164721250534, -0.04218418896198273, -0.03890673816204071, -0.0356292799115181, -0.03235182538628578, -0.029074370861053467, -0.025796912610530853, -0.022519458085298538, -0.019242003560066223, -0.01596454717218876, -0.012687092646956444, -0.009409638121724129, -0.006132181733846664, -0.0028547272086143494, 0.00042273104190826416, 0.0037001860328018665, 0.006977641023695469, 0.010255096480250359, 0.013532551005482674, 0.01681000553071499, 0.020087461918592453, 0.023364916443824768, 0.026642367243766785, 0.0299198217689991, 0.033197276294231415, 0.03647473454475403, 0.039752185344696045, 0.04302964359521866, 0.046307098120450974, 0.04958455264568329, 0.0528620108962059, 0.05613946542143822, 0.05941691994667053, 0.06269437819719315, 0.06597182899713516, 0.06924928724765778, 0.07252673804759979, 0.0758041962981224, 0.07908165454864502, 0.08235911279916763, 0.08563656359910965, 0.08891402184963226, 0.09219147264957428, 0.0954689309000969, 0.0987463891506195, 0.10202383995056152, 0.10530129075050354]}, "gradients/conv2.0.weight": {"_type": "histogram", "values": [3.0, 2.0, 2.0, 4.0, 4.0, 5.0, 3.0, 5.0, 5.0, 9.0, 9.0, 16.0, 20.0, 30.0, 33.0, 33.0, 33.0, 48.0, 78.0, 88.0, 117.0, 147.0, 201.0, 275.0, 359.0, 540.0, 849.0, 1347.0, 2415.0, 2109.0, 1188.0, 732.0, 491.0, 369.0, 280.0, 180.0, 170.0, 116.0, 100.0, 88.0, 54.0, 50.0, 27.0, 26.0, 33.0, 25.0, 19.0, 13.0, 7.0, 10.0, 9.0, 4.0, 2.0, 4.0, 3.0, 3.0, 2.0, 0.0, 2.0, 1.0, 1.0, 0.0, 0.0, 2.0], "bins": [-0.051104187965393066, -0.049338988959789276, -0.047573793679475784, -0.045808594673871994, -0.0440433993935585, -0.04227820038795471, -0.04051300138235092, -0.03874780610203743, -0.03698261082172394, -0.03521741181612015, -0.033452216535806656, -0.031687017530202866, -0.029921822249889374, -0.028156623244285583, -0.026391426101326942, -0.0246262289583683, -0.02286102995276451, -0.02109583280980587, -0.01933063566684723, -0.01756543666124344, -0.015800241380929947, -0.014035043306648731, -0.012269845232367516, -0.010504648089408875, -0.008739449083805084, -0.006974251940846443, -0.005209054332226515, -0.0034438567236065865, -0.0016786595806479454, 8.653756231069565e-05, 0.0018517356365919113, 0.0036169327795505524, 0.005382124334573746, 0.007147321477532387, 0.008912518620491028, 0.010677716694772243, 0.012442913837730885, 0.014208110980689526, 0.01597330905497074, 0.017738506197929382, 0.019503701478242874, 0.021268898621201515, 0.023034095764160156, 0.024799294769763947, 0.02656449005007744, 0.02832968905568123, 0.03009488619863987, 0.03186008334159851, 0.0336252823472023, 0.03539048135280609, 0.03715567663311958, 0.03892087563872337, 0.040686070919036865, 0.042451269924640656, 0.044216468930244446, 0.04598166421055794, 0.04774685949087143, 0.04951205849647522, 0.05127725377678871, 0.0530424527823925, 0.054807648062705994, 0.056572847068309784, 0.058338046073913574, 0.060103241354227066, 0.061868440359830856]}, "gradients/conv2.0.bias": {"_type": "histogram", "values": [1.0, 0.0, 1.0, 0.0, 0.0, 0.0, 0.0, 0.0, 0.0, 0.0, 0.0, 1.0, 0.0, 0.0, 2.0, 1.0, 2.0, 1.0, 0.0, 0.0, 0.0, 2.0, 0.0, 2.0, 0.0, 1.0, 0.0, 1.0, 0.0, 2.0, 0.0, 1.0, 0.0, 1.0, 0.0, 1.0, 0.0, 1.0, 0.0, 1.0, 2.0, 2.0, 0.0, 1.0, 0.0, 1.0, 0.0, 0.0, 1.0, 0.0, 0.0, 1.0, 0.0, 0.0, 0.0, 0.0, 1.0, 0.0, 0.0, 0.0, 0.0, 0.0, 0.0, 1.0], "bins": [-0.012936919927597046, -0.012496608309447765, -0.012056296691298485, -0.011615985073149204, -0.011175673454999924, -0.010735362768173218, -0.010295051150023937, -0.009854739531874657, -0.009414427913725376, -0.008974116295576096, -0.008533804677426815, -0.008093493059277534, -0.007653181906789541, -0.007212870288640261, -0.0067725591361522675, -0.006332247518002987, -0.005891935899853706, -0.005451624281704426, -0.005011312663555145, -0.004571001511067152, -0.0041306898929178715, -0.003690378274768591, -0.003250066889449954, -0.002809755504131317, -0.0023694438859820366, -0.0019291323842480779, -0.0014888208825141191, -0.0010485093807801604, -0.0006081978790462017, -0.00016788626089692116, 0.00027242512442171574, 0.0007127365097403526, 0.0011530481278896332, 0.001593359629623592, 0.0020336711313575506, 0.0024739825166761875, 0.002914294134825468, 0.0033546057529747486, 0.0037949171382933855, 0.004235228523612022, 0.004675540141761303, 0.0051158517599105835, 0.005556163378059864, 0.005996474530547857, 0.006436786148697138, 0.006877097766846418, 0.007317408919334412, 0.007757720537483692, 0.008198032155632973, 0.008638343773782253, 0.009078655391931534, 0.009518967010080814, 0.009959278628230095, 0.0103995893150568, 0.010839900933206081, 0.011280212551355362, 0.011720524169504642, 0.012160835787653923, 0.012601147405803204, 0.013041459023952484, 0.01348176971077919, 0.013922082260251045, 0.014362392947077751, 0.014802704565227032, 0.015243016183376312]}, "gradients/conv1.0.weight": {"_type": "histogram", "values": [1.0, 0.0, 0.0, 0.0, 1.0, 1.0, 2.0, 0.0, 1.0, 0.0, 0.0, 0.0, 1.0, 1.0, 1.0, 2.0, 4.0, 3.0, 3.0, 1.0, 2.0, 7.0, 3.0, 10.0, 1.0, 4.0, 6.0, 6.0, 5.0, 9.0, 5.0, 9.0, 10.0, 17.0, 17.0, 14.0, 15.0, 17.0, 14.0, 27.0, 26.0, 23.0, 14.0, 16.0, 20.0, 16.0, 16.0, 9.0, 11.0, 6.0, 5.0, 5.0, 5.0, 3.0, 2.0, 1.0, 1.0, 0.0, 0.0, 0.0, 0.0, 0.0, 0.0, 1.0],