{"gradients/out.bias": {"_type": "histogram", "values": [1.0, 0.0, 0.0, 0.0, 0.0, 0.0, 0.0, 0.0, 0.0, 0.0, 0.0, 0.0, 0.0, 1.0, 0.0, 0.0, 0.0, 0.0, 0.0, 0.0, 0.0, 0.0, 1.0, 0.0, 1.0, 0.0, 0.0, 0.0, 0.0, 0.0, 0.0, 0.0, 1.0, 0.0, 0.0, 0.0, 0.0, 0.0, 0.0, 0.0, 0.0, 0.0, 1.0, 0.0, 1.0, 1.0, 1.0, 0.0, 0.0, 0.0, 0.0, 0.0, 0.0, 0.0, 0.0, 0.0, 0.0, 0.0, 0.0, 0.0, 0.0, 0.0, 0.0, 1.0], "bins": [-0.050380513072013855, -0.04888076335191727, -0.04738100990653038, -0.04588126018643379, -0.044381510466337204, -0.04288175702095032, -0.04138200730085373, -0.03988225758075714, -0.03838250786066055, -0.036882758140563965, -0.03538300469517708, -0.03388325497508049, -0.0323835052549839, -0.030883753672242165, -0.029384002089500427, -0.02788425236940384, -0.026384498924016953, -0.024884747341275215, -0.023384997621178627, -0.02188524603843689, -0.0203854963183403, -0.018885744735598564, -0.017385993152856827, -0.01588624343276024, -0.014386489987373352, -0.01288673933595419, -0.011386988684535027, -0.00988723710179329, -0.008387486450374126, -0.006887735798954964, -0.005387984216213226, -0.0038882335647940636, -0.0023884885013103485, -0.0008887376170605421, 0.0006110132671892643, 0.0021107643842697144, 0.003610515035688877, 0.00511026568710804, 0.006610017269849777, 0.00810976792126894, 0.009609516710042953, 0.011109267361462116, 0.012609018012881279, 0.014108769595623016, 0.015608520247042179, 0.017108270898461342, 0.01860802248120308, 0.020107772201299667, 0.021607525646686554, 0.02310727722942829, 0.02460702694952488, 0.026106778532266617, 0.027606528252363205, 0.029106279835104942, 0.03060603141784668, 0.03210578113794327, 0.033605530858039856, 0.035105280578136444, 0.03660503402352333, 0.03810478374361992, 0.03960453346371651, 0.041104286909103394, 0.04260403662919998, 0.04410378634929657, 0.045603539794683456]}, "gradients/out.weight": {"_type": "histogram", "values": [1.0, 0.0, 0.0, 0.0, 1.0, 0.0, 0.0, 0.0, 0.0, 0.0, 0.0, 0.0, 1.0, 2.0, 1.0, 1.0, 0.0, 2.0, 2.0, 1.0, 1.0, 2.0, 2.0, 4.0, 5.0, 9.0, 5.0, 5.0, 11.0, 11.0, 10.0, 14.0, 27.0, 21.0, 17.0, 64.0, 15290.0, 26.0, 20.0, 25.0, 13.0, 13.0, 10.0, 15.0, 5.0, 8.0, 7.0, 7.0, 2.0, 2.0, 4.0, 2.0, 1.0, 3.0, 4.0, 0.0, 0.0, 0.0, 1.0, 1.0, 0.0, 0.0, 0.0, 1.0], "bins": [-0.08362532407045364, -0.08131133764982224, -0.07899735122919083, -0.07668336480855942, -0.07436937838792801, -0.0720553919672966, -0.06974140554666519, -0.06742742657661438, -0.06511344015598297, -0.06279945373535156, -0.060485467314720154, -0.058171480894088745, -0.055857494473457336, -0.05354350805282593, -0.05122952535748482, -0.04891553893685341, -0.0466015487909317, -0.04428756237030029, -0.041973575949668884, -0.039659589529037476, -0.03734560310840607, -0.03503161668777466, -0.03271763399243355, -0.03040364757180214, -0.02808966115117073, -0.025775674730539322, -0.023461688309907913, -0.021147703751921654, -0.018833717331290245, -0.016519730910658836, -0.014205745421350002, -0.011891759932041168, -0.00957777351140976, -0.007263787556439638, -0.004949801601469517, -0.0026358156464993954, -0.000321829691529274, 0.0019921567291021347, 0.004306142218410969, 0.006620127707719803, 0.008934114128351212, 0.01124810054898262, 0.013562086038291454, 0.01587607152760029, 0.018190057948231697, 0.020504044368863106, 0.022818028926849365, 0.025132015347480774, 0.027446001768112183, 0.02975998818874359, 0.032073974609375, 0.03438796103000641, 0.03670194745063782, 0.039015933871269226, 0.041329916566610336, 0.043643902987241745, 0.045957889407873154, 0.04827187582850456, 0.05058586224913597, 0.05289984866976738, 0.05521383136510849, 0.0575278177857399, 0.05984180420637131, 0.062155790627002716, 0.06446977704763412]}, "gradients/conv2.0.weight": {"_type": "histogram", "values": [5.0, 3.0, 11.0, 36.0, 12611.0, 28.0, 33.0, 26.0, 12.0, 5.0, 7.0, 3.0, 2.0, 2.0, 1.0, 1.0, 1.0, 2.0, 0.0, 1.0, 0.0, 1.0, 0.0, 0.0, 1.0, 2.0, 0.0, 0.0, 0.0, 1.0, 1.0, 0.0, 1.0, 0.0, 0.0, 0.0, 0.0, 0.0, 0.0, 0.0, 0.0, 0.0, 0.0, 0.0, 1.0, 0.0, 0.0, 1.0, 0.0, 0.0, 0.0, 0.0, 0.0, 0.0, 0.0, 0.0, 0.0, 0.0, 0.0, 0.0, 0.0, 0.0, 0.0, 1.0], "bins": [-0.06465175747871399, -0.04887242615222931, -0.03309309110045433, -0.017313756048679352, -0.0015344247221946716, 0.014244906604290009, 0.030024245381355286, 0.045803576707839966, 0.061582908034324646, 0.07736223936080933, 0.093141570687294, 0.10892090946435928, 0.12470024079084396, 0.14047956466674805, 0.15625891089439392, 0.1720382422208786, 0.18781757354736328, 0.20359690487384796, 0.21937623620033264, 0.23515558242797852, 0.250934898853302, 0.2667142450809479, 0.28249359130859375, 0.29827290773391724, 0.3140522539615631, 0.329831600189209, 0.34561091661453247, 0.36139026284217834, 0.37716957926750183, 0.3929489254951477, 0.4087282419204712, 0.42450758814811707, 0.44028693437576294, 0.4560662806034088, 0.4718455970287323, 0.4876249432563782, 0.5034042596817017, 0.5191835761070251, 0.5349629521369934, 0.5507422685623169, 0.5665215849876404, 0.5823009014129639, 0.5980802774429321, 0.6138595938682556, 0.6296389102935791, 0.6454182267189026, 0.6611976027488708, 0.6769769191741943, 0.6927562952041626, 0.7085356116294861, 0.7243149876594543, 0.7400943040847778, 0.7558736205101013, 0.7716529369354248, 0.7874323129653931, 0.8032116293907166, 0.81899094581604, 0.8347702622413635, 0.8505496382713318, 0.8663289546966553, 0.8821082711219788, 0.8978875875473022, 0.9136669635772705, 0.929446280002594, 0.9452255964279175]}, "gradients/conv2.0.bias": {"_type": "histogram", "values": [28.0, 0.0, 0.0, 0.0, 0.0, 1.0, 0.0, 0.0, 0.0, 0.0, 1.0, 0.0, 0.0, 0.0, 0.0, 0.0, 0.0, 0.0, 0.0, 0.0, 0.0, 0.0, 0.0, 0.0, 0.0, 0.0, 0.0, 0.0, 0.0, 0.0, 1.0, 0.0, 0.0, 0.0, 0.0, 0.0, 0.0, 0.0, 0.0, 0.0, 0.0, 0.0, 0.0, 0.0, 0.0, 0.0, 0.0, 0.0, 0.0, 0.0, 0.0, 0.0, 0.0, 0.0, 0.0, 0.0, 0.0, 0.0, 0.0, 0.0, 0.0, 0.0, 0.0, 1.0], "bins": [0.0, 0.014535670168697834, 0.029071340337395668, 0.04360701143741608, 0.058142680674791336, 0.0726783499121666, 0.08721402287483215, 0.10174968838691711, 0.11628536134958267, 0.13082103431224823, 0.1453566998243332, 0.15989238023757935, 0.1744280457496643, 0.18896371126174927, 0.20349937677383423, 0.2180350422859192, 0.23257072269916534, 0.2471063882112503, 0.26164206862449646, 0.2761777341365814, 0.2907133996486664, 0.30524906516075134, 0.3197847604751587, 0.33432042598724365, 0.3488560914993286, 0.3633917570114136, 0.37792742252349854, 0.3924630880355835, 0.40699878334999084, 0.4215344488620758, 0.43607011437416077, 0.4506057798862457, 0.4651414453983307, 0.47967711091041565, 0.4942127764225006, 0.508748471736908, 0.5232841372489929, 0.5378198027610779, 0.5523554682731628, 0.5668911337852478, 0.5814267992973328, 0.5959624648094177, 0.6104981303215027, 0.6250337958335876, 0.6395694613456726, 0.6541051268577576, 0.6686408519744873, 0.6831765174865723, 0.6977121829986572, 0.7122478485107422, 0.7267835140228271, 0.7413191795349121, 0.7558548450469971, 0.770390510559082, 0.784926176071167, 0.799461841583252, 0.8139975070953369, 0.8285331726074219, 0.8430688381195068, 0.8576045036315918, 0.8721401691436768, 0.8866758346557617, 0.9012115001678467, 0.9157471656799316, 0.9302828907966614]}, "gradients/conv1.0.weight": {"_type": "histogram", "values": [2.0, 0.0, 1.0, 0.0, 1.0, 0.0, 1.0, 1.0, 0.0, 2.0, 1.0, 0.0, 1.0, 1.0, 0.0, 3.0, 1.0, 2.0, 0.0, 2.0, 2.0, 4.0, 350.0, 5.0, 0.0, 1.0, 2.0, 0.0, 0.0, 1.0, 1.0, 1.0, 1.0, 0.0, 2.0, 1.0, 0.0, 0.0, 0.0, 1.0, 0.0, 0.0, 0.0, 3.0, 1.0, 1.0, 0.0, 0.0, 0.0, 0.0, 0.0, 0.0, 1.0, 1.0, 0.0, 0.0, 0.0, 1.0, 0.0, 0.0, 0.0, 0.0, 0.0, 1.0],