{"gradients/out.bias": {"_type": "histogram", "values": [1.0, 0.0, 0.0, 0.0, 0.0, 0.0, 0.0, 0.0, 0.0, 0.0, 0.0, 0.0, 0.0, 0.0, 0.0, 0.0, 0.0, 0.0, 0.0, 0.0, 0.0, 0.0, 0.0, 1.0, 1.0, 0.0, 0.0, 0.0, 0.0, 0.0, 0.0, 1.0, 0.0, 1.0, 1.0, 0.0, 1.0, 1.0, 0.0, 0.0, 0.0, 0.0, 0.0, 0.0, 1.0, 0.0, 0.0, 0.0, 0.0, 0.0, 0.0, 0.0, 0.0, 0.0, 0.0, 0.0, 0.0, 0.0, 0.0, 0.0, 0.0, 0.0, 0.0, 1.0], "bins": [-0.0008815223118290305, -0.0008547979523427784, -0.0008280735346488655, -0.0008013491751626134, -0.0007746247574687004, -0.0007479003979824483, -0.0007211759802885354, -0.0006944516208022833, -0.0006677272031083703, -0.0006410028436221182, -0.0006142784259282053, -0.0005875540664419532, -0.0005608296487480402, -0.0005341052892617881, -0.0005073808715678751, -0.0004806565120816231, -0.00045393212349154055, -0.000427207734901458, -0.0004004833463113755, -0.00037375895772129297, -0.00034703456913121045, -0.0003203101805411279, -0.00029358582105487585, -0.00026686140336096287, -0.0002401370438747108, -0.00021341265528462827, -0.00018668826669454575, -0.00015996387810446322, -0.0001332394895143807, -0.0001065151154762134, -7.979072688613087e-05, -5.306633829604834e-05, -2.634193515405059e-05, 3.8245161704253405e-07, 2.7106838388135657e-05, 5.3831223340239376e-05, 8.05556119303219e-05, 0.00010727999324444681, 0.00013400438183452934, 0.00016072877042461187, 0.00018745317356660962, 0.00021417756215669215, 0.00024090195074677467, 0.0002676263393368572, 0.0002943507279269397, 0.0003210750874131918, 0.0003477995051071048, 0.00037452386459335685, 0.0004012482531834394, 0.0004279726417735219, 0.0004546970303636044, 0.00048142141895368695, 0.000508145778439939, 0.000534870196133852, 0.0005615945556201041, 0.0005883189733140171, 0.0006150433328002691, 0.0006417676922865212, 0.0006684921099804342, 0.0006952164694666862, 0.0007219408871605992, 0.0007486652466468513, 0.0007753896643407643, 0.0008021140238270164, 0.0008288384415209293]}, "gradients/out.weight": {"_type": "histogram", "values": [1.0, 0.0, 0.0, 0.0, 1.0, 0.0, 0.0, 0.0, 0.0, 1.0, 1.0, 4.0, 2.0, 1.0, 5.0, 6.0, 6.0, 5.0, 4.0, 10.0, 11.0, 17.0, 17.0, 19.0, 18.0, 22.0, 43.0, 50.0, 93.0, 134.0, 259.0, 591.0, 12400.0, 1220.0, 300.0, 121.0, 82.0, 47.0, 40.0, 24.0, 18.0, 18.0, 17.0, 16.0, 10.0, 10.0, 6.0, 3.0, 8.0, 5.0, 3.0, 1.0, 4.0, 3.0, 1.0, 0.0, 0.0, 0.0, 0.0, 1.0, 0.0, 0.0, 0.0, 1.0], "bins": [-0.011899067088961601, -0.01153442170470953, -0.011169776320457458, -0.010805131867527962, -0.01044048648327589, -0.010075841099023819, -0.009711195714771748, -0.009346550330519676, -0.00898190587759018, -0.008617260493338108, -0.008252615109086037, -0.00788797065615654, -0.0075233252719044685, -0.007158679887652397, -0.006794034503400326, -0.006429389119148254, -0.006064743734896183, -0.005700098350644112, -0.0053354534320533276, -0.004970808047801256, -0.004606163129210472, -0.004241517744958401, -0.0038768723607063293, -0.0035122272092849016, -0.0031475815922021866, -0.002782936440780759, -0.002418291289359331, -0.0020536459051072598, -0.001689000753685832, -0.0013243556022644043, -0.0009597102180123329, -0.0005950650665909052, -0.00023042131215333939, 0.00013422389747574925, 0.0004988691071048379, 0.0008635143749415874, 0.0012281595263630152, 0.001592804677784443, 0.0019574500620365143, 0.002322095213457942, 0.0026867398992180824, 0.00305138505063951, 0.003416030202060938, 0.0037806755863130093, 0.004145320504903793, 0.004509965889155865, 0.004874611273407936, 0.0052392566576600075, 0.005603902041912079, 0.00596854742616415, 0.006333192344754934, 0.006697837729007006, 0.00706248264759779, 0.007427128031849861, 0.0077917734161019325, 0.008156418800354004, 0.0085210632532835, 0.008885708637535572, 0.009250354021787643, 0.00961499847471714, 0.009979643858969212, 0.010344289243221283, 0.010708934627473354, 0.011073580011725426, 0.011438225395977497]}, "gradients/conv2.0.weight": {"_type": "histogram", "values": [1.0, 0.0, 1.0, 2.0, 1.0, 0.0, 5.0, 4.0, 7.0, 3.0, 10.0, 4.0, 12.0, 11.0, 15.0, 10.0, 14.0, 21.0, 22.0, 33.0, 47.0, 55.0, 50.0, 69.0, 78.0, 104.0, 143.0, 203.0, 254.0, 363.0, 486.0, 644.0, 995.0, 2019.0, 3787.0, 1178.0, 621.0, 381.0, 275.0, 206.0, 170.0, 125.0, 81.0, 53.0, 54.0, 36.0, 33.0, 23.0, 19.0, 11.0, 14.0, 10.0, 8.0, 5.0, 7.0, 2.0, 5.0, 1.0, 5.0, 0.0, 0.0, 2.0, 1.0, 1.0], "bins": [-0.002847763244062662, -0.0027644748333841562, -0.0026811864227056503, -0.0025978980120271444, -0.0025146096013486385, -0.0024313211906701326, -0.0023480327799916267, -0.0022647446021437645, -0.002181455958634615, -0.002098167547956109, -0.002014879137277603, -0.0019315907265990973, -0.0018483023159205914, -0.0017650139052420855, -0.0016817256109789014, -0.0015984372003003955, -0.0015151489060372114, -0.0014318604953587055, -0.0013485720846801996, -0.0012652836740016937, -0.0011819952633231878, -0.001098706852644682, -0.0010154185583814979, -0.000932130147702992, -0.0008488418534398079, -0.000765553442761302, -0.0006822650320827961, -0.0005989766796119511, -0.0005156882689334452, -0.0004323998582549393, -0.00034911150578409433, -0.00026582309510558844, -0.00018253480084240437, -9.92464047158137e-05, -1.5958008589223027e-05, 6.733037298545241e-05, 0.0001506187836639583, 0.0002339071943424642, 0.0003171955468133092, 0.0004004839574918151, 0.0004837724845856428, 0.0005670608952641487, 0.0006503493059426546, 0.0007336376584134996, 0.0008169260690920055, 0.0009002144797705114, 0.0009835028322413564, 0.0010667912429198623, 0.0011500795371830463, 0.0012333679478615522, 0.0013166563585400581, 0.001399944769218564, 0.00148323317989707, 0.0015665215905755758, 0.00164980988483876, 0.0017330982955172658, 0.0018163867061957717, 0.0018996751168742776, 0.0019829634111374617, 0.0020662518218159676, 0.0021495402324944735, 0.0022328286431729794, 0.0023161170538514853, 0.002399405464529991, 0.002482693875208497]}, "gradients/conv2.0.bias": {"_type": "histogram", "values": [1.0, 0.0, 0.0, 0.0, 0.0, 0.0, 0.0, 0.0, 0.0, 0.0, 0.0, 0.0, 0.0, 0.0, 0.0, 0.0, 0.0, 0.0, 0.0, 0.0, 0.0, 0.0, 0.0, 1.0, 0.0, 0.0, 0.0, 0.0, 2.0, 2.0, 0.0, 0.0, 1.0, 2.0, 0.0, 1.0, 2.0, 0.0, 1.0, 3.0, 1.0, 0.0, 2.0, 1.0, 1.0, 0.0, 0.0, 2.0, 1.0, 1.0, 0.0, 1.0, 3.0, 0.0, 0.0, 0.0, 0.0, 0.0, 0.0, 1.0, 0.0, 0.0, 0.0, 2.0], "bins": [-0.000670961569994688, -0.000653139955829829, -0.000635318283457309, -0.00061749666929245, -0.00059967499691993, -0.0005818533827550709, -0.0005640317685902119, -0.0005462100962176919, -0.0005283884820528328, -0.0005105668678879738, -0.0004927451955154538, -0.00047492358135059476, -0.00045710193808190525, -0.00043928029481321573, -0.0004214586515445262, -0.0004036370082758367, -0.0003858153650071472, -0.0003679937217384577, -0.00035017207846976817, -0.00033235043520107865, -0.0003145288210362196, -0.0002967071777675301, -0.00027888553449884057, -0.0002610639203339815, -0.00024324224796146154, -0.00022542060469277203, -0.00020759897597599775, -0.00018977733270730823, -0.00017195570399053395, -0.00015413406072184443, -0.00013631241745315492, -0.00011849078873638064, -0.00010066918912343681, -8.284755313070491e-05, -6.502591713797301e-05, -4.72042738692835e-05, -2.93826378765516e-05, -1.15610018838197e-05, 6.260641384869814e-06, 2.40822701016441e-05, 4.1903898818418384e-05, 5.972553481115028e-05, 7.754717080388218e-05, 9.53688140725717e-05, 0.0001131904500653036, 0.0001310120860580355, 0.000148833729326725, 0.0001666553580434993, 0.00018447701586410403, 0.00020229865913279355, 0.00022012028784956783, 0.00023794193111825734, 0.00025576355983503163, 0.00027358520310372114, 0.00029140684637241066, 0.00030922848964110017, 0.0003270501038059592, 0.00034487174707464874, 0.00036269339034333825, 0.0003805150045081973, 0.0003983366477768868, 0.00041615829104557633, 0.00043397993431426585, 0.00045180157758295536, 0.0004696232208516449]}, "gradients/conv1.0.weight": {"_type": "histogram",