{"gradients/out.bias": {"_type": "histogram", "values": [1.0, 0.0, 0.0, 0.0, 0.0, 0.0, 0.0, 0.0, 0.0, 0.0, 0.0, 0.0, 0.0, 0.0, 0.0, 0.0, 0.0, 0.0, 0.0, 0.0, 0.0, 0.0, 0.0, 0.0, 0.0, 0.0, 0.0, 0.0, 0.0, 0.0, 0.0, 0.0, 0.0, 0.0, 3.0, 0.0, 0.0, 2.0, 0.0, 0.0, 2.0, 0.0, 0.0, 1.0, 0.0, 0.0, 0.0, 0.0, 0.0, 0.0, 0.0, 0.0, 0.0, 0.0, 0.0, 0.0, 0.0, 0.0, 0.0, 0.0, 0.0, 0.0, 0.0, 1.0], "bins": [-0.010449551977217197, -0.01016431674361229, -0.009879081510007381, -0.009593847207725048, -0.00930861197412014, -0.009023376740515232, -0.008738141506910324, -0.00845290720462799, -0.008167671971023083, -0.007882436737418175, -0.007597201969474554, -0.007311966735869646, -0.007026731967926025, -0.006741496734321117, -0.006456261500716209, -0.006171026732772589, -0.005885791499167681, -0.005600556265562773, -0.005315321497619152, -0.005030086264014244, -0.004744851496070623, -0.004459616262465715, -0.004174381494522095, -0.0038891462609171867, -0.0036039110273122787, -0.0033186760265380144, -0.00303344102576375, -0.002748205792158842, -0.0024629710242152214, -0.0021777357906103134, -0.001892500789836049, -0.0016072657890617847, -0.0013220314867794514, -0.001036796486005187, -0.0007515614270232618, -0.00046632636804133654, -0.0001810913672670722, 0.00010414363350719213, 0.0003893787506967783, 0.0006746137514710426, 0.0009598485194146633, 0.0012450835201889277, 0.001530318520963192, 0.0018155536381527781, 0.0021007885225117207, 0.0023860237561166286, 0.002671258756890893, 0.0029564937576651573, 0.0032417289912700653, 0.0035269639920443296, 0.003812198992818594, 0.004097434226423502, 0.004382668994367123, 0.004667904227972031, 0.004953139461576939, 0.005238374229520559, 0.00552360899746418, 0.005808844231069088, 0.006094078999012709, 0.006379314232617617, 0.006664549000561237, 0.006949784234166145, 0.007235019467771053, 0.007520254235714674, 0.007805489469319582]}, "gradients/out.weight": {"_type": "histogram", "values": [2.0, 0.0, 1.0, 0.0, 0.0, 0.0, 0.0, 0.0, 2.0, 1.0, 0.0, 2.0, 4.0, 5.0, 3.0, 4.0, 8.0, 11.0, 12.0, 13.0, 15.0, 23.0, 12.0, 28.0, 38.0, 25.0, 24.0, 55.0, 48.0, 64.0, 109.0, 246.0, 989.0, 12266.0, 825.0, 353.0, 129.0, 93.0, 51.0, 41.0, 28.0, 21.0, 27.0, 20.0, 15.0, 16.0, 9.0, 13.0, 8.0, 6.0, 2.0, 6.0, 1.0, 0.0, 1.0, 0.0, 1.0, 1.0, 1.0, 0.0, 0.0, 0.0, 0.0, 2.0], "bins": [-0.07605627924203873, -0.07377951592206955, -0.07150274515151978, -0.0692259818315506, -0.06694921851158142, -0.06467244774103165, -0.06239568442106247, -0.060118917375802994, -0.05784215033054352, -0.05556538328528404, -0.05328861624002457, -0.05101185292005539, -0.048735085874795914, -0.04645831882953644, -0.04418155550956726, -0.041904788464307785, -0.03962802141904831, -0.037351254373788834, -0.03507448732852936, -0.03279772400856018, -0.030520956963300705, -0.02824418991804123, -0.025967424735426903, -0.023690659552812576, -0.0214138925075531, -0.019137125462293625, -0.0168603602796793, -0.014583594165742397, -0.012306828051805496, -0.010030061937868595, -0.007753295823931694, -0.0054765306413173676, -0.003199756145477295, -0.0009229900315403938, 0.0013537760823965073, 0.0036305421963334084, 0.0059073083102703094, 0.00818407442420721, 0.010460840538144112, 0.012737605720758438, 0.015014372766017914, 0.01729113981127739, 0.019567904993891716, 0.021844670176506042, 0.024121437221765518, 0.026398204267024994, 0.02867496944963932, 0.030951734632253647, 0.03322850167751312, 0.0355052687227726, 0.037782035768032074, 0.04005879908800125, 0.04233556613326073, 0.0446123331785202, 0.04688909649848938, 0.049165863543748856, 0.05144263058900833, 0.05371939763426781, 0.05599616467952728, 0.05827292799949646, 0.060549695044755936, 0.06282646209001541, 0.06510322540998459, 0.06737999618053436, 0.06965675950050354]}, "gradients/conv2.0.weight": {"_type": "histogram", "values": [3.0, 2.0, 2.0, 6.0, 4.0, 3.0, 8.0, 11.0, 12.0, 15.0, 15.0, 42.0, 45.0, 60.0, 80.0, 149.0, 182.0, 354.0, 632.0, 1602.0, 5071.0, 1820.0, 893.0, 520.0, 329.0, 241.0, 172.0, 116.0, 92.0, 61.0, 41.0, 34.0, 30.0, 18.0, 22.0, 18.0, 14.0, 14.0, 9.0, 10.0, 6.0, 3.0, 6.0, 3.0, 4.0, 1.0, 1.0, 6.0, 1.0, 3.0, 3.0, 0.0, 2.0, 1.0, 1.0, 2.0, 0.0, 0.0, 3.0, 1.0, 0.0, 0.0, 0.0, 1.0], "bins": [-0.01966535672545433, -0.018698694184422493, -0.017732033506035805, -0.016765370965003967, -0.01579870842397213, -0.014832046814262867, -0.013865385204553604, -0.012898722663521767, -0.01193206012248993, -0.010965398512780666, -0.009998735971748829, -0.009032074362039566, -0.008065411821007729, -0.007098750211298466, -0.006132088135927916, -0.005165426060557365, -0.004198764450848103, -0.0032321023754775524, -0.0022654403001070023, -0.0012987784575670958, -0.0003321163821965456, 0.0006345454603433609, 0.001601207535713911, 0.002567869611084461, 0.003534531220793724, 0.004501193296164274, 0.005467855371534824, 0.006434516981244087, 0.007401179522275925, 0.008367841131985188, 0.00933450274169445, 0.010301165282726288, 0.011267827823758125, 0.012234489433467388, 0.013201151974499226, 0.014167813584208488, 0.015134476125240326, 0.016101136803627014, 0.01706779934465885, 0.01803446188569069, 0.019001124426722527, 0.019967786967754364, 0.020934447646141052, 0.02190111018717289, 0.022867772728204727, 0.023834433406591415, 0.024801095947623253, 0.02576775848865509, 0.02673441916704178, 0.027701081708073616, 0.028667742386460304, 0.02963440492749214, 0.03060106746852398, 0.03156773000955582, 0.032534390687942505, 0.03350105136632919, 0.03446771577000618, 0.03543437644839287, 0.036401040852069855, 0.03736770153045654, 0.03833436220884323, 0.03930102661252022, 0.040267687290906906, 0.04123435169458389, 0.04220101237297058]}, "gradients/conv2.0.bias": {"_type": "histogram", "values": [1.0, 0.0, 0.0, 0.0, 0.0, 0.0, 0.0, 1.0, 0.0, 0.0, 0.0, 0.0, 0.0, 1.0, 0.0, 1.0, 0.0, 0.0, 0.0, 1.0, 0.0, 1.0, 2.0, 0.0, 3.0, 0.0, 2.0, 0.0, 0.0, 0.0, 2.0, 3.0, 1.0, 0.0, 0.0, 2.0, 2.0, 0.0, 1.0, 0.0, 0.0, 0.0, 0.0, 1.0, 1.0, 2.0, 0.0, 0.0, 1.0, 0.0, 0.0, 0.0, 0.0, 0.0, 0.0, 1.0, 0.0, 0.0, 0.0, 1.0, 0.0, 0.0, 0.0, 1.0], "bins": [-0.00553777115419507, -0.005305624101310968, -0.005073476582765579, -0.004841329529881477, -0.0046091824769973755, -0.004377034958451986, -0.0041448879055678844, -0.003912740387022495, -0.0036805933341383934, -0.003448446048423648, -0.0032162987627089024, -0.0029841517098248005, -0.002752004424110055, -0.0025198571383953094, -0.0022877100855112076, -0.002055562799796462, -0.0018234155140817165, -0.001591268228366971, -0.0013591210590675473, -0.0011269738897681236, -0.0008948266040533781, -0.0006626793183386326, -0.0004305321490392089, -0.0001983849797397852, 3.376230597496033e-05, 0.00026590953348204494, 0.0004980567609891295, 0.0007302039884962142, 0.0009623512160032988, 0.0011944985017180443, 0.001426645671017468, 0.0016587928403168917, 0.0018909405916929245, 0.00212308787740767, 0.0023552351631224155, 0.0025873822160065174, 0.002819529501721263, 0.0030516767874360085, 0.0032838238403201103, 0.003515971126034856, 0.0037481184117496014, 0.003980265464633703, 0.004212412983179092, 0.004444560036063194, 0.004676707088947296, 0.004908854607492685, 0.005141001660376787, 0.005373149178922176, 0.005605296231806278, 0.00583744328469038, 0.006069590803235769, 0.006301737856119871, 0.00653388537466526, 0.006766032427549362, 0.006998179480433464, 0.007230326533317566, 0.007462474051862955, 0.007694621104747057, 0.007926768623292446, 0.008158915676176548, 0.00839106272906065, 0.008623210713267326, 0.008855357766151428, 0.00908750481903553, 0.009319651871919632]}, "gradients/conv1.0.weight": {"_type": "histogram", "values": [1.0, 0.0, 0.0, 0.0, 0.0, 0.0, 0.0, 0.0, 0.0, 1.0, 2.0, 1.0, 1.0, 0.0, 1.0, 1.0, 1.0, 0.0, 2.0, 0.0, 2.0, 2.0, 4.0, 1.0, 3.0, 4.0, 6.0, 2.0, 8.0, 9.0, 5.0, 6.0, 14.0, 14.0, 13.0, 24.0, 21.0, 22.0, 42.0, 25.0, 22.0, 23.0, 19.0, 17.0, 12.0, 11.0, 10.0, 11.0, 9.0, 6.0, 2.0, 5.0, 3.0, 2.0, 3.0, 2.0, 0.0, 1.0, 1.0, 1.0, 0.0, 0.0, 0.0, 2.0],