{"gradients/out.bias": {"_type": "histogram", "values": [1.0, 0.0, 0.0, 0.0, 0.0, 0.0, 0.0, 0.0, 0.0, 0.0, 0.0, 0.0, 0.0, 0.0, 0.0, 0.0, 0.0, 0.0, 0.0, 0.0, 0.0, 0.0, 0.0, 0.0, 1.0, 0.0, 0.0, 1.0, 0.0, 0.0, 3.0, 1.0, 1.0, 0.0, 0.0, 0.0, 0.0, 1.0, 0.0, 0.0, 0.0, 0.0, 0.0, 0.0, 0.0, 0.0, 0.0, 0.0, 0.0, 0.0, 0.0, 0.0, 0.0, 0.0, 0.0, 0.0, 0.0, 0.0, 0.0, 0.0, 0.0, 0.0, 0.0, 1.0], "bins": [-0.013309916481375694, -0.012879544869065285, -0.01244917418807745, -0.01201880257576704, -0.011588431894779205, -0.011158060282468796, -0.010727688670158386, -0.010297317057847977, -0.009866946376860142, -0.009436574764549732, -0.009006204083561897, -0.008575832471251488, -0.008145460858941078, -0.007715090177953243, -0.007284718565642834, -0.0068543474189937115, -0.006423976272344589, -0.005993605125695467, -0.005563233979046345, -0.005132862366735935, -0.004702491220086813, -0.004272120073437691, -0.003841748693957925, -0.003411377314478159, -0.0029810061678290367, -0.0025506350211799145, -0.0021202636417001486, -0.0016898923786357045, -0.0012595211155712605, -0.0008291499689221382, -0.0003987785894423723, 3.159279003739357e-05, 0.0004619639366865158, 0.0008923351997509599, 0.001322706462815404, 0.001753077725879848, 0.002183448988944292, 0.0026138201355934143, 0.00304419151507318, 0.003474562894552946, 0.0039049340412020683, 0.004335305187851191, 0.004765676334500313, 0.005196047946810722, 0.005626419093459845, 0.006056790240108967, 0.006487161852419376, 0.006917532999068499, 0.007347904145717621, 0.007778275292366743, 0.008208646439015865, 0.008639018051326275, 0.00906938873231411, 0.00949976034462452, 0.009930131956934929, 0.010360503569245338, 0.010790874250233173, 0.011221245862543583, 0.011651616543531418, 0.012081988155841827, 0.012512359768152237, 0.012942730449140072, 0.013373102061450481, 0.013803472742438316, 0.014233844354748726]}, "gradients/out.weight": {"_type": "histogram", "values": [1.0, 1.0, 1.0, 0.0, 0.0, 1.0, 2.0, 0.0, 1.0, 1.0, 1.0, 4.0, 4.0, 6.0, 1.0, 5.0, 6.0, 8.0, 10.0, 6.0, 16.0, 16.0, 23.0, 22.0, 27.0, 38.0, 42.0, 60.0, 97.0, 163.0, 358.0, 11778.0, 2116.0, 308.0, 155.0, 96.0, 64.0, 38.0, 34.0, 32.0, 21.0, 22.0, 18.0, 15.0, 7.0, 11.0, 9.0, 5.0, 3.0, 4.0, 7.0, 3.0, 3.0, 1.0, 2.0, 1.0, 0.0, 2.0, 0.0, 1.0, 0.0, 1.0, 1.0, 1.0], "bins": [-0.1204129084944725, -0.11664611846208572, -0.11287932842969894, -0.10911253839731216, -0.10534574836492538, -0.1015789583325386, -0.09781217575073242, -0.09404538571834564, -0.09027859568595886, -0.08651180565357208, -0.0827450156211853, -0.07897822558879852, -0.07521143555641174, -0.07144464552402496, -0.06767785549163818, -0.0639110654592514, -0.060144275426864624, -0.056377485394477844, -0.052610695362091064, -0.048843905329704285, -0.045077115297317505, -0.041310325264930725, -0.037543538957834244, -0.033776748925447464, -0.030009962618350983, -0.026243172585964203, -0.022476382553577423, -0.018709594383835793, -0.014942804351449013, -0.011176014319062233, -0.007409226149320602, -0.0036424361169338226, 0.0001243501901626587, 0.003891139756888151, 0.007657929323613644, 0.011424718424677849, 0.015191508457064629, 0.01895829848945141, 0.02272508665919304, 0.02649187669157982, 0.030258670449256897, 0.03402546048164368, 0.03779225051403046, 0.041559040546417236, 0.045325830578804016, 0.049092620611190796, 0.05285940691828728, 0.05662619695067406, 0.06039298325777054, 0.06415977329015732, 0.0679265633225441, 0.07169335335493088, 0.07546014338731766, 0.07922693341970444, 0.08299371600151062, 0.0867605060338974, 0.09052729606628418, 0.09429408609867096, 0.09806087613105774, 0.10182766616344452, 0.1055944561958313, 0.10936124622821808, 0.11312803626060486, 0.11689482629299164, 0.12066161632537842]}, "gradients/conv2.0.weight": {"_type": "histogram", "values": [1.0, 1.0, 1.0, 2.0, 2.0, 1.0, 3.0, 3.0, 1.0, 4.0, 6.0, 8.0, 8.0, 14.0, 24.0, 21.0, 41.0, 47.0, 40.0, 75.0, 74.0, 103.0, 135.0, 188.0, 250.0, 329.0, 450.0, 691.0, 1234.0, 3509.0, 1731.0, 1081.0, 662.0, 455.0, 319.0, 254.0, 189.0, 156.0, 118.0, 94.0, 85.0, 78.0, 52.0, 50.0, 43.0, 20.0, 26.0, 22.0, 13.0, 18.0, 19.0, 8.0, 8.0, 8.0, 7.0, 5.0, 2.0, 1.0, 2.0, 2.0, 0.0, 3.0, 2.0, 1.0], "bins": [-0.030460426583886147, -0.029435647651553154, -0.02841086871922016, -0.027386091649532318, -0.026361312717199326, -0.025336533784866333, -0.02431175485253334, -0.023286975920200348, -0.022262196987867355, -0.021237418055534363, -0.02021263912320137, -0.019187860190868378, -0.018163083121180534, -0.017138304188847542, -0.01611352525651455, -0.015088746324181557, -0.014063969254493713, -0.01303919032216072, -0.012014412321150303, -0.01098963338881731, -0.009964855387806892, -0.0089400764554739, -0.007915297523140907, -0.006890519056469202, -0.005865739658474922, -0.004840961191803217, -0.003816182492300868, -0.002791403792798519, -0.0017666253261268139, -0.0007418468594551086, 0.0002829320728778839, 0.0013077105395495892, 0.0023324862122535706, 0.003357264678925276, 0.004382043145596981, 0.005406822077929974, 0.006431600544601679, 0.007456379011273384, 0.008481157943606377, 0.00950593687593937, 0.010530713945627213, 0.011555492877960205, 0.012580270878970623, 0.013605049811303616, 0.014629827812314034, 0.015654606744647026, 0.01667938567698002, 0.01770416460931301, 0.018728943541646004, 0.019753722473978996, 0.02077850140631199, 0.021803278475999832, 0.022828057408332825, 0.023852836340665817, 0.02487761527299881, 0.025902394205331802, 0.026927173137664795, 0.027951952069997787, 0.02897673100233078, 0.030001509934663773, 0.031026287004351616, 0.03205106407403946, 0.03307584673166275, 0.034100621938705444, 0.03512540087103844]}, "gradients/conv2.0.bias": {"_type": "histogram", "values": [1.0, 0.0, 0.0, 0.0, 0.0, 0.0, 0.0, 0.0, 0.0, 0.0, 0.0, 0.0, 0.0, 0.0, 0.0, 0.0, 0.0, 0.0, 0.0, 1.0, 1.0, 0.0, 0.0, 2.0, 0.0, 0.0, 1.0, 1.0, 4.0, 0.0, 4.0, 0.0, 1.0, 3.0, 1.0, 1.0, 1.0, 1.0, 1.0, 0.0, 0.0, 1.0, 0.0, 0.0, 2.0, 0.0, 0.0, 0.0, 0.0, 1.0, 1.0, 0.0, 1.0, 0.0, 0.0, 1.0, 0.0, 0.0, 0.0, 0.0, 0.0, 0.0, 0.0, 1.0], "bins": [-0.013017363846302032, -0.01260906457901001, -0.012200764380395412, -0.01179246511310339, -0.011384164914488792, -0.01097586564719677, -0.010567566379904747, -0.010159267112612724, -0.009750966913998127, -0.009342667646706104, -0.008934367448091507, -0.008526068180799484, -0.008117768913507462, -0.007709468714892864, -0.0073011694476008415, -0.0068928697146475315, -0.0064845699816942215, -0.0060762702487409115, -0.0056679705157876015, -0.005259671248495579, -0.004851371515542269, -0.004443071782588959, -0.004034772515296936, -0.003626472782343626, -0.003218173049390316, -0.002809873316437006, -0.0024015738163143396, -0.0019932743161916733, -0.0015849745832383633, -0.0011766748502850533, -0.0007683753501623869, -0.00036007585003972054, 4.822481423616409e-05, 0.0004565244307741523, 0.0008648240473121405, 0.0012731236638501287, 0.0016814232803881168, 0.002089723013341427, 0.002498022513464093, 0.0029063220135867596, 0.0033146217465400696, 0.0037229214794933796, 0.00413122121244669, 0.004539520479738712, 0.004947820212692022, 0.005356119945645332, 0.005764419212937355, 0.006172718945890665, 0.006581018678843975, 0.006989318411797285, 0.007397618144750595, 0.007805917412042618, 0.00821421667933464, 0.008622516877949238, 0.00903081614524126, 0.009439116343855858, 0.00984741561114788, 0.010255714878439903, 0.0106640150770545, 0.011072314344346523, 0.01148061454296112, 0.011888913810253143, 0.012297213077545166, 0.012705512344837189, 0.013113812543451786]}, "gradients/conv1.0.weight": {"_type": "histogram", "values": [2.0, 1.0, 1.0, 1.0, 0.0, 3.0, 0.0, 1.0, 3.0, 4.0, 2.0, 2.0, 3.0, 5.0, 5.0, 4.0, 8.0, 8.0, 9.0, 7.0, 10.0, 9.0, 11.0, 6.0, 9.0, 15.0, 10.0, 14.0, 21.0, 23.0, 18.0, 20.0, 24.0, 17.0, 13.0, 6.0, 16.0, 9.0, 9.0, 8.0, 6.0, 6.0, 8.0, 6.0, 2.0, 5.0, 4.0, 3.0, 5.0, 1.0, 1.0, 2.0, 0.0, 2.0, 2.0, 0.0, 4.0, 3.0, 1.0, 0.0, 0.0, 1.0, 0.0, 1.0],