{"loss": 0.1921961009502411, "_runtime": 39, "_timestamp": 1641462542, "_step": 1954, "gradients/out.bias": {"_type": "histogram", "values": [1.0, 0.0, 0.0, 0.0, 0.0, 0.0, 0.0, 0.0, 0.0, 0.0, 1.0, 0.0, 0.0, 0.0, 0.0, 0.0, 0.0, 1.0, 0.0, 1.0, 0.0, 0.0, 0.0, 0.0, 0.0, 0.0, 0.0, 0.0, 0.0, 0.0, 0.0, 1.0, 0.0, 0.0, 1.0, 0.0, 1.0, 0.0, 0.0, 1.0, 0.0, 0.0, 0.0, 0.0, 0.0, 0.0, 0.0, 0.0, 0.0, 0.0, 0.0, 0.0, 0.0, 0.0, 0.0, 0.0, 0.0, 0.0, 1.0, 0.0, 0.0, 0.0, 0.0, 1.0], "bins": [-0.014195726253092289, -0.0137418732047081, -0.01328802015632391, -0.01283416710793972, -0.01238031405955553, -0.011926461011171341, -0.011472607031464577, -0.011018753983080387, -0.010564900934696198, -0.010111047886312008, -0.009657194837927818, -0.009203341789543629, -0.008749488741159439, -0.008295634761452675, -0.00784178264439106, -0.007387928664684296, -0.006934076081961393, -0.006480223033577204, -0.006026369985193014, -0.005572516471147537, -0.005118663422763348, -0.004664810374379158, -0.004210957325994968, -0.003757104044780135, -0.003303251229226589, -0.0028493981808423996, -0.0023955448996275663, -0.0019416918512433767, -0.0014878386864438653, -0.0010339855216443539, -0.0005801324732601643, -0.000126279192045331, 0.00032757408916950226, 0.0007814272539690137, 0.0012352804187685251, 0.0016891334671527147, 0.002142986748367548, 0.0025968397967517376, 0.003050692845135927, 0.0035045461263507605, 0.003958399407565594, 0.004412252455949783, 0.004866105504333973, 0.0053199585527181625, 0.0057738120667636395, 0.006227665115147829, 0.006681518163532019, 0.007135371677577496, 0.007589224260300398, 0.008043077774345875, 0.008496930822730064, 0.008950783871114254, 0.009404636919498444, 0.009858489967882633, 0.010312343016266823, 0.010766196064651012, 0.011220049113035202, 0.011673902161419392, 0.012127755209803581, 0.01258160825818777, 0.01303546130657196, 0.013489315286278725, 0.01394316740334034, 0.014397021383047104, 0.014850874431431293]}, "gradients/out.weight": {"_type": "histogram", "values": [2.0, 0.0, 3.0, 2.0, 3.0, 4.0, 5.0, 6.0, 6.0, 8.0, 11.0, 17.0, 23.0, 24.0, 35.0, 32.0, 45.0, 50.0, 59.0, 72.0, 71.0, 93.0, 98.0, 135.0, 146.0, 231.0, 285.0, 343.0, 536.0, 1236.0, 8998.0, 1183.0, 547.0, 288.0, 219.0, 142.0, 136.0, 92.0, 84.0, 54.0, 60.0, 54.0, 51.0, 52.0, 17.0, 25.0, 19.0, 13.0, 11.0, 11.0, 9.0, 2.0, 4.0, 5.0, 1.0, 5.0, 4.0, 6.0, 2.0, 2.0, 1.0, 1.0, 0.0, 1.0], "bins": [-0.10268284380435944, -0.09928058832883835, -0.09587833285331726, -0.09247608482837677, -0.08907382935285568, -0.0856715738773346, -0.08226931840181351, -0.07886706292629242, -0.07546481490135193, -0.07206255942583084, -0.06866030395030975, -0.06525805592536926, -0.061855800449848175, -0.05845354497432709, -0.055051289498806, -0.05164903402328491, -0.048246778547763824, -0.04484452307224274, -0.04144227132201195, -0.03804001584649086, -0.03463776409626007, -0.031235508620738983, -0.027833253145217896, -0.024430999532341957, -0.02102874219417572, -0.017626488581299782, -0.014224234037101269, -0.010821979492902756, -0.007419725880026817, -0.004017472267150879, -0.0006152167916297913, 0.002787036821246147, 0.00618927925825119, 0.009591532871127129, 0.012993787415325642, 0.016396041959524155, 0.019798295572400093, 0.02320054918527603, 0.02660280466079712, 0.030005058273673058, 0.0334073081612587, 0.036809563636779785, 0.040211815387010574, 0.04361407086253166, 0.04701632261276245, 0.05041857808828354, 0.053820833563804626, 0.057223089039325714, 0.0606253445148468, 0.06402759999036789, 0.06742985546588898, 0.07083210349082947, 0.07423435896635056, 0.07763661444187164, 0.08103886991739273, 0.08444112539291382, 0.08784337341785431, 0.0912456288933754, 0.09464788436889648, 0.09805013239383698, 0.10145238786935806, 0.10485464334487915, 0.10825689882040024, 0.11165915429592133, 0.11506140977144241]}, "gradients/conv2.0.weight": {"_type": "histogram", "values": [1.0, 0.0, 0.0, 0.0, 0.0, 2.0, 1.0, 0.0, 3.0, 2.0, 6.0, 5.0, 3.0, 6.0, 10.0, 9.0, 9.0, 9.0, 4.0, 12.0, 16.0, 15.0, 25.0, 37.0, 39.0, 51.0, 80.0, 85.0, 119.0, 130.0, 174.0, 239.0, 336.0, 394.0, 460.0, 581.0, 603.0, 705.0, 741.0, 913.0, 939.0, 866.0, 934.0, 722.0, 622.0, 514.0, 491.0, 397.0, 331.0, 275.0, 219.0, 163.0, 112.0, 119.0, 88.0, 62.0, 42.0, 29.0, 18.0, 18.0, 7.0, 4.0, 2.0, 1.0], "bins": [-0.019404517486691475, -0.01892724260687828, -0.018449965864419937, -0.017972690984606743, -0.01749541610479355, -0.017018139362335205, -0.01654086448252201, -0.016063587740063667, -0.015586312860250473, -0.015109037049114704, -0.014631761237978935, -0.014154486358165741, -0.013677210547029972, -0.013199934735894203, -0.012722659856081009, -0.01224538404494524, -0.011768108233809471, -0.011290832422673702, -0.010813556611537933, -0.010336281731724739, -0.00985900592058897, -0.009381730109453201, -0.008904455229640007, -0.008427179418504238, -0.00794990360736847, -0.0074726277962327, -0.006995352450758219, -0.006518077105283737, -0.006040801294147968, -0.005563525483012199, -0.005086250137537718, -0.004608974792063236, -0.004131699912250042, -0.0036544243339449167, -0.0031771487556397915, -0.0026998731773346663, -0.002222597599029541, -0.0017453220207244158, -0.0012680464424192905, -0.0007907708641141653, -0.00031349528580904007, 0.00016378029249608517, 0.0006410558708012104, 0.0011183314491063356, 0.0015956070274114609, 0.002072882605716586, 0.0025501581840217113, 0.0030274337623268366, 0.003504709340631962, 0.003981985151767731, 0.004459260497242212, 0.004936535842716694, 0.005413811653852463, 0.005891087464988232, 0.006368362810462713, 0.006845638155937195, 0.007322913967072964, 0.007800189778208733, 0.008277464658021927, 0.008754740469157696, 0.009232016280293465, 0.009709292091429234, 0.010186567902565002, 0.010663842782378197, 0.011141118593513966]}, "gradients/conv2.0.bias": {"_type": "histogram", "values": [1.0, 0.0, 0.0, 0.0, 0.0, 0.0, 0.0, 0.0, 0.0, 0.0, 0.0, 0.0, 0.0, 0.0, 0.0, 0.0, 0.0, 0.0, 0.0, 0.0, 1.0, 1.0, 0.0, 1.0, 0.0, 1.0, 0.0, 0.0, 0.0, 2.0, 0.0, 1.0, 0.0, 1.0, 3.0, 0.0, 0.0, 3.0, 0.0, 1.0, 0.0, 0.0, 2.0, 0.0, 2.0, 1.0, 1.0, 0.0, 1.0, 2.0, 1.0, 1.0, 1.0, 0.0, 1.0, 0.0, 1.0, 0.0, 1.0, 0.0, 0.0, 0.0, 0.0, 1.0], "bins": [-0.01656261272728443, -0.016153180971741676, -0.015743747353553772, -0.015334315598011017, -0.014924882911145687, -0.014515450224280357, -0.014106017537415028, -0.013696584850549698, -0.013287153095006943, -0.012877720408141613, -0.012468287721276283, -0.012058855965733528, -0.011649423278868198, -0.011239990592002869, -0.010830557905137539, -0.01042112521827221, -0.01001169253140688, -0.00960225984454155, -0.00919282715767622, -0.00878339447081089, -0.008373962715268135, -0.007964530028402805, -0.007555097341537476, -0.007145664654672146, -0.006736231967806816, -0.006326799280941486, -0.005917367059737444, -0.005507934372872114, -0.005098502151668072, -0.004689069464802742, -0.004279636777937412, -0.003870204323902726, -0.0034607714042067528, -0.0030513389501720667, -0.0026419064961373806, -0.002232473809272051, -0.0018230413552373648, -0.0014136089012026787, -0.001004176214337349, -0.0005947437603026628, -0.00018531177192926407, 0.00022412074031308293, 0.0006335532525554299, 0.0010429858230054379, 0.001452418277040124, 0.00186185073107481, 0.0022712834179401398, 0.002680715871974826, 0.0030901487916707993, 0.0034995812457054853, 0.003909013699740171, 0.004318446386605501, 0.004727878607809544, 0.005137311294674873, 0.005546743981540203, 0.005956176668405533, 0.006365608889609575, 0.006775041576474905, 0.0071844737976789474, 0.007593906484544277, 0.008003339171409607, 0.008412770926952362, 0.008822204545140266, 0.009231636300683022, 0.009641068987548351]}, "gradients/conv1.0.weight": {"_type": "histogram",