{"gradients/out.bias": {"_type": "histogram", "values": [1.0, 0.0, 0.0, 0.0, 0.0, 1.0, 0.0, 0.0, 0.0, 0.0, 0.0, 0.0, 0.0, 1.0, 0.0, 0.0, 0.0, 0.0, 0.0, 0.0, 0.0, 0.0, 0.0, 0.0, 0.0, 0.0, 0.0, 0.0, 0.0, 0.0, 1.0, 0.0, 0.0, 0.0, 2.0, 0.0, 0.0, 0.0, 1.0, 1.0, 1.0, 0.0, 0.0, 0.0, 0.0, 0.0, 0.0, 0.0, 0.0, 0.0, 0.0, 0.0, 0.0, 0.0, 0.0, 0.0, 0.0, 0.0, 0.0, 0.0, 0.0, 0.0, 0.0, 1.0], "bins": [-0.013282658532261848, -0.012842369265854359, -0.012402079068124294, -0.011961789801716805, -0.011521500535309315, -0.01108121033757925, -0.01064092107117176, -0.010200630873441696, -0.009760341607034206, -0.009320052340626717, -0.008879762142896652, -0.008439472876489162, -0.007999183610081673, -0.007558893412351608, -0.0071186041459441185, -0.006678314413875341, -0.006238025147467852, -0.0057977354153990746, -0.005357446148991585, -0.004917156416922808, -0.004476866684854031, -0.004036577418446541, -0.0035962876863777637, -0.0031559979543089867, -0.002715708687901497, -0.0022754191886633635, -0.0018351294565945864, -0.001394839957356453, -0.0009545503417029977, -0.0005142607260495424, -7.3971226811409e-05, 0.0003663185052573681, 0.0008066082373261452, 0.0012468978529796004, 0.0016871874686330557, 0.002127476967871189, 0.002567766699939966, 0.0030080561991780996, 0.003448345698416233, 0.00388863543048501, 0.004328925162553787, 0.004769214894622564, 0.005209504161030054, 0.005649793893098831, 0.006090083625167608, 0.006530373357236385, 0.006970662623643875, 0.007410952355712652, 0.007851241156458855, 0.008291530422866344, 0.008731820620596409, 0.009172109887003899, 0.009612399153411388, 0.010052689351141453, 0.010492978617548943, 0.010933268815279007, 0.011373558081686497, 0.011813847348093987, 0.012254137545824051, 0.01269442681223154, 0.01313471607863903, 0.013575006276369095, 0.014015295542776585, 0.014455584809184074, 0.014895875006914139]}, "gradients/out.weight": {"_type": "histogram", "values": [1.0, 0.0, 2.0, 1.0, 1.0, 3.0, 4.0, 3.0, 3.0, 4.0, 3.0, 8.0, 5.0, 10.0, 14.0, 17.0, 17.0, 21.0, 28.0, 14.0, 38.0, 36.0, 61.0, 74.0, 91.0, 94.0, 126.0, 171.0, 224.0, 287.0, 476.0, 685.0, 2295.0, 7533.0, 1222.0, 749.0, 431.0, 272.0, 175.0, 111.0, 90.0, 56.0, 45.0, 49.0, 24.0, 24.0, 17.0, 9.0, 13.0, 8.0, 6.0, 4.0, 4.0, 6.0, 5.0, 1.0, 1.0, 1.0, 3.0, 1.0, 0.0, 1.0, 0.0, 2.0], "bins": [-0.10969558358192444, -0.10637283325195312, -0.10305009037256241, -0.0997273400425911, -0.09640458971261978, -0.09308184683322906, -0.08975909650325775, -0.08643634617328644, -0.08311359584331512, -0.07979084551334381, -0.0764681026339531, -0.07314535230398178, -0.06982260197401047, -0.06649985909461975, -0.06317710876464844, -0.059854358434677124, -0.05653161555528641, -0.05320886895060539, -0.04988611862063408, -0.046563372015953064, -0.04324062168598175, -0.039917875081300735, -0.03659512847661972, -0.03327237814664841, -0.02994963526725769, -0.026626886799931526, -0.023304138332605362, -0.019981391727924347, -0.016658643260598183, -0.013335894793272018, -0.010013148188591003, -0.006690399721264839, -0.0033676475286483765, -4.489952698349953e-05, 0.0032778484746813774, 0.006600596010684967, 0.009923344478011131, 0.013246092945337296, 0.01656883955001831, 0.019891588017344475, 0.023214340209960938, 0.026537088677287102, 0.029859837144613266, 0.03318258374929428, 0.036505334079265594, 0.03982808068394661, 0.043150827288627625, 0.04647357761859894, 0.049796320497989655, 0.05311906710267067, 0.05644181743264198, 0.059764564037323, 0.06308731436729431, 0.06641006469726562, 0.06973280757665634, 0.07305555790662766, 0.07637830078601837, 0.07970105111598969, 0.0830237939953804, 0.08634654432535172, 0.08966929465532303, 0.09299203753471375, 0.09631478786468506, 0.09963753819465637, 0.10296028852462769]}, "gradients/conv2.0.weight": {"_type": "histogram", "values": [1.0, 0.0, 0.0, 2.0, 1.0, 1.0, 0.0, 4.0, 0.0, 1.0, 4.0, 9.0, 8.0, 5.0, 12.0, 16.0, 24.0, 30.0, 20.0, 31.0, 60.0, 68.0, 71.0, 121.0, 139.0, 166.0, 211.0, 261.0, 338.0, 476.0, 703.0, 988.0, 1383.0, 2711.0, 1591.0, 954.0, 622.0, 425.0, 315.0, 251.0, 177.0, 133.0, 102.0, 74.0, 74.0, 43.0, 38.0, 27.0, 33.0, 20.0, 19.0, 6.0, 6.0, 5.0, 4.0, 3.0, 3.0, 2.0, 5.0, 0.0, 0.0, 2.0, 0.0, 1.0], "bins": [-0.04173138365149498, -0.04049427807331085, -0.039257172495126724, -0.038020070642232895, -0.03678296506404877, -0.03554585948586464, -0.03430875390768051, -0.033071648329496384, -0.031834542751312256, -0.030597437173128128, -0.02936033345758915, -0.02812322787940502, -0.026886124163866043, -0.025649018585681915, -0.024411913007497787, -0.02317480742931366, -0.02193770557641983, -0.020700599998235703, -0.019463496282696724, -0.018226390704512596, -0.016989286988973618, -0.01575218141078949, -0.014515075832605362, -0.013277971185743809, -0.012040866538882256, -0.010803761892020702, -0.00956665724515915, -0.008329551666975021, -0.007092447020113468, -0.005855342373251915, -0.0046182372607290745, -0.003381132148206234, -0.0021440312266349792, -0.0009069263469427824, 0.00033017853274941444, 0.0015672834124416113, 0.002804388292133808, 0.004041492938995361, 0.005278598051518202, 0.006515703164041042, 0.0077528078109025955, 0.008989912457764149, 0.010227017104625702, 0.01146412268280983, 0.012701227329671383, 0.013938331976532936, 0.015175437554717064, 0.016412541270256042, 0.01764964684844017, 0.018886752426624298, 0.020123856142163277, 0.021360961720347404, 0.022598065435886383, 0.02383517101407051, 0.02507227659225464, 0.026309382170438766, 0.027546485885977745, 0.028783591464161873, 0.03002069517970085, 0.03125780075788498, 0.03249490633606911, 0.033732011914253235, 0.034969113767147064, 0.03620621934533119, 0.03744332492351532]}, "gradients/conv2.0.bias": {"_type": "histogram", "values": [1.0, 0.0, 0.0, 0.0, 0.0, 0.0, 1.0, 0.0, 0.0, 0.0, 0.0, 0.0, 0.0, 0.0, 0.0, 1.0, 0.0, 0.0, 0.0, 0.0, 1.0, 0.0, 0.0, 0.0, 0.0, 2.0, 0.0, 1.0, 0.0, 0.0, 3.0, 0.0, 1.0, 0.0, 1.0, 0.0, 2.0, 0.0, 0.0, 3.0, 3.0, 1.0, 1.0, 1.0, 0.0, 1.0, 1.0, 2.0, 0.0, 0.0, 1.0, 1.0, 0.0, 0.0, 0.0, 1.0, 0.0, 1.0, 0.0, 0.0, 0.0, 0.0, 0.0, 1.0], "bins": [-0.017605522647500038, -0.017176028341054916, -0.016746532171964645, -0.016317037865519524, -0.015887543559074402, -0.015458048321306705, -0.015028553083539009, -0.014599058777093887, -0.014169564470648766, -0.01374006923288107, -0.013310574926435947, -0.012881079688668251, -0.01245158538222313, -0.012022090144455433, -0.011592594906687737, -0.011163100600242615, -0.010733605362474918, -0.010304110124707222, -0.0098746158182621, -0.009445120580494404, -0.009015626274049282, -0.008586131036281586, -0.008156636729836464, -0.0077271414920687675, -0.007297646254301071, -0.006868151482194662, -0.006438656710088253, -0.006009161472320557, -0.005579667165875435, -0.0051501719281077385, -0.004720677156001329, -0.00429118238389492, -0.003861689008772373, -0.003432194236665964, -0.003002699464559555, -0.0025732044596225023, -0.0021437096875160933, -0.0017142149154096842, -0.0012847199104726315, -0.0008552251383662224, -0.0004257308319211006, 3.76399839296937e-06, 0.00043325882870703936, 0.0008627537172287703, 0.0012922484893351793, 0.0017217432614415884, 0.002151238266378641, 0.00258073303848505, 0.0030102282762527466, 0.0034397230483591557, 0.0038692178204655647, 0.004298713058233261, 0.004728207364678383, 0.005157702602446079, 0.005587197374552488, 0.006016692146658897, 0.0064461869187653065, 0.0068756816908717155, 0.007305176462978125, 0.007734671235084534, 0.00816416647285223, 0.008593660779297352, 0.009023156017065048, 0.00945265032351017, 0.009882145561277866]}, "gradients/conv1.0.weight": {"_type": "histogram", "values": [1.0, 2.0, 2.0, 1.0, 0.0, 2.0, 0.0, 0.0, 3.0, 2.0, 2.0, 2.0, 4.0, 3.0, 2.0, 1.0, 4.0, 3.0, 2.0, 10.0, 6.0, 8.0, 7.0, 8.0, 12.0, 8.0, 12.0, 9.0, 15.0, 13.0, 8.0, 20.0, 9.0, 27.0, 30.0, 26.0, 15.0, 13.0, 13.0, 13.0, 9.0, 11.0, 6.0, 6.0, 3.0, 8.0, 2.0, 3.0, 2.0, 6.0, 1.0, 3.0, 4.0, 1.0, 4.0, 3.0, 3.0, 2.0, 0.0, 2.0, 1.0, 0.0, 0.0, 2.0],