{"gradients/out.bias": {"_type": "histogram", "values": [2.0, 0.0, 0.0, 0.0, 0.0, 0.0, 0.0, 0.0, 0.0, 0.0, 0.0, 0.0, 0.0, 0.0, 0.0, 0.0, 0.0, 0.0, 0.0, 0.0, 0.0, 0.0, 0.0, 1.0, 0.0, 0.0, 2.0, 0.0, 0.0, 1.0, 0.0, 0.0, 0.0, 0.0, 0.0, 1.0, 0.0, 0.0, 0.0, 0.0, 0.0, 0.0, 1.0, 0.0, 0.0, 0.0, 0.0, 0.0, 0.0, 0.0, 0.0, 0.0, 0.0, 0.0, 1.0, 0.0, 0.0, 0.0, 0.0, 0.0, 0.0, 0.0, 0.0, 1.0], "bins": [-0.03556795045733452, -0.034391894936561584, -0.03321583569049835, -0.03203978016972542, -0.030863724648952484, -0.02968766912817955, -0.028511611744761467, -0.027335554361343384, -0.02615949884057045, -0.024983443319797516, -0.023807385936379433, -0.02263132855296135, -0.021455273032188416, -0.02027921751141548, -0.0191031601279974, -0.017927102744579315, -0.01675104722380638, -0.015574990771710873, -0.014398934319615364, -0.013222877867519855, -0.012046821415424347, -0.010870764963328838, -0.00969470851123333, -0.008518652059137821, -0.007342595607042313, -0.006166539154946804, -0.0049904827028512955, -0.003814426250755787, -0.0026383697986602783, -0.0014623133465647697, -0.00028625689446926117, 0.0008897995576262474, 0.0020658522844314575, 0.003241908736526966, 0.004417965188622475, 0.005594021640717983, 0.006770078092813492, 0.007946134544909, 0.009122190997004509, 0.010298247449100018, 0.011474303901195526, 0.012650360353291035, 0.013826416805386543, 0.015002473257482052, 0.01617852970957756, 0.017354585230350494, 0.018530642613768578, 0.01970669999718666, 0.020882755517959595, 0.02205881103873253, 0.023234868422150612, 0.024410925805568695, 0.02558698132634163, 0.026763036847114563, 0.027939094230532646, 0.02911515161395073, 0.030291207134723663, 0.0314672626554966, 0.03264331817626953, 0.033819377422332764, 0.0349954329431057, 0.03617148846387863, 0.037347547709941864, 0.0385236032307148, 0.03969965875148773]}, "gradients/out.weight": {"_type": "histogram", "values": [1.0, 0.0, 0.0, 0.0, 0.0, 1.0, 1.0, 0.0, 1.0, 1.0, 0.0, 1.0, 1.0, 2.0, 1.0, 3.0, 1.0, 2.0, 1.0, 9.0, 8.0, 6.0, 6.0, 6.0, 11.0, 12.0, 28.0, 52.0, 15385.0, 44.0, 18.0, 22.0, 15.0, 12.0, 4.0, 6.0, 4.0, 0.0, 5.0, 2.0, 0.0, 0.0, 1.0, 0.0, 0.0, 1.0, 0.0, 0.0, 1.0, 1.0, 0.0, 1.0, 0.0, 1.0, 1.0, 0.0, 0.0, 0.0, 0.0, 0.0, 0.0, 0.0, 0.0, 1.0], "bins": [-0.04099380224943161, -0.03954301401972771, -0.038092222064733505, -0.0366414338350296, -0.0351906418800354, -0.0337398536503315, -0.032289065420627594, -0.03083827532827854, -0.02938748523592949, -0.027936695143580437, -0.026485905051231384, -0.02503511682152748, -0.02358432672917843, -0.022133536636829376, -0.020682748407125473, -0.01923195831477642, -0.017781168222427368, -0.016330378130078316, -0.014879588969051838, -0.01342879980802536, -0.011978009715676308, -0.010527219623327255, -0.009076430462300777, -0.0076256413012743, -0.006174851208925247, -0.004724061582237482, -0.003273271955549717, -0.0018224823288619518, -0.0003716927021741867, 0.0010790969245135784, 0.0025298865512013435, 0.003980675712227821, 0.005431465804576874, 0.006882255431264639, 0.008333045057952404, 0.009783834218978882, 0.011234624311327934, 0.012685414403676987, 0.014136203564703465, 0.015586992725729942, 0.017037782818078995, 0.018488572910428047, 0.0199393630027771, 0.021390151232481003, 0.022840941324830055, 0.024291731417179108, 0.02574251964688301, 0.027193309739232063, 0.028644099831581116, 0.030094889923930168, 0.03154568001627922, 0.032996468245983124, 0.034447260200977325, 0.03589804843068123, 0.03734883666038513, 0.038799628615379333, 0.04025041684508324, 0.04170120507478714, 0.04315199702978134, 0.044602785259485245, 0.04605357348918915, 0.04750436544418335, 0.04895515367388725, 0.050405941903591156, 0.05185673385858536]}, "gradients/conv2.0.weight": {"_type": "histogram", "values": [1.0, 1.0, 0.0, 0.0, 0.0, 1.0, 1.0, 0.0, 1.0, 0.0, 2.0, 2.0, 2.0, 1.0, 3.0, 3.0, 1.0, 2.0, 0.0, 4.0, 1.0, 1.0, 2.0, 12754.0, 0.0, 1.0, 1.0, 2.0, 0.0, 3.0, 0.0, 0.0, 1.0, 0.0, 0.0, 0.0, 1.0, 0.0, 0.0, 0.0, 0.0, 1.0, 1.0, 1.0, 0.0, 1.0, 1.0, 0.0, 0.0, 0.0, 0.0, 0.0, 0.0, 0.0, 0.0, 0.0, 0.0, 0.0, 2.0, 0.0, 0.0, 0.0, 0.0, 1.0], "bins": [-0.10853749513626099, -0.10382332652807236, -0.09910915791988373, -0.0943949893116951, -0.08968082070350647, -0.08496665954589844, -0.08025249093770981, -0.07553832232952118, -0.07082415372133255, -0.06610998511314392, -0.06139581650495529, -0.05668165162205696, -0.05196748301386833, -0.0472533144056797, -0.04253914952278137, -0.03782498091459274, -0.033110812306404114, -0.028396643698215485, -0.023682476952672005, -0.018968310207128525, -0.014254141598939896, -0.009539972990751266, -0.0048258062452077866, -0.00011163949966430664, 0.0046025291085243225, 0.009316696785390377, 0.014030864462256432, 0.01874503120779991, 0.02345919981598854, 0.02817336842417717, 0.0328875333070755, 0.03760170191526413, 0.042315855622291565, 0.047030024230480194, 0.05174419283866882, 0.056458357721567154, 0.06117252632975578, 0.06588669121265411, 0.07060085982084274, 0.07531502842903137, 0.08002919703722, 0.08474336564540863, 0.08945753425359726, 0.09417170286178589, 0.09888586401939392, 0.10360004007816315, 0.10831420123577118, 0.11302836984395981, 0.11774253845214844, 0.12245670706033707, 0.1271708756685257, 0.13188503682613373, 0.13659921288490295, 0.141313374042511, 0.1460275501012802, 0.15074171125888824, 0.15545588731765747, 0.1601700484752655, 0.16488422453403473, 0.16959838569164276, 0.174312561750412, 0.17902672290802002, 0.18374089896678925, 0.18845506012439728, 0.1931692212820053]}, "gradients/conv2.0.bias": {"_type": "histogram", "values": [1.0, 0.0, 0.0, 0.0, 0.0, 0.0, 0.0, 0.0, 0.0, 0.0, 0.0, 0.0, 0.0, 0.0, 0.0, 0.0, 0.0, 0.0, 0.0, 30.0, 0.0, 0.0, 0.0, 0.0, 0.0, 0.0, 0.0, 0.0, 0.0, 0.0, 0.0, 0.0, 0.0, 0.0, 0.0, 0.0, 0.0, 0.0, 0.0, 0.0, 0.0, 0.0, 0.0, 0.0, 0.0, 0.0, 0.0, 0.0, 0.0, 0.0, 0.0, 0.0, 0.0, 0.0, 0.0, 0.0, 0.0, 0.0, 0.0, 0.0, 0.0, 0.0, 0.0, 1.0], "bins": [-0.1366620808839798, -0.129743754863739, -0.12282542884349823, -0.11590711027383804, -0.10898878425359726, -0.10207045823335648, -0.09515213966369629, -0.0882338136434555, -0.08131548762321472, -0.07439716160297394, -0.06747883558273315, -0.06056051701307297, -0.053642190992832184, -0.0467238649725914, -0.039805542677640915, -0.03288722038269043, -0.025968894362449646, -0.01905057020485401, -0.012132246047258377, -0.005213921889662743, 0.0017044022679328918, 0.008622728288173676, 0.01554105058312416, 0.022459372878074646, 0.02937769889831543, 0.03629602491855621, 0.0432143472135067, 0.050132669508457184, 0.05705099552869797, 0.06396932154893875, 0.07088764011859894, 0.07780596613883972, 0.08472427725791931, 0.0916426032781601, 0.09856092929840088, 0.10547924786806107, 0.11239757388830185, 0.11931589990854263, 0.12623421847820282, 0.1331525444984436, 0.1400708705186844, 0.14698919653892517, 0.15390752255916595, 0.16082584857940674, 0.16774415969848633, 0.1746625006198883, 0.1815808117389679, 0.18849913775920868, 0.19541746377944946, 0.20233578979969025, 0.20925411581993103, 0.21617244184017181, 0.2230907678604126, 0.2300090789794922, 0.23692740499973297, 0.24384573101997375, 0.25076407194137573, 0.2576823830604553, 0.2646007239818573, 0.2715190351009369, 0.27843737602233887, 0.28535568714141846, 0.29227402806282043, 0.2991923391819, 0.3061106503009796]}, "gradients/conv1.0.weight": {"_type": "histogram", "values": [1.0, 0.0, 1.0, 0.0, 0.0, 0.0, 0.0, 0.0, 0.0, 0.0, 0.0, 2.0, 2.0, 0.0, 0.0, 0.0, 4.0, 378.0, 2.0, 0.0, 0.0, 2.0, 0.0, 0.0, 0.0, 1.0, 1.0, 0.0, 0.0, 0.0, 0.0, 0.0, 2.0, 0.0, 0.0, 0.0, 0.0, 0.0, 0.0, 0.0, 0.0, 0.0, 0.0, 0.0, 0.0, 0.0, 0.0, 1.0, 0.0, 1.0, 0.0, 0.0, 0.0, 0.0, 0.0, 0.0, 0.0, 0.0, 0.0, 0.0, 0.0, 0.0, 0.0, 2.0],