{"gradients/out.bias": {"_type": "histogram", "values": [1.0, 0.0, 0.0, 0.0, 0.0, 0.0, 0.0, 0.0, 0.0, 0.0, 0.0, 0.0, 0.0, 0.0, 0.0, 0.0, 0.0, 0.0, 0.0, 0.0, 0.0, 0.0, 0.0, 0.0, 0.0, 0.0, 0.0, 0.0, 0.0, 0.0, 0.0, 0.0, 0.0, 0.0, 0.0, 0.0, 0.0, 0.0, 0.0, 0.0, 0.0, 1.0, 4.0, 1.0, 0.0, 0.0, 0.0, 0.0, 0.0, 1.0, 0.0, 0.0, 0.0, 0.0, 1.0, 0.0, 0.0, 0.0, 0.0, 0.0, 0.0, 0.0, 0.0, 1.0], "bins": [-0.013365357182919979, -0.013049157336354256, -0.012732956558465958, -0.012416756711900234, -0.01210055686533451, -0.011784356087446213, -0.01146815624088049, -0.011151956394314766, -0.010835755616426468, -0.010519555769860744, -0.010203354991972446, -0.009887155145406723, -0.009570954367518425, -0.009254754520952702, -0.008938554674386978, -0.00862235389649868, -0.008306154049932957, -0.007989954203367233, -0.007673753425478935, -0.007357553578913212, -0.007041353266686201, -0.00672515295445919, -0.006408953107893467, -0.006092752795666456, -0.0057765524834394455, -0.005460352171212435, -0.005144151858985424, -0.004827952012419701, -0.00451175170019269, -0.004195551387965679, -0.003879351308569312, -0.003563151229172945, -0.0032469509169459343, -0.0029307506047189236, -0.0026145505253225565, -0.0022983504459261894, -0.0019821501336991787, -0.0016659499378874898, -0.001349749742075801, -0.0010335496626794338, -0.0007173493504524231, -0.0004011491546407342, -8.49489588290453e-05, 0.0002312512369826436, 0.0005474514327943325, 0.0008636516286060214, 0.0011798518244177103, 0.0014960519038140774, 0.001812252216041088, 0.002128452528268099, 0.002444652607664466, 0.002760852687060833, 0.0030770529992878437, 0.0033932533115148544, 0.0037094533909112215, 0.004025653470307589, 0.004341853782534599, 0.00465805409476161, 0.004974254406988621, 0.005290454253554344, 0.005606654565781355, 0.005922854878008366, 0.006239054724574089, 0.0065552550368011, 0.0068714553490281105]}, "gradients/out.weight": {"_type": "histogram", "values": [1.0, 0.0, 0.0, 0.0, 0.0, 1.0, 0.0, 0.0, 1.0, 0.0, 0.0, 1.0, 2.0, 2.0, 1.0, 1.0, 3.0, 3.0, 1.0, 2.0, 1.0, 7.0, 5.0, 8.0, 5.0, 12.0, 11.0, 15.0, 22.0, 14.0, 15.0, 18.0, 17.0, 26.0, 25.0, 31.0, 35.0, 39.0, 46.0, 61.0, 74.0, 98.0, 130.0, 225.0, 3964.0, 9166.0, 511.0, 324.0, 213.0, 150.0, 99.0, 74.0, 56.0, 49.0, 33.0, 22.0, 23.0, 13.0, 6.0, 6.0, 2.0, 4.0, 1.0, 5.0], "bins": [-0.12505413591861725, -0.12227549403905869, -0.11949684470891953, -0.11671820282936096, -0.1139395609498024, -0.11116091161966324, -0.10838226974010468, -0.10560362040996552, -0.10282497853040695, -0.10004633665084839, -0.09726768732070923, -0.09448904544115067, -0.0917104035615921, -0.08893175423145294, -0.08615311235189438, -0.08337447047233582, -0.08059582114219666, -0.07781717926263809, -0.07503852993249893, -0.07225988805294037, -0.0694812461733818, -0.06670259684324265, -0.06392395496368408, -0.06114530935883522, -0.058366671204566956, -0.055588025599718094, -0.05280938372015953, -0.05003073811531067, -0.04725209251046181, -0.044473446905612946, -0.04169480502605438, -0.03891615942120552, -0.03613751754164696, -0.033358871936798096, -0.030580228194594383, -0.02780158445239067, -0.02502293884754181, -0.022244295105338097, -0.019465651363134384, -0.016687005758285522, -0.01390836015343666, -0.011129715479910374, -0.008351070806384087, -0.005572427064180374, -0.002793782390654087, -1.5137717127799988e-05, 0.0027635060250759125, 0.005542151629924774, 0.008320793509483337, 0.011099438183009624, 0.013878082856535912, 0.016656726598739624, 0.019435372203588486, 0.022214015945792198, 0.02499265968799591, 0.027771305292844772, 0.030549949035048485, 0.0333285927772522, 0.03610723838210106, 0.03888588398694992, 0.041664525866508484, 0.044443171471357346, 0.04722181707620621, 0.05000045895576477, 0.05277910456061363]}, "gradients/conv2.0.weight": {"_type": "histogram", "values": [1.0, 1.0, 1.0, 1.0, 3.0, 7.0, 1.0, 4.0, 8.0, 7.0, 10.0, 13.0, 18.0, 22.0, 20.0, 29.0, 43.0, 43.0, 63.0, 64.0, 89.0, 124.0, 176.0, 223.0, 325.0, 509.0, 860.0, 1431.0, 3902.0, 2390.0, 915.0, 473.0, 281.0, 193.0, 137.0, 98.0, 71.0, 63.0, 43.0, 21.0, 17.0, 20.0, 15.0, 7.0, 8.0, 12.0, 5.0, 8.0, 5.0, 2.0, 2.0, 2.0, 2.0, 1.0, 2.0, 1.0, 3.0, 2.0, 0.0, 0.0, 1.0, 0.0, 0.0, 2.0], "bins": [-0.03582319989800453, -0.0345781147480011, -0.03333302587270737, -0.032087936997413635, -0.030842851847410202, -0.02959776483476162, -0.028352677822113037, -0.027107590809464455, -0.025862503796815872, -0.02461741678416729, -0.023372329771518707, -0.022127242758870125, -0.020882155746221542, -0.01963706873357296, -0.018391981720924377, -0.017146894708275795, -0.015901807695627213, -0.01465672068297863, -0.013411633670330048, -0.012166546657681465, -0.010921459645032883, -0.0096763726323843, -0.008431285619735718, -0.007186198607087135, -0.005941111594438553, -0.00469602458178997, -0.003450937569141388, -0.0022058505564928055, -0.000960763543844223, 0.00028432346880435944, 0.001529410481452942, 0.0027744974941015244, 0.004019580781459808, 0.005264667794108391, 0.006509754806756973, 0.007754841819405556, 0.008999928832054138, 0.01024501584470272, 0.011490102857351303, 0.012735189869999886, 0.013980276882648468, 0.01522536389529705, 0.016470450907945633, 0.017715537920594215, 0.018960624933242798, 0.02020571194589138, 0.021450798958539963, 0.022695885971188545, 0.023940972983837128, 0.02518605999648571, 0.026431147009134293, 0.027676234021782875, 0.028921321034431458, 0.03016640804708004, 0.03141149505972862, 0.032656580209732056, 0.03390166908502579, 0.03514675796031952, 0.03639184311032295, 0.037636928260326385, 0.03888201713562012, 0.04012710601091385, 0.04137219116091728, 0.042617276310920715, 0.04386236518621445]}, "gradients/conv2.0.bias": {"_type": "histogram", "values": [2.0, 0.0, 1.0, 0.0, 0.0, 0.0, 2.0, 0.0, 0.0, 0.0, 0.0, 0.0, 0.0, 0.0, 0.0, 0.0, 0.0, 0.0, 0.0, 0.0, 0.0, 0.0, 0.0, 1.0, 3.0, 0.0, 0.0, 0.0, 0.0, 0.0, 0.0, 0.0, 0.0, 0.0, 1.0, 1.0, 0.0, 1.0, 1.0, 1.0, 2.0, 1.0, 1.0, 0.0, 1.0, 2.0, 0.0, 0.0, 0.0, 1.0, 4.0, 1.0, 0.0, 1.0, 1.0, 2.0, 0.0, 0.0, 0.0, 0.0, 0.0, 0.0, 0.0, 1.0], "bins": [-0.009771470911800861, -0.00953094381839037, -0.009290416724979877, -0.009049889631569386, -0.008809362538158894, -0.008568835444748402, -0.00832830835133791, -0.008087781257927418, -0.007847254164516926, -0.007606727071106434, -0.007366199977695942, -0.00712567288428545, -0.006885145790874958, -0.006644618697464466, -0.006404091604053974, -0.006163564510643482, -0.005923037882894278, -0.005682510789483786, -0.005441983696073294, -0.005201456602662802, -0.00496092950925231, -0.004720402415841818, -0.004479875788092613, -0.004239348694682121, -0.003998821601271629, -0.0037582945078611374, -0.0035177674144506454, -0.0032772403210401535, -0.0030367132276296616, -0.0027961861342191696, -0.0025556592736393213, -0.0023151321802288294, -0.002074605319648981, -0.0018340782262384892, -0.0015935511328279972, -0.001353024155832827, -0.0011124970624223351, -0.0008719699690118432, -0.0006314429920166731, -0.00039091589860618114, -0.00015038857236504555, 9.013849194161594e-05, 0.0003306655562482774, 0.0005711925914511085, 0.0008117196848616004, 0.0010522467782720923, 0.0012927737552672625, 0.0015333008486777544, 0.0017738277092576027, 0.0020143548026680946, 0.0022548818960785866, 0.0024954089894890785, 0.0027359360828995705, 0.0029764631763100624, 0.0032169900368899107, 0.0034575171303004026, 0.0036980442237108946, 0.003938571084290743, 0.004179098177701235, 0.004419625271111727, 0.004660152364522219, 0.004900679457932711, 0.005141206551343203, 0.0053817336447536945, 0.0056222607381641865]}, "gradients/conv1.0.weight": {"_type": "histogram", "values": [1.0, 0.0, 2.0, 0.0, 0.0, 0.0, 0.0, 0.0, 0.0, 0.0, 2.0, 1.0, 0.0, 0.0, 0.0, 1.0, 1.0, 1.0, 0.0, 2.0, 1.0, 2.0, 4.0, 0.0, 4.0, 7.0, 3.0, 7.0, 4.0, 4.0, 7.0, 8.0, 9.0, 17.0, 25.0, 37.0, 30.0, 28.0, 21.0, 20.0, 17.0, 12.0, 17.0, 8.0, 12.0, 8.0, 16.0, 8.0, 4.0, 6.0, 6.0, 5.0, 7.0, 1.0, 4.0, 8.0, 4.0, 1.0, 2.0, 1.0, 3.0, 0.0, 0.0, 1.0],