{"gradients/out.bias": {"_type": "histogram", "values": [1.0, 0.0, 0.0, 0.0, 0.0, 0.0, 0.0, 0.0, 0.0, 0.0, 0.0, 0.0, 0.0, 0.0, 0.0, 0.0, 0.0, 0.0, 0.0, 0.0, 0.0, 0.0, 0.0, 0.0, 0.0, 0.0, 0.0, 0.0, 0.0, 0.0, 0.0, 0.0, 0.0, 1.0, 0.0, 0.0, 0.0, 0.0, 0.0, 0.0, 0.0, 1.0, 1.0, 2.0, 0.0, 0.0, 1.0, 1.0, 0.0, 0.0, 0.0, 0.0, 0.0, 0.0, 0.0, 0.0, 0.0, 1.0, 0.0, 0.0, 0.0, 0.0, 0.0, 1.0], "bins": [-0.024661574512720108, -0.024072933942079544, -0.02348429337143898, -0.022895652800798416, -0.022307012230157852, -0.021718371659517288, -0.021129731088876724, -0.02054109051823616, -0.019952449947595596, -0.019363809376955032, -0.01877516880631447, -0.018186528235673904, -0.01759788766503334, -0.017009247094392776, -0.016420606523752213, -0.01583196595311165, -0.01524332445114851, -0.014654683880507946, -0.014066043309867382, -0.013477402739226818, -0.012888762168586254, -0.01230012159794569, -0.011711480095982552, -0.011122839525341988, -0.010534198954701424, -0.00994555838406086, -0.009356917813420296, -0.008768277242779732, -0.008179636672139168, -0.007590996101498604, -0.0070023550651967525, -0.006413714494556189, -0.005825074389576912, -0.005236433818936348, -0.004647793248295784, -0.00405915267765522, -0.0034705118741840124, -0.0028818713035434484, -0.002293230500072241, -0.0017045899294316769, -0.0011159498244524002, -0.0005273091956041753, 6.133143324404955e-05, 0.0006499721202999353, 0.0012386126909404993, 0.0018272532615810633, 0.002415894065052271, 0.003004534635692835, 0.003593175671994686, 0.00418181624263525, 0.004770456813275814, 0.005359097383916378, 0.005947737954556942, 0.006536378525197506, 0.007125019561499357, 0.007713660132139921, 0.008302301168441772, 0.008890941739082336, 0.0094795823097229, 0.010068222880363464, 0.010656863451004028, 0.011245504021644592, 0.011834144592285156, 0.01242278516292572, 0.013011425733566284]}, "gradients/out.weight": {"_type": "histogram", "values": [2.0, 1.0, 0.0, 2.0, 1.0, 0.0, 0.0, 1.0, 3.0, 3.0, 1.0, 3.0, 3.0, 7.0, 4.0, 3.0, 9.0, 4.0, 7.0, 5.0, 7.0, 8.0, 12.0, 18.0, 22.0, 23.0, 30.0, 37.0, 39.0, 44.0, 45.0, 69.0, 76.0, 94.0, 125.0, 179.0, 220.0, 312.0, 568.0, 10688.0, 1242.0, 559.0, 357.0, 232.0, 154.0, 108.0, 79.0, 69.0, 60.0, 39.0, 32.0, 20.0, 14.0, 13.0, 7.0, 5.0, 6.0, 1.0, 2.0, 3.0, 1.0, 0.0, 0.0, 2.0], "bins": [-0.22153860330581665, -0.21592524647712708, -0.2103119045495987, -0.20469854772090912, -0.19908520579338074, -0.19347184896469116, -0.1878584921360016, -0.182245135307312, -0.17663179337978363, -0.17101843655109406, -0.16540509462356567, -0.1597917377948761, -0.15417838096618652, -0.14856503903865814, -0.14295168220996857, -0.13733834028244019, -0.1317249834537506, -0.12611162662506104, -0.12049828469753265, -0.11488492786884308, -0.1092715784907341, -0.10365822911262512, -0.09804487228393555, -0.09243152290582657, -0.08681817352771759, -0.08120482414960861, -0.07559147477149963, -0.06997811794281006, -0.06436476856470108, -0.0587514191865921, -0.053138066083192825, -0.04752471297979355, -0.04191136360168457, -0.03629801422357559, -0.030684661120176315, -0.025071309879422188, -0.01945795863866806, -0.013844607397913933, -0.008231256157159805, -0.0026179030537605286, 0.0029954463243484497, 0.008608797565102577, 0.014222148805856705, 0.019835500046610832, 0.02544885128736496, 0.031062202528119087, 0.036675553768873215, 0.04228890687227249, 0.04790225625038147, 0.05351560562849045, 0.059128958731889725, 0.064742311835289, 0.07035566121339798, 0.07596901059150696, 0.08158236742019653, 0.08719571679830551, 0.09280906617641449, 0.09842241555452347, 0.10403576493263245, 0.10964912176132202, 0.115262471139431, 0.12087582051753998, 0.12648917734622955, 0.13210251927375793, 0.1377158761024475]}, "gradients/conv2.0.weight": {"_type": "histogram", "values": [1.0, 4.0, 3.0, 8.0, 6.0, 6.0, 13.0, 9.0, 19.0, 20.0, 32.0, 40.0, 53.0, 56.0, 85.0, 114.0, 139.0, 151.0, 170.0, 210.0, 272.0, 291.0, 353.0, 457.0, 529.0, 613.0, 746.0, 888.0, 1308.0, 857.0, 878.0, 752.0, 627.0, 502.0, 438.0, 322.0, 336.0, 289.0, 224.0, 205.0, 165.0, 131.0, 96.0, 85.0, 59.0, 56.0, 39.0, 29.0, 28.0, 22.0, 11.0, 13.0, 9.0, 4.0, 8.0, 3.0, 5.0, 1.0, 3.0, 2.0, 0.0, 1.0, 1.0, 3.0], "bins": [-0.018506644293665886, -0.01786166802048683, -0.017216689884662628, -0.016571713611483574, -0.01592673733830452, -0.01528176013380289, -0.014636782929301262, -0.013991806656122208, -0.013346829451620579, -0.01270185224711895, -0.012056875973939896, -0.011411898769438267, -0.010766921564936638, -0.010121945291757584, -0.009476968087255955, -0.008831990882754326, -0.008187014609575272, -0.00754203787073493, -0.0068970611318945885, -0.00625208392739296, -0.005607107188552618, -0.0049621304497122765, -0.004317153245210648, -0.003672176506370306, -0.0030271997675299644, -0.002382223028689623, -0.0017372460570186377, -0.0010922692017629743, -0.00044729234650731087, 0.0001976843923330307, 0.0008426613640040159, 0.0014876383356750011, 0.002132616937160492, 0.0027775936760008335, 0.0034225706476718187, 0.004067547619342804, 0.0047125243581831455, 0.005357501097023487, 0.006002478301525116, 0.0066474550403654575, 0.007292431779205799, 0.007937408983707428, 0.008582385256886482, 0.009227362461388111, 0.00987233966588974, 0.010517315939068794, 0.011162293143570423, 0.011807270348072052, 0.012452246621251106, 0.013097223825752735, 0.01374220009893179, 0.014387177303433418, 0.015032153576612473, 0.015677131712436676, 0.01632210798561573, 0.016967084258794785, 0.017612062394618988, 0.018257038667798042, 0.018902016803622246, 0.0195469930768013, 0.020191969349980354, 0.02083694562315941, 0.021481923758983612, 0.022126900032162666, 0.02277187630534172]}, "gradients/conv2.0.bias": {"_type": "histogram", "values": [1.0, 0.0, 0.0, 1.0, 0.0, 0.0, 1.0, 0.0, 0.0, 1.0, 0.0, 0.0, 0.0, 0.0, 0.0, 0.0, 0.0, 1.0, 0.0, 0.0, 2.0, 1.0, 0.0, 2.0, 0.0, 0.0, 0.0, 0.0, 0.0, 0.0, 0.0, 1.0, 1.0, 2.0, 0.0, 0.0, 0.0, 3.0, 0.0, 2.0, 1.0, 1.0, 1.0, 0.0, 0.0, 0.0, 1.0, 0.0, 2.0, 0.0, 0.0, 0.0, 0.0, 1.0, 2.0, 0.0, 1.0, 1.0, 0.0, 0.0, 0.0, 0.0, 1.0, 1.0], "bins": [-0.016985218971967697, -0.01658604107797146, -0.01618686318397522, -0.01578768528997898, -0.015388507395982742, -0.014989329501986504, -0.014590151607990265, -0.014190973713994026, -0.013791795819997787, -0.013392617926001549, -0.01299344003200531, -0.012594262138009071, -0.012195084244012833, -0.011795906350016594, -0.011396728456020355, -0.010997550562024117, -0.010598372668027878, -0.010199194774031639, -0.0098000168800354, -0.009400838986039162, -0.009001661092042923, -0.008602483198046684, -0.008203305304050446, -0.007804127410054207, -0.007404949516057968, -0.007005771622061729, -0.006606593728065491, -0.006207415834069252, -0.005808237940073013, -0.005409060046076775, -0.005009882152080536, -0.004610704258084297, -0.0042115263640880585, -0.0038123484700918198, -0.003413170576095581, -0.0030139926820993423, -0.0026148147881031036, -0.002215636894106865, -0.0018164590001106262, -0.0014172811061143875, -0.0010181032121181488, -0.0006189253181219101, -0.0002197474241256714, 0.00017943046987056732, 0.000578608363866806, 0.0009777862578630447, 0.0013769641518592834, 0.0017761420458555222, 0.002175319939851761, 0.0025744978338479996, 0.0029736757278442383, 0.003372853621840477, 0.0037720315158367157, 0.004171209409832954, 0.004570387303829193, 0.004969565197825432, 0.0053687430918216705, 0.005767920985817909, 0.006167098879814148, 0.006566276773810387, 0.006965454667806625, 0.007364632561802864, 0.007763810455799103, 0.008162988349795341, 0.00856216624379158]}, "gradients/conv1.0.weight": {"_type": "histogram", "values": [1.0, 2.0, 3.0, 0.0, 2.0, 2.0, 0.0, 2.0, 0.0, 2.0, 2.0, 0.0, 0.0, 1.0, 1.0, 2.0, 0.0, 1.0, 2.0, 2.0, 2.0, 2.0, 2.0, 3.0, 2.0, 0.0, 0.0, 3.0, 0.0, 2.0, 0.0, 1.0, 6.0, 1.0, 3.0, 3.0, 6.0, 7.0, 8.0, 5.0, 5.0, 8.0, 16.0, 16.0, 13.0, 26.0, 17.0, 33.0, 25.0, 27.0, 20.0, 21.0, 20.0, 12.0, 17.0, 9.0, 7.0, 9.0, 7.0, 4.0, 2.0, 1.0, 1.0, 3.0],