{"gradients/out.bias": {"_type": "histogram", "values": [1.0, 0.0, 0.0, 0.0, 0.0, 0.0, 0.0, 0.0, 0.0, 0.0, 0.0, 0.0, 0.0, 0.0, 0.0, 0.0, 0.0, 0.0, 0.0, 0.0, 0.0, 0.0, 0.0, 0.0, 0.0, 0.0, 0.0, 0.0, 0.0, 0.0, 0.0, 0.0, 0.0, 0.0, 0.0, 0.0, 0.0, 0.0, 0.0, 1.0, 0.0, 0.0, 2.0, 3.0, 0.0, 0.0, 0.0, 0.0, 0.0, 0.0, 1.0, 0.0, 0.0, 0.0, 0.0, 0.0, 0.0, 1.0, 0.0, 0.0, 0.0, 0.0, 0.0, 1.0], "bins": [-0.02102295309305191, -0.020529670640826225, -0.02003638818860054, -0.019543103873729706, -0.01904982142150402, -0.018556538969278336, -0.01806325651705265, -0.017569974064826965, -0.01707669161260128, -0.016583409160375595, -0.01609012670814991, -0.01559684332460165, -0.015103560872375965, -0.014610277488827705, -0.01411699503660202, -0.013623712584376335, -0.013130429200828075, -0.01263714674860239, -0.01214386336505413, -0.011650580912828445, -0.01115729846060276, -0.010664016008377075, -0.010170732624828815, -0.00967745017260313, -0.00918416678905487, -0.008690884336829185, -0.008197600953280926, -0.007704318501055241, -0.0072110360488295555, -0.006717753130942583, -0.006224470213055611, -0.0057311877608299255, -0.00523790530860424, -0.004744622390717268, -0.004251339938491583, -0.0037580570206046104, -0.0032647743355482817, -0.002771491650491953, -0.0022782087326049805, -0.0017849260475486517, -0.0012916438281536102, -0.0007983610848896205, -0.00030507834162563086, 0.00018820445984601974, 0.0006814871449023485, 0.0011747698299586773, 0.0016680527478456497, 0.0021613354329019785, 0.0026546185836195946, 0.0031479012686759233, 0.003641183953732252, 0.0041344668716192245, 0.00462774932384491, 0.005121032241731882, 0.0056143151596188545, 0.00610759761184454, 0.006600880529731512, 0.0070941634476184845, 0.00758744589984417, 0.008080728352069855, 0.008574011735618114, 0.0090672941878438, 0.00956057757139206, 0.010053860023617744, 0.01054714247584343]}, "gradients/out.weight": {"_type": "histogram", "values": [2.0, 1.0, 0.0, 0.0, 0.0, 2.0, 4.0, 2.0, 2.0, 3.0, 2.0, 4.0, 2.0, 4.0, 4.0, 4.0, 7.0, 7.0, 11.0, 11.0, 15.0, 13.0, 15.0, 23.0, 21.0, 23.0, 26.0, 29.0, 49.0, 44.0, 47.0, 54.0, 50.0, 72.0, 93.0, 157.0, 423.0, 12136.0, 1054.0, 393.0, 220.0, 152.0, 114.0, 82.0, 57.0, 55.0, 41.0, 38.0, 30.0, 19.0, 24.0, 11.0, 4.0, 6.0, 7.0, 3.0, 2.0, 1.0, 1.0, 0.0, 0.0, 0.0, 0.0, 4.0], "bins": [-0.11943142861127853, -0.11625813692808151, -0.11308484524488449, -0.10991154611110687, -0.10673825442790985, -0.10356496274471283, -0.10039167106151581, -0.09721837937831879, -0.09404508024454117, -0.09087178856134415, -0.08769849687814713, -0.0845251977443695, -0.08135190606117249, -0.07817861437797546, -0.07500532269477844, -0.07183203101158142, -0.0686587393283844, -0.06548544764518738, -0.06231215223670006, -0.059138860553503036, -0.05596556514501572, -0.052792273461818695, -0.049618981778621674, -0.046445686370134354, -0.043272390961647034, -0.04009909927845001, -0.03692580386996269, -0.03375251218676567, -0.03057921677827835, -0.02740592509508133, -0.02423263154923916, -0.021059338003396988, -0.017886042594909668, -0.014712749049067497, -0.011539455503225327, -0.00836616288870573, -0.00519286934286356, -0.0020195767283439636, 0.001153716817498207, 0.004327010363340378, 0.007500305771827698, 0.010673599317669868, 0.01384689286351204, 0.01702018454670906, 0.02019347995519638, 0.023366771638393402, 0.026540065184235573, 0.029713358730077744, 0.032886650413274765, 0.036059942096471786, 0.039233237504959106, 0.04240652918815613, 0.04557982459664345, 0.04875311627984047, 0.05192641168832779, 0.05509970337152481, 0.05827299505472183, 0.061446286737918854, 0.06461957842111588, 0.0677928775548935, 0.07096616923809052, 0.07413946092128754, 0.07731275260448456, 0.08048604428768158, 0.0836593434214592]}, "gradients/conv2.0.weight": {"_type": "histogram", "values": [2.0, 0.0, 0.0, 0.0, 2.0, 1.0, 1.0, 1.0, 1.0, 4.0, 2.0, 3.0, 4.0, 6.0, 8.0, 7.0, 22.0, 21.0, 36.0, 32.0, 70.0, 74.0, 93.0, 106.0, 135.0, 200.0, 273.0, 321.0, 518.0, 803.0, 1359.0, 2999.0, 1813.0, 1056.0, 756.0, 542.0, 345.0, 256.0, 215.0, 154.0, 94.0, 88.0, 80.0, 65.0, 53.0, 28.0, 36.0, 28.0, 19.0, 9.0, 15.0, 13.0, 8.0, 7.0, 6.0, 3.0, 1.0, 1.0, 1.0, 0.0, 1.0, 0.0, 1.0, 2.0], "bins": [-0.045192502439022064, -0.0437728650867939, -0.042353227734565735, -0.04093359038233757, -0.039513953030109406, -0.03809431940317154, -0.036674678325653076, -0.03525504469871521, -0.033835407346487045, -0.03241576999425888, -0.030996132642030716, -0.02957649528980255, -0.028156859800219536, -0.02673722244799137, -0.025317585095763206, -0.02389794960618019, -0.022478310391306877, -0.021058673039078712, -0.019639035686850548, -0.018219400197267532, -0.016799762845039368, -0.015380125492811203, -0.013960488140583038, -0.012540851719677448, -0.011121213436126709, -0.009701576083898544, -0.008281939662992954, -0.00686230231076479, -0.005442665424197912, -0.004023028537631035, -0.00260339118540287, -0.0011837547644972801, 0.00023588165640830994, 0.0016555186593905091, 0.0030751556623727083, 0.004494792781770229, 0.005914429668337107, 0.007334066554903984, 0.008753703907132149, 0.010173340328037739, 0.011592976748943329, 0.013012614101171494, 0.014432250522077084, 0.015851888805627823, 0.01727152429521084, 0.018691161647439003, 0.020110798999667168, 0.021530434489250183, 0.022950073704123497, 0.02436971105635166, 0.025789348408579826, 0.027208983898162842, 0.028628621250391006, 0.03004825860261917, 0.031467895954847336, 0.0328875333070755, 0.034307170659303665, 0.03572680801153183, 0.037146445363759995, 0.03856608271598816, 0.039985720068216324, 0.04140535742044449, 0.042824991047382355, 0.04424462839961052, 0.045664265751838684]}, "gradients/conv2.0.bias": {"_type": "histogram", "values": [1.0, 0.0, 0.0, 0.0, 0.0, 0.0, 0.0, 0.0, 1.0, 0.0, 0.0, 0.0, 0.0, 0.0, 0.0, 1.0, 0.0, 0.0, 0.0, 1.0, 0.0, 0.0, 2.0, 0.0, 1.0, 1.0, 1.0, 0.0, 0.0, 0.0, 1.0, 1.0, 0.0, 2.0, 1.0, 0.0, 3.0, 3.0, 1.0, 0.0, 0.0, 1.0, 1.0, 1.0, 0.0, 0.0, 0.0, 1.0, 0.0, 0.0, 1.0, 1.0, 1.0, 0.0, 2.0, 0.0, 0.0, 1.0, 0.0, 0.0, 0.0, 0.0, 0.0, 1.0], "bins": [-0.018260085955262184, -0.017791394144296646, -0.017322702333331108, -0.01685401052236557, -0.016385316848754883, -0.015916625037789345, -0.015447933226823807, -0.014979241415858269, -0.01451054960489273, -0.014041857793927193, -0.013573165982961655, -0.013104473240673542, -0.012635781429708004, -0.012167089618742466, -0.011698396876454353, -0.011229705065488815, -0.010761013254523277, -0.01029232144355774, -0.009823629632592201, -0.009354936890304089, -0.00888624507933855, -0.008417553268373013, -0.0079488605260849, -0.007480168715119362, -0.007011476904153824, -0.006542785093188286, -0.0060740928165614605, -0.005605400539934635, -0.005136708728969097, -0.004668016918003559, -0.004199324641376734, -0.003730632597580552, -0.0032619405537843704, -0.0027932485099881887, -0.002324556466192007, -0.0018558644223958254, -0.0013871723785996437, -0.000918480334803462, -0.00044978829100728035, 1.890375278890133e-05, 0.000487595796585083, 0.0009562878403812647, 0.0014249798841774464, 0.001893671927973628, 0.0023623639717698097, 0.0028310560155659914, 0.003299748059362173, 0.0037684401031583548, 0.0042371321469545364, 0.0047058239579200745, 0.0051745162345469, 0.005643208511173725, 0.006111900322139263, 0.006580592133104801, 0.0070492844097316265, 0.007517976686358452, 0.00798666849732399, 0.008455360308289528, 0.008924052119255066, 0.009392744861543179, 0.009861436672508717, 0.010330128483474255, 0.010798821225762367, 0.011267513036727905, 0.011736204847693443]}, "gradients/conv1.0.weight": {"_type": "histogram", "values": [1.0, 0.0, 1.0, 0.0, 0.0, 3.0, 1.0, 1.0, 2.0, 0.0, 1.0, 3.0, 0.0, 1.0, 2.0, 1.0, 3.0, 2.0, 2.0, 0.0, 2.0, 2.0, 2.0, 2.0, 3.0, 4.0, 3.0, 5.0, 11.0, 12.0, 11.0, 25.0, 12.0, 14.0, 21.0, 29.0, 26.0, 22.0, 22.0, 25.0, 19.0, 23.0, 13.0, 12.0, 10.0, 7.0, 3.0, 5.0, 6.0, 3.0, 3.0, 2.0, 2.0, 1.0, 4.0, 0.0, 2.0, 4.0, 1.0, 0.0, 0.0, 0.0, 1.0, 2.0],