{"gradients/out.bias": {"_type": "histogram", "values": [1.0, 0.0, 0.0, 0.0, 0.0, 0.0, 0.0, 0.0, 0.0, 0.0, 0.0, 0.0, 0.0, 0.0, 0.0, 0.0, 0.0, 0.0, 0.0, 0.0, 0.0, 1.0, 0.0, 0.0, 0.0, 1.0, 0.0, 0.0, 0.0, 1.0, 0.0, 1.0, 0.0, 0.0, 0.0, 0.0, 0.0, 0.0, 1.0, 0.0, 0.0, 0.0, 1.0, 0.0, 0.0, 0.0, 0.0, 0.0, 1.0, 0.0, 0.0, 0.0, 0.0, 0.0, 0.0, 0.0, 0.0, 0.0, 1.0, 0.0, 0.0, 0.0, 0.0, 1.0], "bins": [-0.03858571499586105, -0.037516478449106216, -0.03644724190235138, -0.03537800535559654, -0.034308768808841705, -0.03323953226208687, -0.03217029571533203, -0.031101061031222343, -0.030031824484467506, -0.02896258793771267, -0.027893351390957832, -0.026824114844202995, -0.025754880160093307, -0.02468564361333847, -0.023616407066583633, -0.022547170519828796, -0.02147793397307396, -0.020408697426319122, -0.019339460879564285, -0.018270224332809448, -0.01720098778605461, -0.016131751239299774, -0.015062516555190086, -0.01399328000843525, -0.012924043461680412, -0.011854806914925575, -0.010785570368170738, -0.009716334752738476, -0.008647098205983639, -0.007577861659228802, -0.006508625578135252, -0.005439389497041702, -0.004370149224996567, -0.0033009129110723734, -0.00223167659714818, -0.0011624402832239866, -9.320396929979324e-05, 0.0009760325774550438, 0.0020452686585485935, 0.0031145047396421432, 0.00418374128639698, 0.005252977833151817, 0.006322213914245367, 0.007391449995338917, 0.008460686542093754, 0.00952992308884859, 0.010599158704280853, 0.01166839525103569, 0.012737631797790527, 0.013806868344545364, 0.014876104891300201, 0.01594534143805504, 0.017014577984809875, 0.018083814531564713, 0.0191530492156744, 0.020222285762429237, 0.021291522309184074, 0.02236075885593891, 0.02342999540269375, 0.024499231949448586, 0.025568466633558273, 0.02663770318031311, 0.027706939727067947, 0.028776176273822784, 0.02984541282057762]}, "gradients/out.weight": {"_type": "histogram", "values": [1.0, 0.0, 1.0, 0.0, 1.0, 0.0, 0.0, 0.0, 2.0, 1.0, 1.0, 0.0, 2.0, 5.0, 0.0, 4.0, 6.0, 5.0, 7.0, 11.0, 18.0, 18.0, 25.0, 41.0, 36.0, 56.0, 70.0, 101.0, 132.0, 203.0, 265.0, 432.0, 590.0, 845.0, 1630.0, 7295.0, 1475.0, 692.0, 482.0, 322.0, 248.0, 187.0, 149.0, 99.0, 67.0, 60.0, 34.0, 24.0, 9.0, 7.0, 2.0, 4.0, 3.0, 4.0, 3.0, 1.0, 0.0, 0.0, 0.0, 1.0, 1.0, 1.0, 0.0, 1.0], "bins": [-0.19585144519805908, -0.19030115008354187, -0.18475085496902466, -0.17920057475566864, -0.17365027964115143, -0.16809998452663422, -0.162549689412117, -0.156999409198761, -0.15144911408424377, -0.14589881896972656, -0.14034852385520935, -0.13479824364185333, -0.12924794852733612, -0.12369765341281891, -0.1181473582983017, -0.11259707063436508, -0.10704677551984787, -0.10149648040533066, -0.09594619274139404, -0.09039589762687683, -0.08484560996294022, -0.079295314848423, -0.07374502718448639, -0.06819473206996918, -0.06264443695545197, -0.05709414556622505, -0.05154385417699814, -0.045993559062480927, -0.04044327139854431, -0.0348929762840271, -0.029342684894800186, -0.023792393505573273, -0.018242105841636658, -0.012691814452409744, -0.007141522131860256, -0.0015912298113107681, 0.003959061577916145, 0.009509352967143059, 0.015059646219015121, 0.020609937608242035, 0.02616022527217865, 0.03171051666140556, 0.03726080805063248, 0.04281110316514969, 0.048361390829086304, 0.053911685943603516, 0.05946197733283043, 0.06501226872205734, 0.07056256383657455, 0.07611285895109177, 0.08166314661502838, 0.0872134417295456, 0.09276372939348221, 0.09831402450799942, 0.10386431217193604, 0.10941460728645325, 0.11496490240097046, 0.12051519751548767, 0.12606549263000488, 0.1316157728433609, 0.1371660679578781, 0.14271636307239532, 0.14826665818691254, 0.15381693840026855, 0.15936723351478577]}, "gradients/conv2.0.weight": {"_type": "histogram", "values": [2.0, 1.0, 1.0, 8.0, 4.0, 7.0, 6.0, 9.0, 16.0, 33.0, 41.0, 45.0, 79.0, 87.0, 133.0, 213.0, 264.0, 335.0, 468.0, 613.0, 857.0, 1134.0, 1388.0, 1394.0, 1232.0, 908.0, 749.0, 573.0, 452.0, 345.0, 284.0, 244.0, 196.0, 128.0, 115.0, 81.0, 68.0, 59.0, 46.0, 32.0, 38.0, 29.0, 13.0, 17.0, 11.0, 5.0, 9.0, 5.0, 6.0, 3.0, 2.0, 2.0, 1.0, 3.0, 0.0, 2.0, 1.0, 2.0, 0.0, 0.0, 0.0, 0.0, 0.0, 1.0], "bins": [-0.01538652740418911, -0.014718840830028057, -0.014051154255867004, -0.013383468613028526, -0.012715781107544899, -0.012048095464706421, -0.011380408890545368, -0.010712722316384315, -0.010045035742223263, -0.00937734916806221, -0.008709662593901157, -0.008041976019740105, -0.007374289911240339, -0.006706603337079287, -0.006038917228579521, -0.0053712306544184685, -0.004703544080257416, -0.004035857506096363, -0.003368171164765954, -0.002700484823435545, -0.0020327982492744923, -0.0013651116751134396, -0.0006974255666136742, -2.973899245262146e-05, 0.0006379466503858566, 0.0013056331081315875, 0.0019733195658773184, 0.0026410059072077274, 0.00330869248136878, 0.003976379055529833, 0.004644065164029598, 0.005311751738190651, 0.005979439243674278, 0.006647125817835331, 0.007314812391996384, 0.007982498034834862, 0.008650185540318489, 0.009317871183156967, 0.00998555775731802, 0.010653244331479073, 0.0113209318369627, 0.011988618411123753, 0.012656304985284805, 0.013323990628123283, 0.01399167813360691, 0.014659363776445389, 0.015327050350606441, 0.015994736924767494, 0.016662422567605972, 0.01733010821044445, 0.017997795715928078, 0.018665481358766556, 0.019333168864250183, 0.02000085450708866, 0.02066854014992714, 0.021336227655410767, 0.022003915160894394, 0.022671600803732872, 0.0233392883092165, 0.024006973952054977, 0.024674661457538605, 0.025342347100377083, 0.02601003274321556, 0.026677720248699188, 0.027345405891537666]}, "gradients/conv2.0.bias": {"_type": "histogram", "values": [2.0, 0.0, 0.0, 0.0, 1.0, 0.0, 0.0, 0.0, 0.0, 0.0, 0.0, 0.0, 1.0, 0.0, 0.0, 0.0, 0.0, 0.0, 2.0, 1.0, 1.0, 1.0, 0.0, 0.0, 0.0, 0.0, 0.0, 0.0, 2.0, 1.0, 2.0, 3.0, 0.0, 0.0, 1.0, 2.0, 0.0, 1.0, 0.0, 1.0, 1.0, 0.0, 0.0, 0.0, 0.0, 2.0, 0.0, 0.0, 0.0, 0.0, 0.0, 0.0, 1.0, 0.0, 0.0, 0.0, 1.0, 0.0, 0.0, 3.0, 0.0, 1.0, 0.0, 1.0], "bins": [-0.012414076365530491, -0.011991133913397789, -0.011568190529942513, -0.01114524807780981, -0.010722305625677109, -0.010299362242221832, -0.00987641979008913, -0.009453477337956429, -0.009030534885823727, -0.008607592433691025, -0.008184649050235748, -0.007761706598103046, -0.0073387641459703445, -0.006915821228176355, -0.006492878310382366, -0.006069935858249664, -0.005646992940455675, -0.005224050022661686, -0.004801107570528984, -0.004378164652734995, -0.003955222200602293, -0.003532279282808304, -0.0031093365978449583, -0.0026863939128816128, -0.0022634509950876236, -0.001840508310124278, -0.0014175656251609325, -0.0009946228237822652, -0.0005716801388189197, -0.0001487373374402523, 0.0002742053475230932, 0.0006971480324864388, 0.0011200904846191406, 0.0015430331695824862, 0.0019659758545458317, 0.002388918772339821, 0.0028118612244725227, 0.003234804142266512, 0.0036577468272298574, 0.004080689512193203, 0.004503631964325905, 0.004926574882119894, 0.005349517334252596, 0.005772460252046585, 0.006195402704179287, 0.006618345621973276, 0.007041288539767265, 0.007464230991899967, 0.007887173444032669, 0.008310115896165371, 0.008733059279620647, 0.00915600173175335, 0.009578944183886051, 0.010001886636018753, 0.01042483001947403, 0.010847772471606731, 0.011270715855062008, 0.01169365830719471, 0.012116601690649986, 0.012539544142782688, 0.01296248659491539, 0.013385429978370667, 0.013808372430503368, 0.01423131488263607, 0.014654257334768772]}, "gradients/conv1.0.weight": {"_type": "histogram", "values": [6.0, 4.0, 1.0, 0.0, 2.0, 5.0, 3.0, 12.0, 5.0, 9.0, 12.0, 7.0, 23.0, 18.0, 12.0, 23.0, 24.0, 21.0, 15.0, 23.0, 22.0, 20.0, 10.0, 18.0, 24.0, 14.0, 17.0, 16.0, 5.0, 10.0, 2.0, 1.0, 2.0, 2.0, 1.0, 2.0, 1.0, 0.0, 1.0, 0.0, 0.0, 0.0, 0.0, 0.0, 1.0, 0.0, 1.0, 0.0, 0.0, 0.0, 0.0, 0.0, 0.0, 0.0, 0.0, 0.0, 0.0, 0.0, 1.0, 0.0, 0.0, 0.0, 2.0, 2.0],